* Getting build dependencies for sdist...
running egg_info
writing src/spacedatanetwork_astro.egg-info/PKG-INFO
writing dependency_links to src/spacedatanetwork_astro.egg-info/dependency_links.txt
writing entry points to src/spacedatanetwork_astro.egg-info/entry_points.txt
writing requirements to src/spacedatanetwork_astro.egg-info/requires.txt
writing top-level names to src/spacedatanetwork_astro.egg-info/top_level.txt
reading manifest file 'src/spacedatanetwork_astro.egg-info/SOURCES.txt'
reading manifest template 'MANIFEST.in'
writing manifest file 'src/spacedatanetwork_astro.egg-info/SOURCES.txt'
* Building sdist...
PASS: staged 9 hash-pinned SDK module artifacts
running sdist
running egg_info
writing src/spacedatanetwork_astro.egg-info/PKG-INFO
writing dependency_links to src/spacedatanetwork_astro.egg-info/dependency_links.txt
writing entry points to src/spacedatanetwork_astro.egg-info/entry_points.txt
writing requirements to src/spacedatanetwork_astro.egg-info/requires.txt
writing top-level names to src/spacedatanetwork_astro.egg-info/top_level.txt
reading manifest file 'src/spacedatanetwork_astro.egg-info/SOURCES.txt'
reading manifest template 'MANIFEST.in'
writing manifest file 'src/spacedatanetwork_astro.egg-info/SOURCES.txt'
running check
creating spacedatanetwork_astro-0.1.0.dev0+modules.e4612363998b.af1dde329812d
creating spacedatanetwork_astro-0.1.0.dev0+modules.e4612363998b.af1dde329812d/docs
creating spacedatanetwork_astro-0.1.0.dev0+modules.e4612363998b.af1dde329812d/docs/evidence
creating spacedatanetwork_astro-0.1.0.dev0+modules.e4612363998b.af1dde329812d/docs/evidence/parity
creating spacedatanetwork_astro-0.1.0.dev0+modules.e4612363998b.af1dde329812d/docs/evidence/second-pass-baseline
creating spacedatanetwork_astro-0.1.0.dev0+modules.e4612363998b.af1dde329812d/docs/evidence/second-pass-parity
creating spacedatanetwork_astro-0.1.0.dev0+modules.e4612363998b.af1dde329812d/examples
creating spacedatanetwork_astro-0.1.0.dev0+modules.e4612363998b.af1dde329812d/scripts
creating spacedatanetwork_astro-0.1.0.dev0+modules.e4612363998b.af1dde329812d/src/spacedatanetwork_astro
creating spacedatanetwork_astro-0.1.0.dev0+modules.e4612363998b.af1dde329812d/src/spacedatanetwork_astro.egg-info
creating spacedatanetwork_astro-0.1.0.dev0+modules.e4612363998b.af1dde329812d/src/spacedatanetwork_astro/artifacts/analysis-access
creating spacedatanetwork_astro-0.1.0.dev0+modules.e4612363998b.af1dde329812d/src/spacedatanetwork_astro/artifacts/analysis-conjunction-assessment
creating spacedatanetwork_astro-0.1.0.dev0+modules.e4612363998b.af1dde329812d/src/spacedatanetwork_astro/artifacts/analysis-estimation
creating spacedatanetwork_astro-0.1.0.dev0+modules.e4612363998b.af1dde329812d/src/spacedatanetwork_astro/artifacts/analysis-lambert-izzo
creating spacedatanetwork_astro-0.1.0.dev0+modules.e4612363998b.af1dde329812d/src/spacedatanetwork_astro/artifacts/foundation-frames
creating spacedatanetwork_astro-0.1.0.dev0+modules.e4612363998b.af1dde329812d/src/spacedatanetwork_astro/artifacts/foundation-time
creating spacedatanetwork_astro-0.1.0.dev0+modules.e4612363998b.af1dde329812d/src/spacedatanetwork_astro/artifacts/propagator-events
creating spacedatanetwork_astro-0.1.0.dev0+modules.e4612363998b.af1dde329812d/src/spacedatanetwork_astro/artifacts/propagator-hpop
creating spacedatanetwork_astro-0.1.0.dev0+modules.e4612363998b.af1dde329812d/src/spacedatanetwork_astro/artifacts/propagator-sgp4
creating spacedatanetwork_astro-0.1.0.dev0+modules.e4612363998b.af1dde329812d/src/spacedatanetwork_astro/invoke
creating spacedatanetwork_astro-0.1.0.dev0+modules.e4612363998b.af1dde329812d/src/spacedatanetwork_astro/invoke/legacy
creating spacedatanetwork_astro-0.1.0.dev0+modules.e4612363998b.af1dde329812d/src/spacedatanetwork_astro/invoke/legacy/orbpro
creating spacedatanetwork_astro-0.1.0.dev0+modules.e4612363998b.af1dde329812d/src/spacedatanetwork_astro/invoke/legacy/orbpro/propagator
creating spacedatanetwork_astro-0.1.0.dev0+modules.e4612363998b.af1dde329812d/src/spacedatanetwork_astro/invoke/orbpro
creating spacedatanetwork_astro-0.1.0.dev0+modules.e4612363998b.af1dde329812d/src/spacedatanetwork_astro/invoke/orbpro/conjunction
creating spacedatanetwork_astro-0.1.0.dev0+modules.e4612363998b.af1dde329812d/src/spacedatanetwork_astro/invoke/orbpro/entity
creating spacedatanetwork_astro-0.1.0.dev0+modules.e4612363998b.af1dde329812d/src/spacedatanetwork_astro/invoke/orbpro/estimation
creating spacedatanetwork_astro-0.1.0.dev0+modules.e4612363998b.af1dde329812d/src/spacedatanetwork_astro/invoke/orbpro/events
creating spacedatanetwork_astro-0.1.0.dev0+modules.e4612363998b.af1dde329812d/src/spacedatanetwork_astro/invoke/orbpro/plugin
creating spacedatanetwork_astro-0.1.0.dev0+modules.e4612363998b.af1dde329812d/src/spacedatanetwork_astro/invoke/orbpro/plugins
creating spacedatanetwork_astro-0.1.0.dev0+modules.e4612363998b.af1dde329812d/src/spacedatanetwork_astro/invoke/orbpro/propagator
creating spacedatanetwork_astro-0.1.0.dev0+modules.e4612363998b.af1dde329812d/src/spacedatanetwork_astro/invoke/orbpro/query
creating spacedatanetwork_astro-0.1.0.dev0+modules.e4612363998b.af1dde329812d/src/spacedatanetwork_astro/sds
creating spacedatanetwork_astro-0.1.0.dev0+modules.e4612363998b.af1dde329812d/src/spacedatanetwork_astro/sds/ACW
creating spacedatanetwork_astro-0.1.0.dev0+modules.e4612363998b.af1dde329812d/src/spacedatanetwork_astro/sds/CAT
creating spacedatanetwork_astro-0.1.0.dev0+modules.e4612363998b.af1dde329812d/src/spacedatanetwork_astro/sds/CDM
creating spacedatanetwork_astro-0.1.0.dev0+modules.e4612363998b.af1dde329812d/src/spacedatanetwork_astro/sds/CRD
creating spacedatanetwork_astro-0.1.0.dev0+modules.e4612363998b.af1dde329812d/src/spacedatanetwork_astro/sds/CSM
creating spacedatanetwork_astro-0.1.0.dev0+modules.e4612363998b.af1dde329812d/src/spacedatanetwork_astro/sds/EOP
creating spacedatanetwork_astro-0.1.0.dev0+modules.e4612363998b.af1dde329812d/src/spacedatanetwork_astro/sds/EVL
creating spacedatanetwork_astro-0.1.0.dev0+modules.e4612363998b.af1dde329812d/src/spacedatanetwork_astro/sds/FRM
creating spacedatanetwork_astro-0.1.0.dev0+modules.e4612363998b.af1dde329812d/src/spacedatanetwork_astro/sds/LMO
creating spacedatanetwork_astro-0.1.0.dev0+modules.e4612363998b.af1dde329812d/src/spacedatanetwork_astro/sds/LMS
creating spacedatanetwork_astro-0.1.0.dev0+modules.e4612363998b.af1dde329812d/src/spacedatanetwork_astro/sds/MEM
creating spacedatanetwork_astro-0.1.0.dev0+modules.e4612363998b.af1dde329812d/src/spacedatanetwork_astro/sds/NCD
creating spacedatanetwork_astro-0.1.0.dev0+modules.e4612363998b.af1dde329812d/src/spacedatanetwork_astro/sds/OCM
creating spacedatanetwork_astro-0.1.0.dev0+modules.e4612363998b.af1dde329812d/src/spacedatanetwork_astro/sds/ODR
creating spacedatanetwork_astro-0.1.0.dev0+modules.e4612363998b.af1dde329812d/src/spacedatanetwork_astro/sds/OEM
creating spacedatanetwork_astro-0.1.0.dev0+modules.e4612363998b.af1dde329812d/src/spacedatanetwork_astro/sds/OMM
creating spacedatanetwork_astro-0.1.0.dev0+modules.e4612363998b.af1dde329812d/src/spacedatanetwork_astro/sds/PCE
creating spacedatanetwork_astro-0.1.0.dev0+modules.e4612363998b.af1dde329812d/src/spacedatanetwork_astro/sds/PIV
creating spacedatanetwork_astro-0.1.0.dev0+modules.e4612363998b.af1dde329812d/src/spacedatanetwork_astro/sds/REC
creating spacedatanetwork_astro-0.1.0.dev0+modules.e4612363998b.af1dde329812d/src/spacedatanetwork_astro/sds/RFM
creating spacedatanetwork_astro-0.1.0.dev0+modules.e4612363998b.af1dde329812d/src/spacedatanetwork_astro/sds/TAB
creating spacedatanetwork_astro-0.1.0.dev0+modules.e4612363998b.af1dde329812d/src/spacedatanetwork_astro/sds/TDM
creating spacedatanetwork_astro-0.1.0.dev0+modules.e4612363998b.af1dde329812d/src/spacedatanetwork_astro/sds/TIM
creating spacedatanetwork_astro-0.1.0.dev0+modules.e4612363998b.af1dde329812d/src/spacedatanetwork_astro/sds/TRH
creating spacedatanetwork_astro-0.1.0.dev0+modules.e4612363998b.af1dde329812d/tests
creating spacedatanetwork_astro-0.1.0.dev0+modules.e4612363998b.af1dde329812d/tests/fixtures
copying files to spacedatanetwork_astro-0.1.0.dev0+modules.e4612363998b.af1dde329812d...
copying MANIFEST.in -> spacedatanetwork_astro-0.1.0.dev0+modules.e4612363998b.af1dde329812d
copying README.md -> spacedatanetwork_astro-0.1.0.dev0+modules.e4612363998b.af1dde329812d
copying build_backend.py -> spacedatanetwork_astro-0.1.0.dev0+modules.e4612363998b.af1dde329812d
copying prepare_artifacts.py -> spacedatanetwork_astro-0.1.0.dev0+modules.e4612363998b.af1dde329812d
copying pyproject.toml -> spacedatanetwork_astro-0.1.0.dev0+modules.e4612363998b.af1dde329812d
copying docs/authoritative-vectors.md -> spacedatanetwork_astro-0.1.0.dev0+modules.e4612363998b.af1dde329812d/docs
copying docs/dependencies.md -> spacedatanetwork_astro-0.1.0.dev0+modules.e4612363998b.af1dde329812d/docs
copying docs/dependency-audit.json -> spacedatanetwork_astro-0.1.0.dev0+modules.e4612363998b.af1dde329812d/docs
copying docs/sds-generation.md -> spacedatanetwork_astro-0.1.0.dev0+modules.e4612363998b.af1dde329812d/docs
copying docs/verification.md -> spacedatanetwork_astro-0.1.0.dev0+modules.e4612363998b.af1dde329812d/docs
copying docs/evidence/evidence-analysis-estimation.log -> spacedatanetwork_astro-0.1.0.dev0+modules.e4612363998b.af1dde329812d/docs/evidence
copying docs/evidence/existing-module-checks.json -> spacedatanetwork_astro-0.1.0.dev0+modules.e4612363998b.af1dde329812d/docs/evidence
copying docs/evidence/numerical-analysis-access.log -> spacedatanetwork_astro-0.1.0.dev0+modules.e4612363998b.af1dde329812d/docs/evidence
copying docs/evidence/numerical-analysis-conjunction-assessment.log -> spacedatanetwork_astro-0.1.0.dev0+modules.e4612363998b.af1dde329812d/docs/evidence
copying docs/evidence/numerical-analysis-lambert-izzo.log -> spacedatanetwork_astro-0.1.0.dev0+modules.e4612363998b.af1dde329812d/docs/evidence
copying docs/evidence/numerical-foundation-frames.log -> spacedatanetwork_astro-0.1.0.dev0+modules.e4612363998b.af1dde329812d/docs/evidence
copying docs/evidence/numerical-foundation-time.log -> spacedatanetwork_astro-0.1.0.dev0+modules.e4612363998b.af1dde329812d/docs/evidence
copying docs/evidence/numerical-native-analysis-estimation.log -> spacedatanetwork_astro-0.1.0.dev0+modules.e4612363998b.af1dde329812d/docs/evidence
copying docs/evidence/numerical-propagator-events.log -> spacedatanetwork_astro-0.1.0.dev0+modules.e4612363998b.af1dde329812d/docs/evidence
copying docs/evidence/numerical-propagator-hpop.log -> spacedatanetwork_astro-0.1.0.dev0+modules.e4612363998b.af1dde329812d/docs/evidence
copying docs/evidence/numerical-propagator-sgp4.log -> spacedatanetwork_astro-0.1.0.dev0+modules.e4612363998b.af1dde329812d/docs/evidence
copying docs/evidence/sdk-analysis-access.log -> spacedatanetwork_astro-0.1.0.dev0+modules.e4612363998b.af1dde329812d/docs/evidence
copying docs/evidence/sdk-analysis-conjunction-assessment.log -> spacedatanetwork_astro-0.1.0.dev0+modules.e4612363998b.af1dde329812d/docs/evidence
copying docs/evidence/sdk-analysis-lambert-izzo.log -> spacedatanetwork_astro-0.1.0.dev0+modules.e4612363998b.af1dde329812d/docs/evidence
copying docs/evidence/sdk-foundation-frames.log -> spacedatanetwork_astro-0.1.0.dev0+modules.e4612363998b.af1dde329812d/docs/evidence
copying docs/evidence/sdk-foundation-time.log -> spacedatanetwork_astro-0.1.0.dev0+modules.e4612363998b.af1dde329812d/docs/evidence
copying docs/evidence/sdk-propagator-hpop.log -> spacedatanetwork_astro-0.1.0.dev0+modules.e4612363998b.af1dde329812d/docs/evidence
copying docs/evidence/sdk-propagator-sgp4.log -> spacedatanetwork_astro-0.1.0.dev0+modules.e4612363998b.af1dde329812d/docs/evidence
copying docs/evidence/second-pass-api-contract.log -> spacedatanetwork_astro-0.1.0.dev0+modules.e4612363998b.af1dde329812d/docs/evidence
copying docs/evidence/second-pass-python-contracts.log -> spacedatanetwork_astro-0.1.0.dev0+modules.e4612363998b.af1dde329812d/docs/evidence
copying docs/evidence/second-pass-python.log -> spacedatanetwork_astro-0.1.0.dev0+modules.e4612363998b.af1dde329812d/docs/evidence
copying docs/evidence/second-pass-runtime.log -> spacedatanetwork_astro-0.1.0.dev0+modules.e4612363998b.af1dde329812d/docs/evidence
copying docs/evidence/second-pass-sdist-build.log -> spacedatanetwork_astro-0.1.0.dev0+modules.e4612363998b.af1dde329812d/docs/evidence
copying docs/evidence/second-pass-vendoring.log -> spacedatanetwork_astro-0.1.0.dev0+modules.e4612363998b.af1dde329812d/docs/evidence
copying docs/evidence/second-pass-wheel-build.log -> spacedatanetwork_astro-0.1.0.dev0+modules.e4612363998b.af1dde329812d/docs/evidence
copying docs/evidence/parity/analysis-access.log -> spacedatanetwork_astro-0.1.0.dev0+modules.e4612363998b.af1dde329812d/docs/evidence/parity
copying docs/evidence/parity/analysis-conjunction-assessment.log -> spacedatanetwork_astro-0.1.0.dev0+modules.e4612363998b.af1dde329812d/docs/evidence/parity
copying docs/evidence/parity/analysis-estimation.log -> spacedatanetwork_astro-0.1.0.dev0+modules.e4612363998b.af1dde329812d/docs/evidence/parity
copying docs/evidence/parity/analysis-lambert-izzo.log -> spacedatanetwork_astro-0.1.0.dev0+modules.e4612363998b.af1dde329812d/docs/evidence/parity
copying docs/evidence/parity/foundation-frames.log -> spacedatanetwork_astro-0.1.0.dev0+modules.e4612363998b.af1dde329812d/docs/evidence/parity
copying docs/evidence/parity/foundation-time.log -> spacedatanetwork_astro-0.1.0.dev0+modules.e4612363998b.af1dde329812d/docs/evidence/parity
copying docs/evidence/parity/parity-checks.json -> spacedatanetwork_astro-0.1.0.dev0+modules.e4612363998b.af1dde329812d/docs/evidence/parity
copying docs/evidence/parity/propagator-events.log -> spacedatanetwork_astro-0.1.0.dev0+modules.e4612363998b.af1dde329812d/docs/evidence/parity
copying docs/evidence/parity/propagator-hpop.log -> spacedatanetwork_astro-0.1.0.dev0+modules.e4612363998b.af1dde329812d/docs/evidence/parity
copying docs/evidence/parity/propagator-sgp4.log -> spacedatanetwork_astro-0.1.0.dev0+modules.e4612363998b.af1dde329812d/docs/evidence/parity
copying docs/evidence/second-pass-baseline/README.md -> spacedatanetwork_astro-0.1.0.dev0+modules.e4612363998b.af1dde329812d/docs/evidence/second-pass-baseline
copying docs/evidence/second-pass-baseline/access-build-checks.json -> spacedatanetwork_astro-0.1.0.dev0+modules.e4612363998b.af1dde329812d/docs/evidence/second-pass-baseline
copying docs/evidence/second-pass-baseline/analysis-access.log -> spacedatanetwork_astro-0.1.0.dev0+modules.e4612363998b.af1dde329812d/docs/evidence/second-pass-baseline
copying docs/evidence/second-pass-baseline/analysis-conjunction-assessment.log -> spacedatanetwork_astro-0.1.0.dev0+modules.e4612363998b.af1dde329812d/docs/evidence/second-pass-baseline
copying docs/evidence/second-pass-baseline/analysis-lambert-izzo.log -> spacedatanetwork_astro-0.1.0.dev0+modules.e4612363998b.af1dde329812d/docs/evidence/second-pass-baseline
copying docs/evidence/second-pass-baseline/artifact-section-differences.json -> spacedatanetwork_astro-0.1.0.dev0+modules.e4612363998b.af1dde329812d/docs/evidence/second-pass-baseline
copying docs/evidence/second-pass-baseline/baseline-checks.json -> spacedatanetwork_astro-0.1.0.dev0+modules.e4612363998b.af1dde329812d/docs/evidence/second-pass-baseline
copying docs/evidence/second-pass-baseline/build-analysis-access-missing-include.log -> spacedatanetwork_astro-0.1.0.dev0+modules.e4612363998b.af1dde329812d/docs/evidence/second-pass-baseline
copying docs/evidence/second-pass-baseline/build-analysis-access.log -> spacedatanetwork_astro-0.1.0.dev0+modules.e4612363998b.af1dde329812d/docs/evidence/second-pass-baseline
copying docs/evidence/second-pass-baseline/build-analysis-conjunction-assessment.log -> spacedatanetwork_astro-0.1.0.dev0+modules.e4612363998b.af1dde329812d/docs/evidence/second-pass-baseline
copying docs/evidence/second-pass-baseline/build-analysis-estimation.log -> spacedatanetwork_astro-0.1.0.dev0+modules.e4612363998b.af1dde329812d/docs/evidence/second-pass-baseline
copying docs/evidence/second-pass-baseline/build-analysis-lambert-izzo.log -> spacedatanetwork_astro-0.1.0.dev0+modules.e4612363998b.af1dde329812d/docs/evidence/second-pass-baseline
copying docs/evidence/second-pass-baseline/build-checks.json -> spacedatanetwork_astro-0.1.0.dev0+modules.e4612363998b.af1dde329812d/docs/evidence/second-pass-baseline
copying docs/evidence/second-pass-baseline/build-foundation-frames.log -> spacedatanetwork_astro-0.1.0.dev0+modules.e4612363998b.af1dde329812d/docs/evidence/second-pass-baseline
copying docs/evidence/second-pass-baseline/build-foundation-time.log -> spacedatanetwork_astro-0.1.0.dev0+modules.e4612363998b.af1dde329812d/docs/evidence/second-pass-baseline
copying docs/evidence/second-pass-baseline/build-propagator-events.log -> spacedatanetwork_astro-0.1.0.dev0+modules.e4612363998b.af1dde329812d/docs/evidence/second-pass-baseline
copying docs/evidence/second-pass-baseline/build-propagator-hpop.log -> spacedatanetwork_astro-0.1.0.dev0+modules.e4612363998b.af1dde329812d/docs/evidence/second-pass-baseline
copying docs/evidence/second-pass-baseline/build-propagator-sgp4.log -> spacedatanetwork_astro-0.1.0.dev0+modules.e4612363998b.af1dde329812d/docs/evidence/second-pass-baseline
copying docs/evidence/second-pass-baseline/committed-events-check.json -> spacedatanetwork_astro-0.1.0.dev0+modules.e4612363998b.af1dde329812d/docs/evidence/second-pass-baseline
copying docs/evidence/second-pass-baseline/committed-propagator-events.log -> spacedatanetwork_astro-0.1.0.dev0+modules.e4612363998b.af1dde329812d/docs/evidence/second-pass-baseline
copying docs/evidence/second-pass-baseline/layout-adapted-analysis-access.log -> spacedatanetwork_astro-0.1.0.dev0+modules.e4612363998b.af1dde329812d/docs/evidence/second-pass-baseline
copying docs/evidence/second-pass-baseline/layout-adapted-published-sds-analysis-access.log -> spacedatanetwork_astro-0.1.0.dev0+modules.e4612363998b.af1dde329812d/docs/evidence/second-pass-baseline
copying docs/evidence/second-pass-baseline/npm-sds-1.217.log -> spacedatanetwork_astro-0.1.0.dev0+modules.e4612363998b.af1dde329812d/docs/evidence/second-pass-baseline
copying docs/evidence/second-pass-baseline/postbuild-analysis-access.log -> spacedatanetwork_astro-0.1.0.dev0+modules.e4612363998b.af1dde329812d/docs/evidence/second-pass-baseline
copying docs/evidence/second-pass-baseline/postbuild-analysis-conjunction-assessment.log -> spacedatanetwork_astro-0.1.0.dev0+modules.e4612363998b.af1dde329812d/docs/evidence/second-pass-baseline
copying docs/evidence/second-pass-baseline/postbuild-analysis-estimation.log -> spacedatanetwork_astro-0.1.0.dev0+modules.e4612363998b.af1dde329812d/docs/evidence/second-pass-baseline
copying docs/evidence/second-pass-baseline/postbuild-analysis-lambert-izzo.log -> spacedatanetwork_astro-0.1.0.dev0+modules.e4612363998b.af1dde329812d/docs/evidence/second-pass-baseline
copying docs/evidence/second-pass-baseline/postbuild-foundation-frames.log -> spacedatanetwork_astro-0.1.0.dev0+modules.e4612363998b.af1dde329812d/docs/evidence/second-pass-baseline
copying docs/evidence/second-pass-baseline/postbuild-foundation-time.log -> spacedatanetwork_astro-0.1.0.dev0+modules.e4612363998b.af1dde329812d/docs/evidence/second-pass-baseline
copying docs/evidence/second-pass-baseline/postbuild-propagator-hpop.log -> spacedatanetwork_astro-0.1.0.dev0+modules.e4612363998b.af1dde329812d/docs/evidence/second-pass-baseline
copying docs/evidence/second-pass-baseline/postbuild-propagator-sgp4.log -> spacedatanetwork_astro-0.1.0.dev0+modules.e4612363998b.af1dde329812d/docs/evidence/second-pass-baseline
copying docs/evidence/second-pass-baseline/postbuild-published-sds-propagator-sgp4.log -> spacedatanetwork_astro-0.1.0.dev0+modules.e4612363998b.af1dde329812d/docs/evidence/second-pass-baseline
copying docs/evidence/second-pass-baseline/propagator-hpop.log -> spacedatanetwork_astro-0.1.0.dev0+modules.e4612363998b.af1dde329812d/docs/evidence/second-pass-baseline
copying docs/evidence/second-pass-baseline/remaining-build-checks.json -> spacedatanetwork_astro-0.1.0.dev0+modules.e4612363998b.af1dde329812d/docs/evidence/second-pass-baseline
copying docs/evidence/second-pass-parity/analysis-access.log -> spacedatanetwork_astro-0.1.0.dev0+modules.e4612363998b.af1dde329812d/docs/evidence/second-pass-parity
copying docs/evidence/second-pass-parity/analysis-conjunction-assessment.log -> spacedatanetwork_astro-0.1.0.dev0+modules.e4612363998b.af1dde329812d/docs/evidence/second-pass-parity
copying docs/evidence/second-pass-parity/analysis-estimation.log -> spacedatanetwork_astro-0.1.0.dev0+modules.e4612363998b.af1dde329812d/docs/evidence/second-pass-parity
copying docs/evidence/second-pass-parity/analysis-lambert-izzo.log -> spacedatanetwork_astro-0.1.0.dev0+modules.e4612363998b.af1dde329812d/docs/evidence/second-pass-parity
copying docs/evidence/second-pass-parity/foundation-frames.log -> spacedatanetwork_astro-0.1.0.dev0+modules.e4612363998b.af1dde329812d/docs/evidence/second-pass-parity
copying docs/evidence/second-pass-parity/foundation-time.log -> spacedatanetwork_astro-0.1.0.dev0+modules.e4612363998b.af1dde329812d/docs/evidence/second-pass-parity
copying docs/evidence/second-pass-parity/parity-checks.json -> spacedatanetwork_astro-0.1.0.dev0+modules.e4612363998b.af1dde329812d/docs/evidence/second-pass-parity
copying docs/evidence/second-pass-parity/propagator-events.log -> spacedatanetwork_astro-0.1.0.dev0+modules.e4612363998b.af1dde329812d/docs/evidence/second-pass-parity
copying docs/evidence/second-pass-parity/propagator-hpop.log -> spacedatanetwork_astro-0.1.0.dev0+modules.e4612363998b.af1dde329812d/docs/evidence/second-pass-parity
copying docs/evidence/second-pass-parity/propagator-sgp4.log -> spacedatanetwork_astro-0.1.0.dev0+modules.e4612363998b.af1dde329812d/docs/evidence/second-pass-parity
copying examples/sgp4_hpop.py -> spacedatanetwork_astro-0.1.0.dev0+modules.e4612363998b.af1dde329812d/examples
copying scripts/audit_published_dependencies.py -> spacedatanetwork_astro-0.1.0.dev0+modules.e4612363998b.af1dde329812d/scripts
copying scripts/extract_vectors.mjs -> spacedatanetwork_astro-0.1.0.dev0+modules.e4612363998b.af1dde329812d/scripts
copying scripts/pin_artifacts.py -> spacedatanetwork_astro-0.1.0.dev0+modules.e4612363998b.af1dde329812d/scripts
copying scripts/vendor_sds.py -> spacedatanetwork_astro-0.1.0.dev0+modules.e4612363998b.af1dde329812d/scripts
copying scripts/verify_existing_modules.py -> spacedatanetwork_astro-0.1.0.dev0+modules.e4612363998b.af1dde329812d/scripts
copying scripts/verify_parity.py -> spacedatanetwork_astro-0.1.0.dev0+modules.e4612363998b.af1dde329812d/scripts
copying src/spacedatanetwork_astro/__init__.py -> spacedatanetwork_astro-0.1.0.dev0+modules.e4612363998b.af1dde329812d/src/spacedatanetwork_astro
copying src/spacedatanetwork_astro/__main__.py -> spacedatanetwork_astro-0.1.0.dev0+modules.e4612363998b.af1dde329812d/src/spacedatanetwork_astro
copying src/spacedatanetwork_astro/_codec.py -> spacedatanetwork_astro-0.1.0.dev0+modules.e4612363998b.af1dde329812d/src/spacedatanetwork_astro
copying src/spacedatanetwork_astro/_version.py -> spacedatanetwork_astro-0.1.0.dev0+modules.e4612363998b.af1dde329812d/src/spacedatanetwork_astro
copying src/spacedatanetwork_astro/api.py -> spacedatanetwork_astro-0.1.0.dev0+modules.e4612363998b.af1dde329812d/src/spacedatanetwork_astro
copying src/spacedatanetwork_astro/artifacts.lock.json -> spacedatanetwork_astro-0.1.0.dev0+modules.e4612363998b.af1dde329812d/src/spacedatanetwork_astro
copying src/spacedatanetwork_astro/artifacts.py -> spacedatanetwork_astro-0.1.0.dev0+modules.e4612363998b.af1dde329812d/src/spacedatanetwork_astro
copying src/spacedatanetwork_astro/bindings.lock.json -> spacedatanetwork_astro-0.1.0.dev0+modules.e4612363998b.af1dde329812d/src/spacedatanetwork_astro
copying src/spacedatanetwork_astro/py.typed -> spacedatanetwork_astro-0.1.0.dev0+modules.e4612363998b.af1dde329812d/src/spacedatanetwork_astro
copying src/spacedatanetwork_astro/runtime.py -> spacedatanetwork_astro-0.1.0.dev0+modules.e4612363998b.af1dde329812d/src/spacedatanetwork_astro
copying src/spacedatanetwork_astro.egg-info/PKG-INFO -> spacedatanetwork_astro-0.1.0.dev0+modules.e4612363998b.af1dde329812d/src/spacedatanetwork_astro.egg-info
copying src/spacedatanetwork_astro.egg-info/SOURCES.txt -> spacedatanetwork_astro-0.1.0.dev0+modules.e4612363998b.af1dde329812d/src/spacedatanetwork_astro.egg-info
copying src/spacedatanetwork_astro.egg-info/dependency_links.txt -> spacedatanetwork_astro-0.1.0.dev0+modules.e4612363998b.af1dde329812d/src/spacedatanetwork_astro.egg-info
copying src/spacedatanetwork_astro.egg-info/entry_points.txt -> spacedatanetwork_astro-0.1.0.dev0+modules.e4612363998b.af1dde329812d/src/spacedatanetwork_astro.egg-info
copying src/spacedatanetwork_astro.egg-info/requires.txt -> spacedatanetwork_astro-0.1.0.dev0+modules.e4612363998b.af1dde329812d/src/spacedatanetwork_astro.egg-info
copying src/spacedatanetwork_astro.egg-info/top_level.txt -> spacedatanetwork_astro-0.1.0.dev0+modules.e4612363998b.af1dde329812d/src/spacedatanetwork_astro.egg-info
copying src/spacedatanetwork_astro/artifacts/analysis-access/module.wasm -> spacedatanetwork_astro-0.1.0.dev0+modules.e4612363998b.af1dde329812d/src/spacedatanetwork_astro/artifacts/analysis-access
copying src/spacedatanetwork_astro/artifacts/analysis-access/plugin-manifest.json -> spacedatanetwork_astro-0.1.0.dev0+modules.e4612363998b.af1dde329812d/src/spacedatanetwork_astro/artifacts/analysis-access
copying src/spacedatanetwork_astro/artifacts/analysis-conjunction-assessment/module.wasm -> spacedatanetwork_astro-0.1.0.dev0+modules.e4612363998b.af1dde329812d/src/spacedatanetwork_astro/artifacts/analysis-conjunction-assessment
copying src/spacedatanetwork_astro/artifacts/analysis-conjunction-assessment/plugin-manifest.json -> spacedatanetwork_astro-0.1.0.dev0+modules.e4612363998b.af1dde329812d/src/spacedatanetwork_astro/artifacts/analysis-conjunction-assessment
copying src/spacedatanetwork_astro/artifacts/analysis-estimation/build-provenance.json -> spacedatanetwork_astro-0.1.0.dev0+modules.e4612363998b.af1dde329812d/src/spacedatanetwork_astro/artifacts/analysis-estimation
copying src/spacedatanetwork_astro/artifacts/analysis-estimation/module.wasm -> spacedatanetwork_astro-0.1.0.dev0+modules.e4612363998b.af1dde329812d/src/spacedatanetwork_astro/artifacts/analysis-estimation
copying src/spacedatanetwork_astro/artifacts/analysis-estimation/plugin-manifest.json -> spacedatanetwork_astro-0.1.0.dev0+modules.e4612363998b.af1dde329812d/src/spacedatanetwork_astro/artifacts/analysis-estimation
copying src/spacedatanetwork_astro/artifacts/analysis-lambert-izzo/module.wasm -> spacedatanetwork_astro-0.1.0.dev0+modules.e4612363998b.af1dde329812d/src/spacedatanetwork_astro/artifacts/analysis-lambert-izzo
copying src/spacedatanetwork_astro/artifacts/analysis-lambert-izzo/plugin-manifest.json -> spacedatanetwork_astro-0.1.0.dev0+modules.e4612363998b.af1dde329812d/src/spacedatanetwork_astro/artifacts/analysis-lambert-izzo
copying src/spacedatanetwork_astro/artifacts/foundation-frames/build-provenance.json -> spacedatanetwork_astro-0.1.0.dev0+modules.e4612363998b.af1dde329812d/src/spacedatanetwork_astro/artifacts/foundation-frames
copying src/spacedatanetwork_astro/artifacts/foundation-frames/module.wasm -> spacedatanetwork_astro-0.1.0.dev0+modules.e4612363998b.af1dde329812d/src/spacedatanetwork_astro/artifacts/foundation-frames
copying src/spacedatanetwork_astro/artifacts/foundation-frames/plugin-manifest.json -> spacedatanetwork_astro-0.1.0.dev0+modules.e4612363998b.af1dde329812d/src/spacedatanetwork_astro/artifacts/foundation-frames
copying src/spacedatanetwork_astro/artifacts/foundation-time/module.wasm -> spacedatanetwork_astro-0.1.0.dev0+modules.e4612363998b.af1dde329812d/src/spacedatanetwork_astro/artifacts/foundation-time
copying src/spacedatanetwork_astro/artifacts/foundation-time/plugin-manifest.json -> spacedatanetwork_astro-0.1.0.dev0+modules.e4612363998b.af1dde329812d/src/spacedatanetwork_astro/artifacts/foundation-time
copying src/spacedatanetwork_astro/artifacts/propagator-events/build-provenance.json -> spacedatanetwork_astro-0.1.0.dev0+modules.e4612363998b.af1dde329812d/src/spacedatanetwork_astro/artifacts/propagator-events
copying src/spacedatanetwork_astro/artifacts/propagator-events/module.wasm -> spacedatanetwork_astro-0.1.0.dev0+modules.e4612363998b.af1dde329812d/src/spacedatanetwork_astro/artifacts/propagator-events
copying src/spacedatanetwork_astro/artifacts/propagator-events/plugin-manifest.json -> spacedatanetwork_astro-0.1.0.dev0+modules.e4612363998b.af1dde329812d/src/spacedatanetwork_astro/artifacts/propagator-events
copying src/spacedatanetwork_astro/artifacts/propagator-hpop/module.wasm -> spacedatanetwork_astro-0.1.0.dev0+modules.e4612363998b.af1dde329812d/src/spacedatanetwork_astro/artifacts/propagator-hpop
copying src/spacedatanetwork_astro/artifacts/propagator-hpop/plugin-manifest.json -> spacedatanetwork_astro-0.1.0.dev0+modules.e4612363998b.af1dde329812d/src/spacedatanetwork_astro/artifacts/propagator-hpop
copying src/spacedatanetwork_astro/artifacts/propagator-sgp4/module.wasm -> spacedatanetwork_astro-0.1.0.dev0+modules.e4612363998b.af1dde329812d/src/spacedatanetwork_astro/artifacts/propagator-sgp4
copying src/spacedatanetwork_astro/artifacts/propagator-sgp4/plugin-manifest.json -> spacedatanetwork_astro-0.1.0.dev0+modules.e4612363998b.af1dde329812d/src/spacedatanetwork_astro/artifacts/propagator-sgp4
copying src/spacedatanetwork_astro/invoke/NOTICE.txt -> spacedatanetwork_astro-0.1.0.dev0+modules.e4612363998b.af1dde329812d/src/spacedatanetwork_astro/invoke
copying src/spacedatanetwork_astro/invoke/SDK-LICENSE.txt -> spacedatanetwork_astro-0.1.0.dev0+modules.e4612363998b.af1dde329812d/src/spacedatanetwork_astro/invoke
copying src/spacedatanetwork_astro/invoke/__init__.py -> spacedatanetwork_astro-0.1.0.dev0+modules.e4612363998b.af1dde329812d/src/spacedatanetwork_astro/invoke
copying src/spacedatanetwork_astro/invoke/legacy/__init__.py -> spacedatanetwork_astro-0.1.0.dev0+modules.e4612363998b.af1dde329812d/src/spacedatanetwork_astro/invoke/legacy
copying src/spacedatanetwork_astro/invoke/legacy/orbpro/Bool32.py -> spacedatanetwork_astro-0.1.0.dev0+modules.e4612363998b.af1dde329812d/src/spacedatanetwork_astro/invoke/legacy/orbpro
copying src/spacedatanetwork_astro/invoke/legacy/orbpro/Bool8.py -> spacedatanetwork_astro-0.1.0.dev0+modules.e4612363998b.af1dde329812d/src/spacedatanetwork_astro/invoke/legacy/orbpro
copying src/spacedatanetwork_astro/invoke/legacy/orbpro/BoundingBox.py -> spacedatanetwork_astro-0.1.0.dev0+modules.e4612363998b.af1dde329812d/src/spacedatanetwork_astro/invoke/legacy/orbpro
copying src/spacedatanetwork_astro/invoke/legacy/orbpro/BoundingRectangle.py -> spacedatanetwork_astro-0.1.0.dev0+modules.e4612363998b.af1dde329812d/src/spacedatanetwork_astro/invoke/legacy/orbpro
copying src/spacedatanetwork_astro/invoke/legacy/orbpro/BoundingSphere.py -> spacedatanetwork_astro-0.1.0.dev0+modules.e4612363998b.af1dde329812d/src/spacedatanetwork_astro/invoke/legacy/orbpro
copying src/spacedatanetwork_astro/invoke/legacy/orbpro/Cartesian2.py -> spacedatanetwork_astro-0.1.0.dev0+modules.e4612363998b.af1dde329812d/src/spacedatanetwork_astro/invoke/legacy/orbpro
copying src/spacedatanetwork_astro/invoke/legacy/orbpro/Cartesian2f.py -> spacedatanetwork_astro-0.1.0.dev0+modules.e4612363998b.af1dde329812d/src/spacedatanetwork_astro/invoke/legacy/orbpro
copying src/spacedatanetwork_astro/invoke/legacy/orbpro/Cartesian3.py -> spacedatanetwork_astro-0.1.0.dev0+modules.e4612363998b.af1dde329812d/src/spacedatanetwork_astro/invoke/legacy/orbpro
copying src/spacedatanetwork_astro/invoke/legacy/orbpro/Cartesian3f.py -> spacedatanetwork_astro-0.1.0.dev0+modules.e4612363998b.af1dde329812d/src/spacedatanetwork_astro/invoke/legacy/orbpro
copying src/spacedatanetwork_astro/invoke/legacy/orbpro/Cartesian4.py -> spacedatanetwork_astro-0.1.0.dev0+modules.e4612363998b.af1dde329812d/src/spacedatanetwork_astro/invoke/legacy/orbpro
copying src/spacedatanetwork_astro/invoke/legacy/orbpro/Cartesian4f.py -> spacedatanetwork_astro-0.1.0.dev0+modules.e4612363998b.af1dde329812d/src/spacedatanetwork_astro/invoke/legacy/orbpro
copying src/spacedatanetwork_astro/invoke/legacy/orbpro/Cartographic.py -> spacedatanetwork_astro-0.1.0.dev0+modules.e4612363998b.af1dde329812d/src/spacedatanetwork_astro/invoke/legacy/orbpro
copying src/spacedatanetwork_astro/invoke/legacy/orbpro/Color.py -> spacedatanetwork_astro-0.1.0.dev0+modules.e4612363998b.af1dde329812d/src/spacedatanetwork_astro/invoke/legacy/orbpro
copying src/spacedatanetwork_astro/invoke/legacy/orbpro/Color8.py -> spacedatanetwork_astro-0.1.0.dev0+modules.e4612363998b.af1dde329812d/src/spacedatanetwork_astro/invoke/legacy/orbpro
copying src/spacedatanetwork_astro/invoke/legacy/orbpro/Colorf.py -> spacedatanetwork_astro-0.1.0.dev0+modules.e4612363998b.af1dde329812d/src/spacedatanetwork_astro/invoke/legacy/orbpro
copying src/spacedatanetwork_astro/invoke/legacy/orbpro/DistanceDisplayCondition.py -> spacedatanetwork_astro-0.1.0.dev0+modules.e4612363998b.af1dde329812d/src/spacedatanetwork_astro/invoke/legacy/orbpro
copying src/spacedatanetwork_astro/invoke/legacy/orbpro/EncodedCartesian3.py -> spacedatanetwork_astro-0.1.0.dev0+modules.e4612363998b.af1dde329812d/src/spacedatanetwork_astro/invoke/legacy/orbpro
copying src/spacedatanetwork_astro/invoke/legacy/orbpro/EncodedVec3.py -> spacedatanetwork_astro-0.1.0.dev0+modules.e4612363998b.af1dde329812d/src/spacedatanetwork_astro/invoke/legacy/orbpro
copying src/spacedatanetwork_astro/invoke/legacy/orbpro/EntityHandle.py -> spacedatanetwork_astro-0.1.0.dev0+modules.e4612363998b.af1dde329812d/src/spacedatanetwork_astro/invoke/legacy/orbpro
copying src/spacedatanetwork_astro/invoke/legacy/orbpro/EntityId.py -> spacedatanetwork_astro-0.1.0.dev0+modules.e4612363998b.af1dde329812d/src/spacedatanetwork_astro/invoke/legacy/orbpro
copying src/spacedatanetwork_astro/invoke/legacy/orbpro/HeadingPitchRoll.py -> spacedatanetwork_astro-0.1.0.dev0+modules.e4612363998b.af1dde329812d/src/spacedatanetwork_astro/invoke/legacy/orbpro
copying src/spacedatanetwork_astro/invoke/legacy/orbpro/JulianDate.py -> spacedatanetwork_astro-0.1.0.dev0+modules.e4612363998b.af1dde329812d/src/spacedatanetwork_astro/invoke/legacy/orbpro
copying src/spacedatanetwork_astro/invoke/legacy/orbpro/Matrix3.py -> spacedatanetwork_astro-0.1.0.dev0+modules.e4612363998b.af1dde329812d/src/spacedatanetwork_astro/invoke/legacy/orbpro
copying src/spacedatanetwork_astro/invoke/legacy/orbpro/Matrix4.py -> spacedatanetwork_astro-0.1.0.dev0+modules.e4612363998b.af1dde329812d/src/spacedatanetwork_astro/invoke/legacy/orbpro
copying src/spacedatanetwork_astro/invoke/legacy/orbpro/NearFarScalar.py -> spacedatanetwork_astro-0.1.0.dev0+modules.e4612363998b.af1dde329812d/src/spacedatanetwork_astro/invoke/legacy/orbpro
copying src/spacedatanetwork_astro/invoke/legacy/orbpro/OptionalDouble.py -> spacedatanetwork_astro-0.1.0.dev0+modules.e4612363998b.af1dde329812d/src/spacedatanetwork_astro/invoke/legacy/orbpro
copying src/spacedatanetwork_astro/invoke/legacy/orbpro/Quaternion.py -> spacedatanetwork_astro-0.1.0.dev0+modules.e4612363998b.af1dde329812d/src/spacedatanetwork_astro/invoke/legacy/orbpro
copying src/spacedatanetwork_astro/invoke/legacy/orbpro/Quaternionf.py -> spacedatanetwork_astro-0.1.0.dev0+modules.e4612363998b.af1dde329812d/src/spacedatanetwork_astro/invoke/legacy/orbpro
copying src/spacedatanetwork_astro/invoke/legacy/orbpro/Rectangle.py -> spacedatanetwork_astro-0.1.0.dev0+modules.e4612363998b.af1dde329812d/src/spacedatanetwork_astro/invoke/legacy/orbpro
copying src/spacedatanetwork_astro/invoke/legacy/orbpro/TimeInterval.py -> spacedatanetwork_astro-0.1.0.dev0+modules.e4612363998b.af1dde329812d/src/spacedatanetwork_astro/invoke/legacy/orbpro
copying src/spacedatanetwork_astro/invoke/legacy/orbpro/Vec2.py -> spacedatanetwork_astro-0.1.0.dev0+modules.e4612363998b.af1dde329812d/src/spacedatanetwork_astro/invoke/legacy/orbpro
copying src/spacedatanetwork_astro/invoke/legacy/orbpro/Vec2f.py -> spacedatanetwork_astro-0.1.0.dev0+modules.e4612363998b.af1dde329812d/src/spacedatanetwork_astro/invoke/legacy/orbpro
copying src/spacedatanetwork_astro/invoke/legacy/orbpro/Vec3.py -> spacedatanetwork_astro-0.1.0.dev0+modules.e4612363998b.af1dde329812d/src/spacedatanetwork_astro/invoke/legacy/orbpro
copying src/spacedatanetwork_astro/invoke/legacy/orbpro/Vec3f.py -> spacedatanetwork_astro-0.1.0.dev0+modules.e4612363998b.af1dde329812d/src/spacedatanetwork_astro/invoke/legacy/orbpro
copying src/spacedatanetwork_astro/invoke/legacy/orbpro/Vec4.py -> spacedatanetwork_astro-0.1.0.dev0+modules.e4612363998b.af1dde329812d/src/spacedatanetwork_astro/invoke/legacy/orbpro
copying src/spacedatanetwork_astro/invoke/legacy/orbpro/Vec4f.py -> spacedatanetwork_astro-0.1.0.dev0+modules.e4612363998b.af1dde329812d/src/spacedatanetwork_astro/invoke/legacy/orbpro
copying src/spacedatanetwork_astro/invoke/legacy/orbpro/__init__.py -> spacedatanetwork_astro-0.1.0.dev0+modules.e4612363998b.af1dde329812d/src/spacedatanetwork_astro/invoke/legacy/orbpro
copying src/spacedatanetwork_astro/invoke/legacy/orbpro/propagator/KeplerianElements.py -> spacedatanetwork_astro-0.1.0.dev0+modules.e4612363998b.af1dde329812d/src/spacedatanetwork_astro/invoke/legacy/orbpro/propagator
copying src/spacedatanetwork_astro/invoke/legacy/orbpro/propagator/PropagatorBatchRequest.py -> spacedatanetwork_astro-0.1.0.dev0+modules.e4612363998b.af1dde329812d/src/spacedatanetwork_astro/invoke/legacy/orbpro/propagator
copying src/spacedatanetwork_astro/invoke/legacy/orbpro/propagator/PropagatorBatchResponse.py -> spacedatanetwork_astro-0.1.0.dev0+modules.e4612363998b.af1dde329812d/src/spacedatanetwork_astro/invoke/legacy/orbpro/propagator
copying src/spacedatanetwork_astro/invoke/legacy/orbpro/propagator/PropagatorInit.py -> spacedatanetwork_astro-0.1.0.dev0+modules.e4612363998b.af1dde329812d/src/spacedatanetwork_astro/invoke/legacy/orbpro/propagator
copying src/spacedatanetwork_astro/invoke/legacy/orbpro/propagator/ReferenceFrame.py -> spacedatanetwork_astro-0.1.0.dev0+modules.e4612363998b.af1dde329812d/src/spacedatanetwork_astro/invoke/legacy/orbpro/propagator
copying src/spacedatanetwork_astro/invoke/legacy/orbpro/propagator/StateFlags.py -> spacedatanetwork_astro-0.1.0.dev0+modules.e4612363998b.af1dde329812d/src/spacedatanetwork_astro/invoke/legacy/orbpro/propagator
copying src/spacedatanetwork_astro/invoke/legacy/orbpro/propagator/StateVector.py -> spacedatanetwork_astro-0.1.0.dev0+modules.e4612363998b.af1dde329812d/src/spacedatanetwork_astro/invoke/legacy/orbpro/propagator
copying src/spacedatanetwork_astro/invoke/legacy/orbpro/propagator/TLEData.py -> spacedatanetwork_astro-0.1.0.dev0+modules.e4612363998b.af1dde329812d/src/spacedatanetwork_astro/invoke/legacy/orbpro/propagator
copying src/spacedatanetwork_astro/invoke/legacy/orbpro/propagator/__init__.py -> spacedatanetwork_astro-0.1.0.dev0+modules.e4612363998b.af1dde329812d/src/spacedatanetwork_astro/invoke/legacy/orbpro/propagator
copying src/spacedatanetwork_astro/invoke/orbpro/Vec3.py -> spacedatanetwork_astro-0.1.0.dev0+modules.e4612363998b.af1dde329812d/src/spacedatanetwork_astro/invoke/orbpro
copying src/spacedatanetwork_astro/invoke/orbpro/__init__.py -> spacedatanetwork_astro-0.1.0.dev0+modules.e4612363998b.af1dde329812d/src/spacedatanetwork_astro/invoke/orbpro
copying src/spacedatanetwork_astro/invoke/orbpro/conjunction/BPlaneGeometry.py -> spacedatanetwork_astro-0.1.0.dev0+modules.e4612363998b.af1dde329812d/src/spacedatanetwork_astro/invoke/orbpro/conjunction
copying src/spacedatanetwork_astro/invoke/orbpro/conjunction/ConjunctionAlfanoRequest.py -> spacedatanetwork_astro-0.1.0.dev0+modules.e4612363998b.af1dde329812d/src/spacedatanetwork_astro/invoke/orbpro/conjunction
copying src/spacedatanetwork_astro/invoke/orbpro/conjunction/ConjunctionAlfanoResult.py -> spacedatanetwork_astro-0.1.0.dev0+modules.e4612363998b.af1dde329812d/src/spacedatanetwork_astro/invoke/orbpro/conjunction
copying src/spacedatanetwork_astro/invoke/orbpro/conjunction/ConjunctionEvent.py -> spacedatanetwork_astro-0.1.0.dev0+modules.e4612363998b.af1dde329812d/src/spacedatanetwork_astro/invoke/orbpro/conjunction
copying src/spacedatanetwork_astro/invoke/orbpro/conjunction/ConjunctionFindTcaResult.py -> spacedatanetwork_astro-0.1.0.dev0+modules.e4612363998b.af1dde329812d/src/spacedatanetwork_astro/invoke/orbpro/conjunction
copying src/spacedatanetwork_astro/invoke/orbpro/conjunction/ConjunctionPairRequest.py -> spacedatanetwork_astro-0.1.0.dev0+modules.e4612363998b.af1dde329812d/src/spacedatanetwork_astro/invoke/orbpro/conjunction
copying src/spacedatanetwork_astro/invoke/orbpro/conjunction/ConjunctionPcRequest.py -> spacedatanetwork_astro-0.1.0.dev0+modules.e4612363998b.af1dde329812d/src/spacedatanetwork_astro/invoke/orbpro/conjunction
copying src/spacedatanetwork_astro/invoke/orbpro/conjunction/ConjunctionPcResult.py -> spacedatanetwork_astro-0.1.0.dev0+modules.e4612363998b.af1dde329812d/src/spacedatanetwork_astro/invoke/orbpro/conjunction
copying src/spacedatanetwork_astro/invoke/orbpro/conjunction/ConjunctionReferenceFrame.py -> spacedatanetwork_astro-0.1.0.dev0+modules.e4612363998b.af1dde329812d/src/spacedatanetwork_astro/invoke/orbpro/conjunction
copying src/spacedatanetwork_astro/invoke/orbpro/conjunction/ConjunctionScreenCatalogRequest.py -> spacedatanetwork_astro-0.1.0.dev0+modules.e4612363998b.af1dde329812d/src/spacedatanetwork_astro/invoke/orbpro/conjunction
copying src/spacedatanetwork_astro/invoke/orbpro/conjunction/ConjunctionScreenCatalogResult.py -> spacedatanetwork_astro-0.1.0.dev0+modules.e4612363998b.af1dde329812d/src/spacedatanetwork_astro/invoke/orbpro/conjunction
copying src/spacedatanetwork_astro/invoke/orbpro/conjunction/ConjunctionSelectedSource.py -> spacedatanetwork_astro-0.1.0.dev0+modules.e4612363998b.af1dde329812d/src/spacedatanetwork_astro/invoke/orbpro/conjunction
copying src/spacedatanetwork_astro/invoke/orbpro/conjunction/ConjunctionSourceKind.py -> spacedatanetwork_astro-0.1.0.dev0+modules.e4612363998b.af1dde329812d/src/spacedatanetwork_astro/invoke/orbpro/conjunction
copying src/spacedatanetwork_astro/invoke/orbpro/conjunction/ConjunctionVersionResult.py -> spacedatanetwork_astro-0.1.0.dev0+modules.e4612363998b.af1dde329812d/src/spacedatanetwork_astro/invoke/orbpro/conjunction
copying src/spacedatanetwork_astro/invoke/orbpro/conjunction/GpRecord.py -> spacedatanetwork_astro-0.1.0.dev0+modules.e4612363998b.af1dde329812d/src/spacedatanetwork_astro/invoke/orbpro/conjunction
copying src/spacedatanetwork_astro/invoke/orbpro/conjunction/PropagatedSample.py -> spacedatanetwork_astro-0.1.0.dev0+modules.e4612363998b.af1dde329812d/src/spacedatanetwork_astro/invoke/orbpro/conjunction
copying src/spacedatanetwork_astro/invoke/orbpro/conjunction/PropagatedTrack.py -> spacedatanetwork_astro-0.1.0.dev0+modules.e4612363998b.af1dde329812d/src/spacedatanetwork_astro/invoke/orbpro/conjunction
copying src/spacedatanetwork_astro/invoke/orbpro/conjunction/ScreeningStats.py -> spacedatanetwork_astro-0.1.0.dev0+modules.e4612363998b.af1dde329812d/src/spacedatanetwork_astro/invoke/orbpro/conjunction
copying src/spacedatanetwork_astro/invoke/orbpro/conjunction/TleRecord.py -> spacedatanetwork_astro-0.1.0.dev0+modules.e4612363998b.af1dde329812d/src/spacedatanetwork_astro/invoke/orbpro/conjunction
copying src/spacedatanetwork_astro/invoke/orbpro/conjunction/__init__.py -> spacedatanetwork_astro-0.1.0.dev0+modules.e4612363998b.af1dde329812d/src/spacedatanetwork_astro/invoke/orbpro/conjunction
copying src/spacedatanetwork_astro/invoke/orbpro/entity/EntityKind.py -> spacedatanetwork_astro-0.1.0.dev0+modules.e4612363998b.af1dde329812d/src/spacedatanetwork_astro/invoke/orbpro/entity
copying src/spacedatanetwork_astro/invoke/orbpro/entity/EntityMetadata.py -> spacedatanetwork_astro-0.1.0.dev0+modules.e4612363998b.af1dde329812d/src/spacedatanetwork_astro/invoke/orbpro/entity
copying src/spacedatanetwork_astro/invoke/orbpro/entity/EntityStandardsLink.py -> spacedatanetwork_astro-0.1.0.dev0+modules.e4612363998b.af1dde329812d/src/spacedatanetwork_astro/invoke/orbpro/entity
copying src/spacedatanetwork_astro/invoke/orbpro/entity/StandardsRecordIndex.py -> spacedatanetwork_astro-0.1.0.dev0+modules.e4612363998b.af1dde329812d/src/spacedatanetwork_astro/invoke/orbpro/entity
copying src/spacedatanetwork_astro/invoke/orbpro/entity/__init__.py -> spacedatanetwork_astro-0.1.0.dev0+modules.e4612363998b.af1dde329812d/src/spacedatanetwork_astro/invoke/orbpro/entity
copying src/spacedatanetwork_astro/invoke/orbpro/estimation/EstimationConfig.py -> spacedatanetwork_astro-0.1.0.dev0+modules.e4612363998b.af1dde329812d/src/spacedatanetwork_astro/invoke/orbpro/estimation
copying src/spacedatanetwork_astro/invoke/orbpro/estimation/EstimationEnvelope.py -> spacedatanetwork_astro-0.1.0.dev0+modules.e4612363998b.af1dde329812d/src/spacedatanetwork_astro/invoke/orbpro/estimation
copying src/spacedatanetwork_astro/invoke/orbpro/estimation/EstimationEpoch.py -> spacedatanetwork_astro-0.1.0.dev0+modules.e4612363998b.af1dde329812d/src/spacedatanetwork_astro/invoke/orbpro/estimation
copying src/spacedatanetwork_astro/invoke/orbpro/estimation/EstimationErrorModel.py -> spacedatanetwork_astro-0.1.0.dev0+modules.e4612363998b.af1dde329812d/src/spacedatanetwork_astro/invoke/orbpro/estimation
copying src/spacedatanetwork_astro/invoke/orbpro/estimation/EstimationObservation.py -> spacedatanetwork_astro-0.1.0.dev0+modules.e4612363998b.af1dde329812d/src/spacedatanetwork_astro/invoke/orbpro/estimation
copying src/spacedatanetwork_astro/invoke/orbpro/estimation/EstimationPropagatorSample.py -> spacedatanetwork_astro-0.1.0.dev0+modules.e4612363998b.af1dde329812d/src/spacedatanetwork_astro/invoke/orbpro/estimation
copying src/spacedatanetwork_astro/invoke/orbpro/estimation/EstimationRequest.py -> spacedatanetwork_astro-0.1.0.dev0+modules.e4612363998b.af1dde329812d/src/spacedatanetwork_astro/invoke/orbpro/estimation
copying src/spacedatanetwork_astro/invoke/orbpro/estimation/EstimationResult.py -> spacedatanetwork_astro-0.1.0.dev0+modules.e4612363998b.af1dde329812d/src/spacedatanetwork_astro/invoke/orbpro/estimation
copying src/spacedatanetwork_astro/invoke/orbpro/estimation/EstimationState.py -> spacedatanetwork_astro-0.1.0.dev0+modules.e4612363998b.af1dde329812d/src/spacedatanetwork_astro/invoke/orbpro/estimation
copying src/spacedatanetwork_astro/invoke/orbpro/estimation/EstimationStatus.py -> spacedatanetwork_astro-0.1.0.dev0+modules.e4612363998b.af1dde329812d/src/spacedatanetwork_astro/invoke/orbpro/estimation
copying src/spacedatanetwork_astro/invoke/orbpro/estimation/EstimatorKind.py -> spacedatanetwork_astro-0.1.0.dev0+modules.e4612363998b.af1dde329812d/src/spacedatanetwork_astro/invoke/orbpro/estimation
copying src/spacedatanetwork_astro/invoke/orbpro/estimation/FilterEpoch.py -> spacedatanetwork_astro-0.1.0.dev0+modules.e4612363998b.af1dde329812d/src/spacedatanetwork_astro/invoke/orbpro/estimation
copying src/spacedatanetwork_astro/invoke/orbpro/estimation/InitialOrbitKind.py -> spacedatanetwork_astro-0.1.0.dev0+modules.e4612363998b.af1dde329812d/src/spacedatanetwork_astro/invoke/orbpro/estimation
copying src/spacedatanetwork_astro/invoke/orbpro/estimation/InitialOrbitRequest.py -> spacedatanetwork_astro-0.1.0.dev0+modules.e4612363998b.af1dde329812d/src/spacedatanetwork_astro/invoke/orbpro/estimation
copying src/spacedatanetwork_astro/invoke/orbpro/estimation/InitialOrbitResult.py -> spacedatanetwork_astro-0.1.0.dev0+modules.e4612363998b.af1dde329812d/src/spacedatanetwork_astro/invoke/orbpro/estimation
copying src/spacedatanetwork_astro/invoke/orbpro/estimation/IonosphereKind.py -> spacedatanetwork_astro-0.1.0.dev0+modules.e4612363998b.af1dde329812d/src/spacedatanetwork_astro/invoke/orbpro/estimation
copying src/spacedatanetwork_astro/invoke/orbpro/estimation/MeasurementKind.py -> spacedatanetwork_astro-0.1.0.dev0+modules.e4612363998b.af1dde329812d/src/spacedatanetwork_astro/invoke/orbpro/estimation
copying src/spacedatanetwork_astro/invoke/orbpro/estimation/ProcessNoiseKind.py -> spacedatanetwork_astro-0.1.0.dev0+modules.e4612363998b.af1dde329812d/src/spacedatanetwork_astro/invoke/orbpro/estimation
copying src/spacedatanetwork_astro/invoke/orbpro/estimation/TroposphereKind.py -> spacedatanetwork_astro-0.1.0.dev0+modules.e4612363998b.af1dde329812d/src/spacedatanetwork_astro/invoke/orbpro/estimation
copying src/spacedatanetwork_astro/invoke/orbpro/estimation/__init__.py -> spacedatanetwork_astro-0.1.0.dev0+modules.e4612363998b.af1dde329812d/src/spacedatanetwork_astro/invoke/orbpro/estimation
copying src/spacedatanetwork_astro/invoke/orbpro/events/ComponentContinuity.py -> spacedatanetwork_astro-0.1.0.dev0+modules.e4612363998b.af1dde329812d/src/spacedatanetwork_astro/invoke/orbpro/events
copying src/spacedatanetwork_astro/invoke/orbpro/events/CrossingDirection.py -> spacedatanetwork_astro-0.1.0.dev0+modules.e4612363998b.af1dde329812d/src/spacedatanetwork_astro/invoke/orbpro/events
copying src/spacedatanetwork_astro/invoke/orbpro/events/EventComponent.py -> spacedatanetwork_astro-0.1.0.dev0+modules.e4612363998b.af1dde329812d/src/spacedatanetwork_astro/invoke/orbpro/events
copying src/spacedatanetwork_astro/invoke/orbpro/events/EventError.py -> spacedatanetwork_astro-0.1.0.dev0+modules.e4612363998b.af1dde329812d/src/spacedatanetwork_astro/invoke/orbpro/events
copying src/spacedatanetwork_astro/invoke/orbpro/events/EventFlags.py -> spacedatanetwork_astro-0.1.0.dev0+modules.e4612363998b.af1dde329812d/src/spacedatanetwork_astro/invoke/orbpro/events
copying src/spacedatanetwork_astro/invoke/orbpro/events/EventHit.py -> spacedatanetwork_astro-0.1.0.dev0+modules.e4612363998b.af1dde329812d/src/spacedatanetwork_astro/invoke/orbpro/events
copying src/spacedatanetwork_astro/invoke/orbpro/events/EventInterval.py -> spacedatanetwork_astro-0.1.0.dev0+modules.e4612363998b.af1dde329812d/src/spacedatanetwork_astro/invoke/orbpro/events
copying src/spacedatanetwork_astro/invoke/orbpro/events/EventLocatorConfig.py -> spacedatanetwork_astro-0.1.0.dev0+modules.e4612363998b.af1dde329812d/src/spacedatanetwork_astro/invoke/orbpro/events
copying src/spacedatanetwork_astro/invoke/orbpro/events/EventLocatorDescription.py -> spacedatanetwork_astro-0.1.0.dev0+modules.e4612363998b.af1dde329812d/src/spacedatanetwork_astro/invoke/orbpro/events
copying src/spacedatanetwork_astro/invoke/orbpro/events/EventParameter.py -> spacedatanetwork_astro-0.1.0.dev0+modules.e4612363998b.af1dde329812d/src/spacedatanetwork_astro/invoke/orbpro/events
copying src/spacedatanetwork_astro/invoke/orbpro/events/EventScanResult.py -> spacedatanetwork_astro-0.1.0.dev0+modules.e4612363998b.af1dde329812d/src/spacedatanetwork_astro/invoke/orbpro/events
copying src/spacedatanetwork_astro/invoke/orbpro/events/EventScanSummary.py -> spacedatanetwork_astro-0.1.0.dev0+modules.e4612363998b.af1dde329812d/src/spacedatanetwork_astro/invoke/orbpro/events
copying src/spacedatanetwork_astro/invoke/orbpro/events/EventStateRequest.py -> spacedatanetwork_astro-0.1.0.dev0+modules.e4612363998b.af1dde329812d/src/spacedatanetwork_astro/invoke/orbpro/events
copying src/spacedatanetwork_astro/invoke/orbpro/events/RootMethod.py -> spacedatanetwork_astro-0.1.0.dev0+modules.e4612363998b.af1dde329812d/src/spacedatanetwork_astro/invoke/orbpro/events
copying src/spacedatanetwork_astro/invoke/orbpro/events/RootPolicy.py -> spacedatanetwork_astro-0.1.0.dev0+modules.e4612363998b.af1dde329812d/src/spacedatanetwork_astro/invoke/orbpro/events
copying src/spacedatanetwork_astro/invoke/orbpro/events/RootStatus.py -> spacedatanetwork_astro-0.1.0.dev0+modules.e4612363998b.af1dde329812d/src/spacedatanetwork_astro/invoke/orbpro/events
copying src/spacedatanetwork_astro/invoke/orbpro/events/Sign.py -> spacedatanetwork_astro-0.1.0.dev0+modules.e4612363998b.af1dde329812d/src/spacedatanetwork_astro/invoke/orbpro/events
copying src/spacedatanetwork_astro/invoke/orbpro/events/__init__.py -> spacedatanetwork_astro-0.1.0.dev0+modules.e4612363998b.af1dde329812d/src/spacedatanetwork_astro/invoke/orbpro/events
copying src/spacedatanetwork_astro/invoke/orbpro/plugin/RawDataPayload.py -> spacedatanetwork_astro-0.1.0.dev0+modules.e4612363998b.af1dde329812d/src/spacedatanetwork_astro/invoke/orbpro/plugin
copying src/spacedatanetwork_astro/invoke/orbpro/plugin/__init__.py -> spacedatanetwork_astro-0.1.0.dev0+modules.e4612363998b.af1dde329812d/src/spacedatanetwork_astro/invoke/orbpro/plugin
copying src/spacedatanetwork_astro/invoke/orbpro/plugins/PropagatorState.py -> spacedatanetwork_astro-0.1.0.dev0+modules.e4612363998b.af1dde329812d/src/spacedatanetwork_astro/invoke/orbpro/plugins
copying src/spacedatanetwork_astro/invoke/orbpro/plugins/ReferenceFrame.py -> spacedatanetwork_astro-0.1.0.dev0+modules.e4612363998b.af1dde329812d/src/spacedatanetwork_astro/invoke/orbpro/plugins
copying src/spacedatanetwork_astro/invoke/orbpro/plugins/__init__.py -> spacedatanetwork_astro-0.1.0.dev0+modules.e4612363998b.af1dde329812d/src/spacedatanetwork_astro/invoke/orbpro/plugins
copying src/spacedatanetwork_astro/invoke/orbpro/propagator/EphemerisFormat.py -> spacedatanetwork_astro-0.1.0.dev0+modules.e4612363998b.af1dde329812d/src/spacedatanetwork_astro/invoke/orbpro/propagator
copying src/spacedatanetwork_astro/invoke/orbpro/propagator/ErrorCode.py -> spacedatanetwork_astro-0.1.0.dev0+modules.e4612363998b.af1dde329812d/src/spacedatanetwork_astro/invoke/orbpro/propagator
copying src/spacedatanetwork_astro/invoke/orbpro/propagator/OMMRecord.py -> spacedatanetwork_astro-0.1.0.dev0+modules.e4612363998b.af1dde329812d/src/spacedatanetwork_astro/invoke/orbpro/propagator
copying src/spacedatanetwork_astro/invoke/orbpro/propagator/OrbitalElements.py -> spacedatanetwork_astro-0.1.0.dev0+modules.e4612363998b.af1dde329812d/src/spacedatanetwork_astro/invoke/orbpro/propagator
copying src/spacedatanetwork_astro/invoke/orbpro/propagator/PropagatorDescribeSourcesBatchRequest.py -> spacedatanetwork_astro-0.1.0.dev0+modules.e4612363998b.af1dde329812d/src/spacedatanetwork_astro/invoke/orbpro/propagator
copying src/spacedatanetwork_astro/invoke/orbpro/propagator/PropagatorDescribeSourcesBatchResult.py -> spacedatanetwork_astro-0.1.0.dev0+modules.e4612363998b.af1dde329812d/src/spacedatanetwork_astro/invoke/orbpro/propagator
copying src/spacedatanetwork_astro/invoke/orbpro/propagator/PropagatorSampleTrajectoryStatesRequest.py -> spacedatanetwork_astro-0.1.0.dev0+modules.e4612363998b.af1dde329812d/src/spacedatanetwork_astro/invoke/orbpro/propagator
copying src/spacedatanetwork_astro/invoke/orbpro/propagator/PropagatorSampleTrajectoryStatesResult.py -> spacedatanetwork_astro-0.1.0.dev0+modules.e4612363998b.af1dde329812d/src/spacedatanetwork_astro/invoke/orbpro/propagator
copying src/spacedatanetwork_astro/invoke/orbpro/propagator/PropagatorSourceDescription.py -> spacedatanetwork_astro-0.1.0.dev0+modules.e4612363998b.af1dde329812d/src/spacedatanetwork_astro/invoke/orbpro/propagator
copying src/spacedatanetwork_astro/invoke/orbpro/propagator/PropagatorSourceKind.py -> spacedatanetwork_astro-0.1.0.dev0+modules.e4612363998b.af1dde329812d/src/spacedatanetwork_astro/invoke/orbpro/propagator
copying src/spacedatanetwork_astro/invoke/orbpro/propagator/ReferenceFrame.py -> spacedatanetwork_astro-0.1.0.dev0+modules.e4612363998b.af1dde329812d/src/spacedatanetwork_astro/invoke/orbpro/propagator
copying src/spacedatanetwork_astro/invoke/orbpro/propagator/StateFlags.py -> spacedatanetwork_astro-0.1.0.dev0+modules.e4612363998b.af1dde329812d/src/spacedatanetwork_astro/invoke/orbpro/propagator
copying src/spacedatanetwork_astro/invoke/orbpro/propagator/StateVector.py -> spacedatanetwork_astro-0.1.0.dev0+modules.e4612363998b.af1dde329812d/src/spacedatanetwork_astro/invoke/orbpro/propagator
copying src/spacedatanetwork_astro/invoke/orbpro/propagator/__init__.py -> spacedatanetwork_astro-0.1.0.dev0+modules.e4612363998b.af1dde329812d/src/spacedatanetwork_astro/invoke/orbpro/propagator
copying src/spacedatanetwork_astro/invoke/orbpro/query/CatalogQueryKind.py -> spacedatanetwork_astro-0.1.0.dev0+modules.e4612363998b.af1dde329812d/src/spacedatanetwork_astro/invoke/orbpro/query
copying src/spacedatanetwork_astro/invoke/orbpro/query/CatalogQueryRequest.py -> spacedatanetwork_astro-0.1.0.dev0+modules.e4612363998b.af1dde329812d/src/spacedatanetwork_astro/invoke/orbpro/query
copying src/spacedatanetwork_astro/invoke/orbpro/query/CatalogQueryResult.py -> spacedatanetwork_astro-0.1.0.dev0+modules.e4612363998b.af1dde329812d/src/spacedatanetwork_astro/invoke/orbpro/query
copying src/spacedatanetwork_astro/invoke/orbpro/query/__init__.py -> spacedatanetwork_astro-0.1.0.dev0+modules.e4612363998b.af1dde329812d/src/spacedatanetwork_astro/invoke/orbpro/query
copying src/spacedatanetwork_astro/sds/LICENSE.txt -> spacedatanetwork_astro-0.1.0.dev0+modules.e4612363998b.af1dde329812d/src/spacedatanetwork_astro/sds
copying src/spacedatanetwork_astro/sds/NOTICE.txt -> spacedatanetwork_astro-0.1.0.dev0+modules.e4612363998b.af1dde329812d/src/spacedatanetwork_astro/sds
copying src/spacedatanetwork_astro/sds/__init__.py -> spacedatanetwork_astro-0.1.0.dev0+modules.e4612363998b.af1dde329812d/src/spacedatanetwork_astro/sds
copying src/spacedatanetwork_astro/sds/ACW/ACW.py -> spacedatanetwork_astro-0.1.0.dev0+modules.e4612363998b.af1dde329812d/src/spacedatanetwork_astro/sds/ACW
copying src/spacedatanetwork_astro/sds/ACW/ACWAccessWindow.py -> spacedatanetwork_astro-0.1.0.dev0+modules.e4612363998b.af1dde329812d/src/spacedatanetwork_astro/sds/ACW
copying src/spacedatanetwork_astro/sds/ACW/ACWBlackoutWindow.py -> spacedatanetwork_astro-0.1.0.dev0+modules.e4612363998b.af1dde329812d/src/spacedatanetwork_astro/sds/ACW
copying src/spacedatanetwork_astro/sds/ACW/ACWElevationMaskPoint.py -> spacedatanetwork_astro-0.1.0.dev0+modules.e4612363998b.af1dde329812d/src/spacedatanetwork_astro/sds/ACW
copying src/spacedatanetwork_astro/sds/ACW/ACWGroundStation.py -> spacedatanetwork_astro-0.1.0.dev0+modules.e4612363998b.af1dde329812d/src/spacedatanetwork_astro/sds/ACW
copying src/spacedatanetwork_astro/sds/ACW/ACWRefractionModel.py -> spacedatanetwork_astro-0.1.0.dev0+modules.e4612363998b.af1dde329812d/src/spacedatanetwork_astro/sds/ACW
copying src/spacedatanetwork_astro/sds/ACW/ACWRequest.py -> spacedatanetwork_astro-0.1.0.dev0+modules.e4612363998b.af1dde329812d/src/spacedatanetwork_astro/sds/ACW
copying src/spacedatanetwork_astro/sds/ACW/ACWResult.py -> spacedatanetwork_astro-0.1.0.dev0+modules.e4612363998b.af1dde329812d/src/spacedatanetwork_astro/sds/ACW
copying src/spacedatanetwork_astro/sds/ACW/ACWStateSample.py -> spacedatanetwork_astro-0.1.0.dev0+modules.e4612363998b.af1dde329812d/src/spacedatanetwork_astro/sds/ACW
copying src/spacedatanetwork_astro/sds/ACW/__init__.py -> spacedatanetwork_astro-0.1.0.dev0+modules.e4612363998b.af1dde329812d/src/spacedatanetwork_astro/sds/ACW
copying src/spacedatanetwork_astro/sds/ACW/acwOperationCode.py -> spacedatanetwork_astro-0.1.0.dev0+modules.e4612363998b.af1dde329812d/src/spacedatanetwork_astro/sds/ACW
copying src/spacedatanetwork_astro/sds/ACW/acwRefractionModelKind.py -> spacedatanetwork_astro-0.1.0.dev0+modules.e4612363998b.af1dde329812d/src/spacedatanetwork_astro/sds/ACW
copying src/spacedatanetwork_astro/sds/ACW/acwResultStatus.py -> spacedatanetwork_astro-0.1.0.dev0+modules.e4612363998b.af1dde329812d/src/spacedatanetwork_astro/sds/ACW
copying src/spacedatanetwork_astro/sds/CAT/Band.py -> spacedatanetwork_astro-0.1.0.dev0+modules.e4612363998b.af1dde329812d/src/spacedatanetwork_astro/sds/CAT
copying src/spacedatanetwork_astro/sds/CAT/CAT.py -> spacedatanetwork_astro-0.1.0.dev0+modules.e4612363998b.af1dde329812d/src/spacedatanetwork_astro/sds/CAT
copying src/spacedatanetwork_astro/sds/CAT/DataMode.py -> spacedatanetwork_astro-0.1.0.dev0+modules.e4612363998b.af1dde329812d/src/spacedatanetwork_astro/sds/CAT
copying src/spacedatanetwork_astro/sds/CAT/DeviceType.py -> spacedatanetwork_astro-0.1.0.dev0+modules.e4612363998b.af1dde329812d/src/spacedatanetwork_astro/sds/CAT
copying src/spacedatanetwork_astro/sds/CAT/FrequencyRange.py -> spacedatanetwork_astro-0.1.0.dev0+modules.e4612363998b.af1dde329812d/src/spacedatanetwork_astro/sds/CAT
copying src/spacedatanetwork_astro/sds/CAT/IDM.py -> spacedatanetwork_astro-0.1.0.dev0+modules.e4612363998b.af1dde329812d/src/spacedatanetwork_astro/sds/CAT
copying src/spacedatanetwork_astro/sds/CAT/LCC.py -> spacedatanetwork_astro-0.1.0.dev0+modules.e4612363998b.af1dde329812d/src/spacedatanetwork_astro/sds/CAT
copying src/spacedatanetwork_astro/sds/CAT/PLD.py -> spacedatanetwork_astro-0.1.0.dev0+modules.e4612363998b.af1dde329812d/src/spacedatanetwork_astro/sds/CAT
copying src/spacedatanetwork_astro/sds/CAT/PolarizationType.py -> spacedatanetwork_astro-0.1.0.dev0+modules.e4612363998b.af1dde329812d/src/spacedatanetwork_astro/sds/CAT
copying src/spacedatanetwork_astro/sds/CAT/SimplePolarization.py -> spacedatanetwork_astro-0.1.0.dev0+modules.e4612363998b.af1dde329812d/src/spacedatanetwork_astro/sds/CAT
copying src/spacedatanetwork_astro/sds/CAT/StokesParameters.py -> spacedatanetwork_astro-0.1.0.dev0+modules.e4612363998b.af1dde329812d/src/spacedatanetwork_astro/sds/CAT
copying src/spacedatanetwork_astro/sds/CAT/__init__.py -> spacedatanetwork_astro-0.1.0.dev0+modules.e4612363998b.af1dde329812d/src/spacedatanetwork_astro/sds/CAT
copying src/spacedatanetwork_astro/sds/CAT/dataAvailability.py -> spacedatanetwork_astro-0.1.0.dev0+modules.e4612363998b.af1dde329812d/src/spacedatanetwork_astro/sds/CAT
copying src/spacedatanetwork_astro/sds/CAT/legacyCountryCode.py -> spacedatanetwork_astro-0.1.0.dev0+modules.e4612363998b.af1dde329812d/src/spacedatanetwork_astro/sds/CAT
copying src/spacedatanetwork_astro/sds/CAT/massCategory.py -> spacedatanetwork_astro-0.1.0.dev0+modules.e4612363998b.af1dde329812d/src/spacedatanetwork_astro/sds/CAT
copying src/spacedatanetwork_astro/sds/CAT/operationalState.py -> spacedatanetwork_astro-0.1.0.dev0+modules.e4612363998b.af1dde329812d/src/spacedatanetwork_astro/sds/CAT
copying src/spacedatanetwork_astro/sds/CAT/orbitRegime.py -> spacedatanetwork_astro-0.1.0.dev0+modules.e4612363998b.af1dde329812d/src/spacedatanetwork_astro/sds/CAT
copying src/spacedatanetwork_astro/sds/CAT/spaceObjectClass.py -> spacedatanetwork_astro-0.1.0.dev0+modules.e4612363998b.af1dde329812d/src/spacedatanetwork_astro/sds/CAT
copying src/spacedatanetwork_astro/sds/CDM/Address.py -> spacedatanetwork_astro-0.1.0.dev0+modules.e4612363998b.af1dde329812d/src/spacedatanetwork_astro/sds/CDM
copying src/spacedatanetwork_astro/sds/CDM/Band.py -> spacedatanetwork_astro-0.1.0.dev0+modules.e4612363998b.af1dde329812d/src/spacedatanetwork_astro/sds/CDM
copying src/spacedatanetwork_astro/sds/CDM/CAT.py -> spacedatanetwork_astro-0.1.0.dev0+modules.e4612363998b.af1dde329812d/src/spacedatanetwork_astro/sds/CDM
copying src/spacedatanetwork_astro/sds/CDM/CDM.py -> spacedatanetwork_astro-0.1.0.dev0+modules.e4612363998b.af1dde329812d/src/spacedatanetwork_astro/sds/CDM
copying src/spacedatanetwork_astro/sds/CDM/CDMObject.py -> spacedatanetwork_astro-0.1.0.dev0+modules.e4612363998b.af1dde329812d/src/spacedatanetwork_astro/sds/CDM
copying src/spacedatanetwork_astro/sds/CDM/CelestialFrame.py -> spacedatanetwork_astro-0.1.0.dev0+modules.e4612363998b.af1dde329812d/src/spacedatanetwork_astro/sds/CDM
copying src/spacedatanetwork_astro/sds/CDM/CelestialFrameWrapper.py -> spacedatanetwork_astro-0.1.0.dev0+modules.e4612363998b.af1dde329812d/src/spacedatanetwork_astro/sds/CDM
copying src/spacedatanetwork_astro/sds/CDM/ChainProof.py -> spacedatanetwork_astro-0.1.0.dev0+modules.e4612363998b.af1dde329812d/src/spacedatanetwork_astro/sds/CDM
copying src/spacedatanetwork_astro/sds/CDM/CryptoKey.py -> spacedatanetwork_astro-0.1.0.dev0+modules.e4612363998b.af1dde329812d/src/spacedatanetwork_astro/sds/CDM
copying src/spacedatanetwork_astro/sds/CDM/CustomFrame.py -> spacedatanetwork_astro-0.1.0.dev0+modules.e4612363998b.af1dde329812d/src/spacedatanetwork_astro/sds/CDM
copying src/spacedatanetwork_astro/sds/CDM/CustomFrameWrapper.py -> spacedatanetwork_astro-0.1.0.dev0+modules.e4612363998b.af1dde329812d/src/spacedatanetwork_astro/sds/CDM
copying src/spacedatanetwork_astro/sds/CDM/DataMode.py -> spacedatanetwork_astro-0.1.0.dev0+modules.e4612363998b.af1dde329812d/src/spacedatanetwork_astro/sds/CDM
copying src/spacedatanetwork_astro/sds/CDM/DeviceType.py -> spacedatanetwork_astro-0.1.0.dev0+modules.e4612363998b.af1dde329812d/src/spacedatanetwork_astro/sds/CDM
copying src/spacedatanetwork_astro/sds/CDM/DomainProof.py -> spacedatanetwork_astro-0.1.0.dev0+modules.e4612363998b.af1dde329812d/src/spacedatanetwork_astro/sds/CDM
copying src/spacedatanetwork_astro/sds/CDM/EPM.py -> spacedatanetwork_astro-0.1.0.dev0+modules.e4612363998b.af1dde329812d/src/spacedatanetwork_astro/sds/CDM
copying src/spacedatanetwork_astro/sds/CDM/EntityType.py -> spacedatanetwork_astro-0.1.0.dev0+modules.e4612363998b.af1dde329812d/src/spacedatanetwork_astro/sds/CDM
copying src/spacedatanetwork_astro/sds/CDM/FrequencyRange.py -> spacedatanetwork_astro-0.1.0.dev0+modules.e4612363998b.af1dde329812d/src/spacedatanetwork_astro/sds/CDM
copying src/spacedatanetwork_astro/sds/CDM/IDM.py -> spacedatanetwork_astro-0.1.0.dev0+modules.e4612363998b.af1dde329812d/src/spacedatanetwork_astro/sds/CDM
copying src/spacedatanetwork_astro/sds/CDM/KeyType.py -> spacedatanetwork_astro-0.1.0.dev0+modules.e4612363998b.af1dde329812d/src/spacedatanetwork_astro/sds/CDM
copying src/spacedatanetwork_astro/sds/CDM/LCC.py -> spacedatanetwork_astro-0.1.0.dev0+modules.e4612363998b.af1dde329812d/src/spacedatanetwork_astro/sds/CDM
copying src/spacedatanetwork_astro/sds/CDM/OrbitFrame.py -> spacedatanetwork_astro-0.1.0.dev0+modules.e4612363998b.af1dde329812d/src/spacedatanetwork_astro/sds/CDM
copying src/spacedatanetwork_astro/sds/CDM/OrbitFrameWrapper.py -> spacedatanetwork_astro-0.1.0.dev0+modules.e4612363998b.af1dde329812d/src/spacedatanetwork_astro/sds/CDM
copying src/spacedatanetwork_astro/sds/CDM/PLD.py -> spacedatanetwork_astro-0.1.0.dev0+modules.e4612363998b.af1dde329812d/src/spacedatanetwork_astro/sds/CDM
copying src/spacedatanetwork_astro/sds/CDM/PNM.py -> spacedatanetwork_astro-0.1.0.dev0+modules.e4612363998b.af1dde329812d/src/spacedatanetwork_astro/sds/CDM
copying src/spacedatanetwork_astro/sds/CDM/PolarizationType.py -> spacedatanetwork_astro-0.1.0.dev0+modules.e4612363998b.af1dde329812d/src/spacedatanetwork_astro/sds/CDM
copying src/spacedatanetwork_astro/sds/CDM/RFM.py -> spacedatanetwork_astro-0.1.0.dev0+modules.e4612363998b.af1dde329812d/src/spacedatanetwork_astro/sds/CDM
copying src/spacedatanetwork_astro/sds/CDM/RFMCoordinateSystem.py -> spacedatanetwork_astro-0.1.0.dev0+modules.e4612363998b.af1dde329812d/src/spacedatanetwork_astro/sds/CDM
copying src/spacedatanetwork_astro/sds/CDM/RFMCoordinateSystemWrapper.py -> spacedatanetwork_astro-0.1.0.dev0+modules.e4612363998b.af1dde329812d/src/spacedatanetwork_astro/sds/CDM
copying src/spacedatanetwork_astro/sds/CDM/RFMLocalAlignedConstrainedAxes.py -> spacedatanetwork_astro-0.1.0.dev0+modules.e4612363998b.af1dde329812d/src/spacedatanetwork_astro/sds/CDM
copying src/spacedatanetwork_astro/sds/CDM/RFMObjectReferencedAxes.py -> spacedatanetwork_astro-0.1.0.dev0+modules.e4612363998b.af1dde329812d/src/spacedatanetwork_astro/sds/CDM
copying src/spacedatanetwork_astro/sds/CDM/RFMOrigin.py -> spacedatanetwork_astro-0.1.0.dev0+modules.e4612363998b.af1dde329812d/src/spacedatanetwork_astro/sds/CDM
copying src/spacedatanetwork_astro/sds/CDM/RFMUnion.py -> spacedatanetwork_astro-0.1.0.dev0+modules.e4612363998b.af1dde329812d/src/spacedatanetwork_astro/sds/CDM
copying src/spacedatanetwork_astro/sds/CDM/SimplePolarization.py -> spacedatanetwork_astro-0.1.0.dev0+modules.e4612363998b.af1dde329812d/src/spacedatanetwork_astro/sds/CDM
copying src/spacedatanetwork_astro/sds/CDM/SpacecraftFrame.py -> spacedatanetwork_astro-0.1.0.dev0+modules.e4612363998b.af1dde329812d/src/spacedatanetwork_astro/sds/CDM
copying src/spacedatanetwork_astro/sds/CDM/SpacecraftFrameWrapper.py -> spacedatanetwork_astro-0.1.0.dev0+modules.e4612363998b.af1dde329812d/src/spacedatanetwork_astro/sds/CDM
copying src/spacedatanetwork_astro/sds/CDM/StokesParameters.py -> spacedatanetwork_astro-0.1.0.dev0+modules.e4612363998b.af1dde329812d/src/spacedatanetwork_astro/sds/CDM
copying src/spacedatanetwork_astro/sds/CDM/__init__.py -> spacedatanetwork_astro-0.1.0.dev0+modules.e4612363998b.af1dde329812d/src/spacedatanetwork_astro/sds/CDM
copying src/spacedatanetwork_astro/sds/CDM/covarianceAlgorithm.py -> spacedatanetwork_astro-0.1.0.dev0+modules.e4612363998b.af1dde329812d/src/spacedatanetwork_astro/sds/CDM
copying src/spacedatanetwork_astro/sds/CDM/dataAvailability.py -> spacedatanetwork_astro-0.1.0.dev0+modules.e4612363998b.af1dde329812d/src/spacedatanetwork_astro/sds/CDM
copying src/spacedatanetwork_astro/sds/CDM/legacyCountryCode.py -> spacedatanetwork_astro-0.1.0.dev0+modules.e4612363998b.af1dde329812d/src/spacedatanetwork_astro/sds/CDM
copying src/spacedatanetwork_astro/sds/CDM/massCategory.py -> spacedatanetwork_astro-0.1.0.dev0+modules.e4612363998b.af1dde329812d/src/spacedatanetwork_astro/sds/CDM
copying src/spacedatanetwork_astro/sds/CDM/operationalState.py -> spacedatanetwork_astro-0.1.0.dev0+modules.e4612363998b.af1dde329812d/src/spacedatanetwork_astro/sds/CDM
copying src/spacedatanetwork_astro/sds/CDM/orbitRegime.py -> spacedatanetwork_astro-0.1.0.dev0+modules.e4612363998b.af1dde329812d/src/spacedatanetwork_astro/sds/CDM
copying src/spacedatanetwork_astro/sds/CDM/rfmAxisType.py -> spacedatanetwork_astro-0.1.0.dev0+modules.e4612363998b.af1dde329812d/src/spacedatanetwork_astro/sds/CDM
copying src/spacedatanetwork_astro/sds/CDM/rfmLibrationPoint.py -> spacedatanetwork_astro-0.1.0.dev0+modules.e4612363998b.af1dde329812d/src/spacedatanetwork_astro/sds/CDM
copying src/spacedatanetwork_astro/sds/CDM/rfmOriginKind.py -> spacedatanetwork_astro-0.1.0.dev0+modules.e4612363998b.af1dde329812d/src/spacedatanetwork_astro/sds/CDM
copying src/spacedatanetwork_astro/sds/CDM/rfmVectorSpecification.py -> spacedatanetwork_astro-0.1.0.dev0+modules.e4612363998b.af1dde329812d/src/spacedatanetwork_astro/sds/CDM
copying src/spacedatanetwork_astro/sds/CDM/screeningVolumeShape.py -> spacedatanetwork_astro-0.1.0.dev0+modules.e4612363998b.af1dde329812d/src/spacedatanetwork_astro/sds/CDM
copying src/spacedatanetwork_astro/sds/CDM/spaceObjectClass.py -> spacedatanetwork_astro-0.1.0.dev0+modules.e4612363998b.af1dde329812d/src/spacedatanetwork_astro/sds/CDM
copying src/spacedatanetwork_astro/sds/CRD/CRD.py -> spacedatanetwork_astro-0.1.0.dev0+modules.e4612363998b.af1dde329812d/src/spacedatanetwork_astro/sds/CRD
copying src/spacedatanetwork_astro/sds/CRD/CoordFrame.py -> spacedatanetwork_astro-0.1.0.dev0+modules.e4612363998b.af1dde329812d/src/spacedatanetwork_astro/sds/CRD
copying src/spacedatanetwork_astro/sds/CRD/Ellipsoid.py -> spacedatanetwork_astro-0.1.0.dev0+modules.e4612363998b.af1dde329812d/src/spacedatanetwork_astro/sds/CRD
copying src/spacedatanetwork_astro/sds/CRD/__init__.py -> spacedatanetwork_astro-0.1.0.dev0+modules.e4612363998b.af1dde329812d/src/spacedatanetwork_astro/sds/CRD
copying src/spacedatanetwork_astro/sds/CSM/Band.py -> spacedatanetwork_astro-0.1.0.dev0+modules.e4612363998b.af1dde329812d/src/spacedatanetwork_astro/sds/CSM
copying src/spacedatanetwork_astro/sds/CSM/CAT.py -> spacedatanetwork_astro-0.1.0.dev0+modules.e4612363998b.af1dde329812d/src/spacedatanetwork_astro/sds/CSM
copying src/spacedatanetwork_astro/sds/CSM/CSM.py -> spacedatanetwork_astro-0.1.0.dev0+modules.e4612363998b.af1dde329812d/src/spacedatanetwork_astro/sds/CSM
copying src/spacedatanetwork_astro/sds/CSM/DataMode.py -> spacedatanetwork_astro-0.1.0.dev0+modules.e4612363998b.af1dde329812d/src/spacedatanetwork_astro/sds/CSM
copying src/spacedatanetwork_astro/sds/CSM/DeviceType.py -> spacedatanetwork_astro-0.1.0.dev0+modules.e4612363998b.af1dde329812d/src/spacedatanetwork_astro/sds/CSM
copying src/spacedatanetwork_astro/sds/CSM/FrequencyRange.py -> spacedatanetwork_astro-0.1.0.dev0+modules.e4612363998b.af1dde329812d/src/spacedatanetwork_astro/sds/CSM
copying src/spacedatanetwork_astro/sds/CSM/IDM.py -> spacedatanetwork_astro-0.1.0.dev0+modules.e4612363998b.af1dde329812d/src/spacedatanetwork_astro/sds/CSM
copying src/spacedatanetwork_astro/sds/CSM/LCC.py -> spacedatanetwork_astro-0.1.0.dev0+modules.e4612363998b.af1dde329812d/src/spacedatanetwork_astro/sds/CSM
copying src/spacedatanetwork_astro/sds/CSM/PLD.py -> spacedatanetwork_astro-0.1.0.dev0+modules.e4612363998b.af1dde329812d/src/spacedatanetwork_astro/sds/CSM
copying src/spacedatanetwork_astro/sds/CSM/PolarizationType.py -> spacedatanetwork_astro-0.1.0.dev0+modules.e4612363998b.af1dde329812d/src/spacedatanetwork_astro/sds/CSM
copying src/spacedatanetwork_astro/sds/CSM/SimplePolarization.py -> spacedatanetwork_astro-0.1.0.dev0+modules.e4612363998b.af1dde329812d/src/spacedatanetwork_astro/sds/CSM
copying src/spacedatanetwork_astro/sds/CSM/StokesParameters.py -> spacedatanetwork_astro-0.1.0.dev0+modules.e4612363998b.af1dde329812d/src/spacedatanetwork_astro/sds/CSM
copying src/spacedatanetwork_astro/sds/CSM/__init__.py -> spacedatanetwork_astro-0.1.0.dev0+modules.e4612363998b.af1dde329812d/src/spacedatanetwork_astro/sds/CSM
copying src/spacedatanetwork_astro/sds/CSM/dataAvailability.py -> spacedatanetwork_astro-0.1.0.dev0+modules.e4612363998b.af1dde329812d/src/spacedatanetwork_astro/sds/CSM
copying src/spacedatanetwork_astro/sds/CSM/legacyCountryCode.py -> spacedatanetwork_astro-0.1.0.dev0+modules.e4612363998b.af1dde329812d/src/spacedatanetwork_astro/sds/CSM
copying src/spacedatanetwork_astro/sds/CSM/massCategory.py -> spacedatanetwork_astro-0.1.0.dev0+modules.e4612363998b.af1dde329812d/src/spacedatanetwork_astro/sds/CSM
copying src/spacedatanetwork_astro/sds/CSM/operationalState.py -> spacedatanetwork_astro-0.1.0.dev0+modules.e4612363998b.af1dde329812d/src/spacedatanetwork_astro/sds/CSM
copying src/spacedatanetwork_astro/sds/CSM/orbitRegime.py -> spacedatanetwork_astro-0.1.0.dev0+modules.e4612363998b.af1dde329812d/src/spacedatanetwork_astro/sds/CSM
copying src/spacedatanetwork_astro/sds/CSM/spaceObjectClass.py -> spacedatanetwork_astro-0.1.0.dev0+modules.e4612363998b.af1dde329812d/src/spacedatanetwork_astro/sds/CSM
copying src/spacedatanetwork_astro/sds/EOP/DataType.py -> spacedatanetwork_astro-0.1.0.dev0+modules.e4612363998b.af1dde329812d/src/spacedatanetwork_astro/sds/EOP
copying src/spacedatanetwork_astro/sds/EOP/EOP.py -> spacedatanetwork_astro-0.1.0.dev0+modules.e4612363998b.af1dde329812d/src/spacedatanetwork_astro/sds/EOP
copying src/spacedatanetwork_astro/sds/EOP/__init__.py -> spacedatanetwork_astro-0.1.0.dev0+modules.e4612363998b.af1dde329812d/src/spacedatanetwork_astro/sds/EOP
copying src/spacedatanetwork_astro/sds/EOP/eopSeries.py -> spacedatanetwork_astro-0.1.0.dev0+modules.e4612363998b.af1dde329812d/src/spacedatanetwork_astro/sds/EOP
copying src/spacedatanetwork_astro/sds/EOP/iauPrecessionNutationModel.py -> spacedatanetwork_astro-0.1.0.dev0+modules.e4612363998b.af1dde329812d/src/spacedatanetwork_astro/sds/EOP
copying src/spacedatanetwork_astro/sds/EVL/CelestialFrame.py -> spacedatanetwork_astro-0.1.0.dev0+modules.e4612363998b.af1dde329812d/src/spacedatanetwork_astro/sds/EVL
copying src/spacedatanetwork_astro/sds/EVL/CelestialFrameWrapper.py -> spacedatanetwork_astro-0.1.0.dev0+modules.e4612363998b.af1dde329812d/src/spacedatanetwork_astro/sds/EVL
copying src/spacedatanetwork_astro/sds/EVL/CustomFrame.py -> spacedatanetwork_astro-0.1.0.dev0+modules.e4612363998b.af1dde329812d/src/spacedatanetwork_astro/sds/EVL
copying src/spacedatanetwork_astro/sds/EVL/CustomFrameWrapper.py -> spacedatanetwork_astro-0.1.0.dev0+modules.e4612363998b.af1dde329812d/src/spacedatanetwork_astro/sds/EVL
copying src/spacedatanetwork_astro/sds/EVL/EVL.py -> spacedatanetwork_astro-0.1.0.dev0+modules.e4612363998b.af1dde329812d/src/spacedatanetwork_astro/sds/EVL
copying src/spacedatanetwork_astro/sds/EVL/EVLApsidesConfiguration.py -> spacedatanetwork_astro-0.1.0.dev0+modules.e4612363998b.af1dde329812d/src/spacedatanetwork_astro/sds/EVL
copying src/spacedatanetwork_astro/sds/EVL/EVLContactConfiguration.py -> spacedatanetwork_astro-0.1.0.dev0+modules.e4612363998b.af1dde329812d/src/spacedatanetwork_astro/sds/EVL
copying src/spacedatanetwork_astro/sds/EVL/EVLEclipseConfiguration.py -> spacedatanetwork_astro-0.1.0.dev0+modules.e4612363998b.af1dde329812d/src/spacedatanetwork_astro/sds/EVL
copying src/spacedatanetwork_astro/sds/EVL/EVLEvent.py -> spacedatanetwork_astro-0.1.0.dev0+modules.e4612363998b.af1dde329812d/src/spacedatanetwork_astro/sds/EVL
copying src/spacedatanetwork_astro/sds/EVL/EVLEventLocationRequest.py -> spacedatanetwork_astro-0.1.0.dev0+modules.e4612363998b.af1dde329812d/src/spacedatanetwork_astro/sds/EVL
copying src/spacedatanetwork_astro/sds/EVL/EVLEventReport.py -> spacedatanetwork_astro-0.1.0.dev0+modules.e4612363998b.af1dde329812d/src/spacedatanetwork_astro/sds/EVL
copying src/spacedatanetwork_astro/sds/EVL/EVLEventSample.py -> spacedatanetwork_astro-0.1.0.dev0+modules.e4612363998b.af1dde329812d/src/spacedatanetwork_astro/sds/EVL
copying src/spacedatanetwork_astro/sds/EVL/EVLIntrusionConfiguration.py -> spacedatanetwork_astro-0.1.0.dev0+modules.e4612363998b.af1dde329812d/src/spacedatanetwork_astro/sds/EVL
copying src/spacedatanetwork_astro/sds/EVL/EVLNodeCrossingConfiguration.py -> spacedatanetwork_astro-0.1.0.dev0+modules.e4612363998b.af1dde329812d/src/spacedatanetwork_astro/sds/EVL
copying src/spacedatanetwork_astro/sds/EVL/EVLParameterConditionConfiguration.py -> spacedatanetwork_astro-0.1.0.dev0+modules.e4612363998b.af1dde329812d/src/spacedatanetwork_astro/sds/EVL
copying src/spacedatanetwork_astro/sds/EVL/FRM.py -> spacedatanetwork_astro-0.1.0.dev0+modules.e4612363998b.af1dde329812d/src/spacedatanetwork_astro/sds/EVL
copying src/spacedatanetwork_astro/sds/EVL/FRMFrameTransformRequest.py -> spacedatanetwork_astro-0.1.0.dev0+modules.e4612363998b.af1dde329812d/src/spacedatanetwork_astro/sds/EVL
copying src/spacedatanetwork_astro/sds/EVL/FRMFrameTransformResult.py -> spacedatanetwork_astro-0.1.0.dev0+modules.e4612363998b.af1dde329812d/src/spacedatanetwork_astro/sds/EVL
copying src/spacedatanetwork_astro/sds/EVL/FRMMatrix3.py -> spacedatanetwork_astro-0.1.0.dev0+modules.e4612363998b.af1dde329812d/src/spacedatanetwork_astro/sds/EVL
copying src/spacedatanetwork_astro/sds/EVL/FRMStateVector.py -> spacedatanetwork_astro-0.1.0.dev0+modules.e4612363998b.af1dde329812d/src/spacedatanetwork_astro/sds/EVL
copying src/spacedatanetwork_astro/sds/EVL/FRMVector3.py -> spacedatanetwork_astro-0.1.0.dev0+modules.e4612363998b.af1dde329812d/src/spacedatanetwork_astro/sds/EVL
copying src/spacedatanetwork_astro/sds/EVL/OrbitFrame.py -> spacedatanetwork_astro-0.1.0.dev0+modules.e4612363998b.af1dde329812d/src/spacedatanetwork_astro/sds/EVL
copying src/spacedatanetwork_astro/sds/EVL/OrbitFrameWrapper.py -> spacedatanetwork_astro-0.1.0.dev0+modules.e4612363998b.af1dde329812d/src/spacedatanetwork_astro/sds/EVL
copying src/spacedatanetwork_astro/sds/EVL/PCE.py -> spacedatanetwork_astro-0.1.0.dev0+modules.e4612363998b.af1dde329812d/src/spacedatanetwork_astro/sds/EVL
copying src/spacedatanetwork_astro/sds/EVL/PCEEvaluationContext.py -> spacedatanetwork_astro-0.1.0.dev0+modules.e4612363998b.af1dde329812d/src/spacedatanetwork_astro/sds/EVL
copying src/spacedatanetwork_astro/sds/EVL/PCEEvaluationRequest.py -> spacedatanetwork_astro-0.1.0.dev0+modules.e4612363998b.af1dde329812d/src/spacedatanetwork_astro/sds/EVL
copying src/spacedatanetwork_astro/sds/EVL/PCEEvaluationResult.py -> spacedatanetwork_astro-0.1.0.dev0+modules.e4612363998b.af1dde329812d/src/spacedatanetwork_astro/sds/EVL
copying src/spacedatanetwork_astro/sds/EVL/PCEParameterCatalog.py -> spacedatanetwork_astro-0.1.0.dev0+modules.e4612363998b.af1dde329812d/src/spacedatanetwork_astro/sds/EVL
copying src/spacedatanetwork_astro/sds/EVL/PCEParameterCondition.py -> spacedatanetwork_astro-0.1.0.dev0+modules.e4612363998b.af1dde329812d/src/spacedatanetwork_astro/sds/EVL
copying src/spacedatanetwork_astro/sds/EVL/PCEParameterDescriptor.py -> spacedatanetwork_astro-0.1.0.dev0+modules.e4612363998b.af1dde329812d/src/spacedatanetwork_astro/sds/EVL
copying src/spacedatanetwork_astro/sds/EVL/PCEParameterRef.py -> spacedatanetwork_astro-0.1.0.dev0+modules.e4612363998b.af1dde329812d/src/spacedatanetwork_astro/sds/EVL
copying src/spacedatanetwork_astro/sds/EVL/PCEParameterSample.py -> spacedatanetwork_astro-0.1.0.dev0+modules.e4612363998b.af1dde329812d/src/spacedatanetwork_astro/sds/EVL
copying src/spacedatanetwork_astro/sds/EVL/PCEParameterValue.py -> spacedatanetwork_astro-0.1.0.dev0+modules.e4612363998b.af1dde329812d/src/spacedatanetwork_astro/sds/EVL
copying src/spacedatanetwork_astro/sds/EVL/PCEStopReport.py -> spacedatanetwork_astro-0.1.0.dev0+modules.e4612363998b.af1dde329812d/src/spacedatanetwork_astro/sds/EVL
copying src/spacedatanetwork_astro/sds/EVL/PCEStopRequest.py -> spacedatanetwork_astro-0.1.0.dev0+modules.e4612363998b.af1dde329812d/src/spacedatanetwork_astro/sds/EVL
copying src/spacedatanetwork_astro/sds/EVL/RFM.py -> spacedatanetwork_astro-0.1.0.dev0+modules.e4612363998b.af1dde329812d/src/spacedatanetwork_astro/sds/EVL
copying src/spacedatanetwork_astro/sds/EVL/RFMCoordinateSystem.py -> spacedatanetwork_astro-0.1.0.dev0+modules.e4612363998b.af1dde329812d/src/spacedatanetwork_astro/sds/EVL
copying src/spacedatanetwork_astro/sds/EVL/RFMCoordinateSystemWrapper.py -> spacedatanetwork_astro-0.1.0.dev0+modules.e4612363998b.af1dde329812d/src/spacedatanetwork_astro/sds/EVL
copying src/spacedatanetwork_astro/sds/EVL/RFMLocalAlignedConstrainedAxes.py -> spacedatanetwork_astro-0.1.0.dev0+modules.e4612363998b.af1dde329812d/src/spacedatanetwork_astro/sds/EVL
copying src/spacedatanetwork_astro/sds/EVL/RFMObjectReferencedAxes.py -> spacedatanetwork_astro-0.1.0.dev0+modules.e4612363998b.af1dde329812d/src/spacedatanetwork_astro/sds/EVL
copying src/spacedatanetwork_astro/sds/EVL/RFMOrigin.py -> spacedatanetwork_astro-0.1.0.dev0+modules.e4612363998b.af1dde329812d/src/spacedatanetwork_astro/sds/EVL
copying src/spacedatanetwork_astro/sds/EVL/RFMUnion.py -> spacedatanetwork_astro-0.1.0.dev0+modules.e4612363998b.af1dde329812d/src/spacedatanetwork_astro/sds/EVL
copying src/spacedatanetwork_astro/sds/EVL/SpacecraftFrame.py -> spacedatanetwork_astro-0.1.0.dev0+modules.e4612363998b.af1dde329812d/src/spacedatanetwork_astro/sds/EVL
copying src/spacedatanetwork_astro/sds/EVL/SpacecraftFrameWrapper.py -> spacedatanetwork_astro-0.1.0.dev0+modules.e4612363998b.af1dde329812d/src/spacedatanetwork_astro/sds/EVL
copying src/spacedatanetwork_astro/sds/EVL/__init__.py -> spacedatanetwork_astro-0.1.0.dev0+modules.e4612363998b.af1dde329812d/src/spacedatanetwork_astro/sds/EVL
copying src/spacedatanetwork_astro/sds/EVL/evlAberrationCorrection.py -> spacedatanetwork_astro-0.1.0.dev0+modules.e4612363998b.af1dde329812d/src/spacedatanetwork_astro/sds/EVL
copying src/spacedatanetwork_astro/sds/EVL/evlEventType.py -> spacedatanetwork_astro-0.1.0.dev0+modules.e4612363998b.af1dde329812d/src/spacedatanetwork_astro/sds/EVL
copying src/spacedatanetwork_astro/sds/EVL/evlFieldOfViewShape.py -> spacedatanetwork_astro-0.1.0.dev0+modules.e4612363998b.af1dde329812d/src/spacedatanetwork_astro/sds/EVL
copying src/spacedatanetwork_astro/sds/EVL/evlLocatorClass.py -> spacedatanetwork_astro-0.1.0.dev0+modules.e4612363998b.af1dde329812d/src/spacedatanetwork_astro/sds/EVL
copying src/spacedatanetwork_astro/sds/EVL/evlResultStatus.py -> spacedatanetwork_astro-0.1.0.dev0+modules.e4612363998b.af1dde329812d/src/spacedatanetwork_astro/sds/EVL
copying src/spacedatanetwork_astro/sds/EVL/evlSamplePoint.py -> spacedatanetwork_astro-0.1.0.dev0+modules.e4612363998b.af1dde329812d/src/spacedatanetwork_astro/sds/EVL
copying src/spacedatanetwork_astro/sds/EVL/evlShadowModel.py -> spacedatanetwork_astro-0.1.0.dev0+modules.e4612363998b.af1dde329812d/src/spacedatanetwork_astro/sds/EVL
copying src/spacedatanetwork_astro/sds/EVL/frmOperationCode.py -> spacedatanetwork_astro-0.1.0.dev0+modules.e4612363998b.af1dde329812d/src/spacedatanetwork_astro/sds/EVL
copying src/spacedatanetwork_astro/sds/EVL/frmResultStatus.py -> spacedatanetwork_astro-0.1.0.dev0+modules.e4612363998b.af1dde329812d/src/spacedatanetwork_astro/sds/EVL
copying src/spacedatanetwork_astro/sds/EVL/frmStateRepresentation.py -> spacedatanetwork_astro-0.1.0.dev0+modules.e4612363998b.af1dde329812d/src/spacedatanetwork_astro/sds/EVL
copying src/spacedatanetwork_astro/sds/EVL/pceAvailability.py -> spacedatanetwork_astro-0.1.0.dev0+modules.e4612363998b.af1dde329812d/src/spacedatanetwork_astro/sds/EVL
copying src/spacedatanetwork_astro/sds/EVL/pceConditionDirection.py -> spacedatanetwork_astro-0.1.0.dev0+modules.e4612363998b.af1dde329812d/src/spacedatanetwork_astro/sds/EVL
copying src/spacedatanetwork_astro/sds/EVL/pceDataType.py -> spacedatanetwork_astro-0.1.0.dev0+modules.e4612363998b.af1dde329812d/src/spacedatanetwork_astro/sds/EVL
copying src/spacedatanetwork_astro/sds/EVL/pceFrameDependency.py -> spacedatanetwork_astro-0.1.0.dev0+modules.e4612363998b.af1dde329812d/src/spacedatanetwork_astro/sds/EVL
copying src/spacedatanetwork_astro/sds/EVL/pceOwnerClass.py -> spacedatanetwork_astro-0.1.0.dev0+modules.e4612363998b.af1dde329812d/src/spacedatanetwork_astro/sds/EVL
copying src/spacedatanetwork_astro/sds/EVL/pceParameter.py -> spacedatanetwork_astro-0.1.0.dev0+modules.e4612363998b.af1dde329812d/src/spacedatanetwork_astro/sds/EVL
copying src/spacedatanetwork_astro/sds/EVL/pcePropagationDirection.py -> spacedatanetwork_astro-0.1.0.dev0+modules.e4612363998b.af1dde329812d/src/spacedatanetwork_astro/sds/EVL
copying src/spacedatanetwork_astro/sds/EVL/pceResultStatus.py -> spacedatanetwork_astro-0.1.0.dev0+modules.e4612363998b.af1dde329812d/src/spacedatanetwork_astro/sds/EVL
copying src/spacedatanetwork_astro/sds/EVL/pceUnit.py -> spacedatanetwork_astro-0.1.0.dev0+modules.e4612363998b.af1dde329812d/src/spacedatanetwork_astro/sds/EVL
copying src/spacedatanetwork_astro/sds/EVL/rfmAxisType.py -> spacedatanetwork_astro-0.1.0.dev0+modules.e4612363998b.af1dde329812d/src/spacedatanetwork_astro/sds/EVL
copying src/spacedatanetwork_astro/sds/EVL/rfmLibrationPoint.py -> spacedatanetwork_astro-0.1.0.dev0+modules.e4612363998b.af1dde329812d/src/spacedatanetwork_astro/sds/EVL
copying src/spacedatanetwork_astro/sds/EVL/rfmOriginKind.py -> spacedatanetwork_astro-0.1.0.dev0+modules.e4612363998b.af1dde329812d/src/spacedatanetwork_astro/sds/EVL
copying src/spacedatanetwork_astro/sds/EVL/rfmVectorSpecification.py -> spacedatanetwork_astro-0.1.0.dev0+modules.e4612363998b.af1dde329812d/src/spacedatanetwork_astro/sds/EVL
copying src/spacedatanetwork_astro/sds/FRM/CelestialFrame.py -> spacedatanetwork_astro-0.1.0.dev0+modules.e4612363998b.af1dde329812d/src/spacedatanetwork_astro/sds/FRM
copying src/spacedatanetwork_astro/sds/FRM/CelestialFrameWrapper.py -> spacedatanetwork_astro-0.1.0.dev0+modules.e4612363998b.af1dde329812d/src/spacedatanetwork_astro/sds/FRM
copying src/spacedatanetwork_astro/sds/FRM/CustomFrame.py -> spacedatanetwork_astro-0.1.0.dev0+modules.e4612363998b.af1dde329812d/src/spacedatanetwork_astro/sds/FRM
copying src/spacedatanetwork_astro/sds/FRM/CustomFrameWrapper.py -> spacedatanetwork_astro-0.1.0.dev0+modules.e4612363998b.af1dde329812d/src/spacedatanetwork_astro/sds/FRM
copying src/spacedatanetwork_astro/sds/FRM/FRM.py -> spacedatanetwork_astro-0.1.0.dev0+modules.e4612363998b.af1dde329812d/src/spacedatanetwork_astro/sds/FRM
copying src/spacedatanetwork_astro/sds/FRM/FRMFrameTransformRequest.py -> spacedatanetwork_astro-0.1.0.dev0+modules.e4612363998b.af1dde329812d/src/spacedatanetwork_astro/sds/FRM
copying src/spacedatanetwork_astro/sds/FRM/FRMFrameTransformResult.py -> spacedatanetwork_astro-0.1.0.dev0+modules.e4612363998b.af1dde329812d/src/spacedatanetwork_astro/sds/FRM
copying src/spacedatanetwork_astro/sds/FRM/FRMMatrix3.py -> spacedatanetwork_astro-0.1.0.dev0+modules.e4612363998b.af1dde329812d/src/spacedatanetwork_astro/sds/FRM
copying src/spacedatanetwork_astro/sds/FRM/FRMStateVector.py -> spacedatanetwork_astro-0.1.0.dev0+modules.e4612363998b.af1dde329812d/src/spacedatanetwork_astro/sds/FRM
copying src/spacedatanetwork_astro/sds/FRM/FRMVector3.py -> spacedatanetwork_astro-0.1.0.dev0+modules.e4612363998b.af1dde329812d/src/spacedatanetwork_astro/sds/FRM
copying src/spacedatanetwork_astro/sds/FRM/OrbitFrame.py -> spacedatanetwork_astro-0.1.0.dev0+modules.e4612363998b.af1dde329812d/src/spacedatanetwork_astro/sds/FRM
copying src/spacedatanetwork_astro/sds/FRM/OrbitFrameWrapper.py -> spacedatanetwork_astro-0.1.0.dev0+modules.e4612363998b.af1dde329812d/src/spacedatanetwork_astro/sds/FRM
copying src/spacedatanetwork_astro/sds/FRM/RFM.py -> spacedatanetwork_astro-0.1.0.dev0+modules.e4612363998b.af1dde329812d/src/spacedatanetwork_astro/sds/FRM
copying src/spacedatanetwork_astro/sds/FRM/RFMCoordinateSystem.py -> spacedatanetwork_astro-0.1.0.dev0+modules.e4612363998b.af1dde329812d/src/spacedatanetwork_astro/sds/FRM
copying src/spacedatanetwork_astro/sds/FRM/RFMCoordinateSystemWrapper.py -> spacedatanetwork_astro-0.1.0.dev0+modules.e4612363998b.af1dde329812d/src/spacedatanetwork_astro/sds/FRM
copying src/spacedatanetwork_astro/sds/FRM/RFMLocalAlignedConstrainedAxes.py -> spacedatanetwork_astro-0.1.0.dev0+modules.e4612363998b.af1dde329812d/src/spacedatanetwork_astro/sds/FRM
copying src/spacedatanetwork_astro/sds/FRM/RFMObjectReferencedAxes.py -> spacedatanetwork_astro-0.1.0.dev0+modules.e4612363998b.af1dde329812d/src/spacedatanetwork_astro/sds/FRM
copying src/spacedatanetwork_astro/sds/FRM/RFMOrigin.py -> spacedatanetwork_astro-0.1.0.dev0+modules.e4612363998b.af1dde329812d/src/spacedatanetwork_astro/sds/FRM
copying src/spacedatanetwork_astro/sds/FRM/RFMUnion.py -> spacedatanetwork_astro-0.1.0.dev0+modules.e4612363998b.af1dde329812d/src/spacedatanetwork_astro/sds/FRM
copying src/spacedatanetwork_astro/sds/FRM/SpacecraftFrame.py -> spacedatanetwork_astro-0.1.0.dev0+modules.e4612363998b.af1dde329812d/src/spacedatanetwork_astro/sds/FRM
copying src/spacedatanetwork_astro/sds/FRM/SpacecraftFrameWrapper.py -> spacedatanetwork_astro-0.1.0.dev0+modules.e4612363998b.af1dde329812d/src/spacedatanetwork_astro/sds/FRM
copying src/spacedatanetwork_astro/sds/FRM/__init__.py -> spacedatanetwork_astro-0.1.0.dev0+modules.e4612363998b.af1dde329812d/src/spacedatanetwork_astro/sds/FRM
copying src/spacedatanetwork_astro/sds/FRM/frmOperationCode.py -> spacedatanetwork_astro-0.1.0.dev0+modules.e4612363998b.af1dde329812d/src/spacedatanetwork_astro/sds/FRM
copying src/spacedatanetwork_astro/sds/FRM/frmResultStatus.py -> spacedatanetwork_astro-0.1.0.dev0+modules.e4612363998b.af1dde329812d/src/spacedatanetwork_astro/sds/FRM
copying src/spacedatanetwork_astro/sds/FRM/frmStateRepresentation.py -> spacedatanetwork_astro-0.1.0.dev0+modules.e4612363998b.af1dde329812d/src/spacedatanetwork_astro/sds/FRM
copying src/spacedatanetwork_astro/sds/FRM/rfmAxisType.py -> spacedatanetwork_astro-0.1.0.dev0+modules.e4612363998b.af1dde329812d/src/spacedatanetwork_astro/sds/FRM
copying src/spacedatanetwork_astro/sds/FRM/rfmLibrationPoint.py -> spacedatanetwork_astro-0.1.0.dev0+modules.e4612363998b.af1dde329812d/src/spacedatanetwork_astro/sds/FRM
copying src/spacedatanetwork_astro/sds/FRM/rfmOriginKind.py -> spacedatanetwork_astro-0.1.0.dev0+modules.e4612363998b.af1dde329812d/src/spacedatanetwork_astro/sds/FRM
copying src/spacedatanetwork_astro/sds/FRM/rfmVectorSpecification.py -> spacedatanetwork_astro-0.1.0.dev0+modules.e4612363998b.af1dde329812d/src/spacedatanetwork_astro/sds/FRM
copying src/spacedatanetwork_astro/sds/LMO/LMO.py -> spacedatanetwork_astro-0.1.0.dev0+modules.e4612363998b.af1dde329812d/src/spacedatanetwork_astro/sds/LMO
copying src/spacedatanetwork_astro/sds/LMO/__init__.py -> spacedatanetwork_astro-0.1.0.dev0+modules.e4612363998b.af1dde329812d/src/spacedatanetwork_astro/sds/LMO
copying src/spacedatanetwork_astro/sds/LMO/lambertBranchKind.py -> spacedatanetwork_astro-0.1.0.dev0+modules.e4612363998b.af1dde329812d/src/spacedatanetwork_astro/sds/LMO
copying src/spacedatanetwork_astro/sds/LMO/lambertSolutionBranch.py -> spacedatanetwork_astro-0.1.0.dev0+modules.e4612363998b.af1dde329812d/src/spacedatanetwork_astro/sds/LMO
copying src/spacedatanetwork_astro/sds/LMO/lambertSolveState.py -> spacedatanetwork_astro-0.1.0.dev0+modules.e4612363998b.af1dde329812d/src/spacedatanetwork_astro/sds/LMO
copying src/spacedatanetwork_astro/sds/LMO/lambertVector3.py -> spacedatanetwork_astro-0.1.0.dev0+modules.e4612363998b.af1dde329812d/src/spacedatanetwork_astro/sds/LMO
copying src/spacedatanetwork_astro/sds/LMS/LMS.py -> spacedatanetwork_astro-0.1.0.dev0+modules.e4612363998b.af1dde329812d/src/spacedatanetwork_astro/sds/LMS
copying src/spacedatanetwork_astro/sds/LMS/__init__.py -> spacedatanetwork_astro-0.1.0.dev0+modules.e4612363998b.af1dde329812d/src/spacedatanetwork_astro/sds/LMS
copying src/spacedatanetwork_astro/sds/LMS/lambertTransferPath.py -> spacedatanetwork_astro-0.1.0.dev0+modules.e4612363998b.af1dde329812d/src/spacedatanetwork_astro/sds/LMS
copying src/spacedatanetwork_astro/sds/MEM/MEM.py -> spacedatanetwork_astro-0.1.0.dev0+modules.e4612363998b.af1dde329812d/src/spacedatanetwork_astro/sds/MEM
copying src/spacedatanetwork_astro/sds/MEM/MEMAttestation.py -> spacedatanetwork_astro-0.1.0.dev0+modules.e4612363998b.af1dde329812d/src/spacedatanetwork_astro/sds/MEM
copying src/spacedatanetwork_astro/sds/MEM/MEMEditingDecision.py -> spacedatanetwork_astro-0.1.0.dev0+modules.e4612363998b.af1dde329812d/src/spacedatanetwork_astro/sds/MEM
copying src/spacedatanetwork_astro/sds/MEM/MEMErrorModel.py -> spacedatanetwork_astro-0.1.0.dev0+modules.e4612363998b.af1dde329812d/src/spacedatanetwork_astro/sds/MEM
copying src/spacedatanetwork_astro/sds/MEM/__init__.py -> spacedatanetwork_astro-0.1.0.dev0+modules.e4612363998b.af1dde329812d/src/spacedatanetwork_astro/sds/MEM
copying src/spacedatanetwork_astro/sds/MEM/memEditingAction.py -> spacedatanetwork_astro-0.1.0.dev0+modules.e4612363998b.af1dde329812d/src/spacedatanetwork_astro/sds/MEM
copying src/spacedatanetwork_astro/sds/MEM/memEditingReason.py -> spacedatanetwork_astro-0.1.0.dev0+modules.e4612363998b.af1dde329812d/src/spacedatanetwork_astro/sds/MEM
copying src/spacedatanetwork_astro/sds/MEM/memIonosphereModel.py -> spacedatanetwork_astro-0.1.0.dev0+modules.e4612363998b.af1dde329812d/src/spacedatanetwork_astro/sds/MEM
copying src/spacedatanetwork_astro/sds/MEM/memMeasurementType.py -> spacedatanetwork_astro-0.1.0.dev0+modules.e4612363998b.af1dde329812d/src/spacedatanetwork_astro/sds/MEM
copying src/spacedatanetwork_astro/sds/MEM/memTroposphereModel.py -> spacedatanetwork_astro-0.1.0.dev0+modules.e4612363998b.af1dde329812d/src/spacedatanetwork_astro/sds/MEM
copying src/spacedatanetwork_astro/sds/NCD/NCD.py -> spacedatanetwork_astro-0.1.0.dev0+modules.e4612363998b.af1dde329812d/src/spacedatanetwork_astro/sds/NCD
copying src/spacedatanetwork_astro/sds/NCD/NCDCode500Header.py -> spacedatanetwork_astro-0.1.0.dev0+modules.e4612363998b.af1dde329812d/src/spacedatanetwork_astro/sds/NCD
copying src/spacedatanetwork_astro/sds/NCD/NCDSP3Header.py -> spacedatanetwork_astro-0.1.0.dev0+modules.e4612363998b.af1dde329812d/src/spacedatanetwork_astro/sds/NCD
copying src/spacedatanetwork_astro/sds/NCD/NCDScenarioEpochContainer.py -> spacedatanetwork_astro-0.1.0.dev0+modules.e4612363998b.af1dde329812d/src/spacedatanetwork_astro/sds/NCD
copying src/spacedatanetwork_astro/sds/NCD/NCDSegmentDescriptor.py -> spacedatanetwork_astro-0.1.0.dev0+modules.e4612363998b.af1dde329812d/src/spacedatanetwork_astro/sds/NCD
copying src/spacedatanetwork_astro/sds/NCD/__init__.py -> spacedatanetwork_astro-0.1.0.dev0+modules.e4612363998b.af1dde329812d/src/spacedatanetwork_astro/sds/NCD
copying src/spacedatanetwork_astro/sds/NCD/ncdContainerFormat.py -> spacedatanetwork_astro-0.1.0.dev0+modules.e4612363998b.af1dde329812d/src/spacedatanetwork_astro/sds/NCD
copying src/spacedatanetwork_astro/sds/OCM/ATM.py -> spacedatanetwork_astro-0.1.0.dev0+modules.e4612363998b.af1dde329812d/src/spacedatanetwork_astro/sds/OCM
copying src/spacedatanetwork_astro/sds/OCM/AtmosphericModelFamily.py -> spacedatanetwork_astro-0.1.0.dev0+modules.e4612363998b.af1dde329812d/src/spacedatanetwork_astro/sds/OCM
copying src/spacedatanetwork_astro/sds/OCM/Band.py -> spacedatanetwork_astro-0.1.0.dev0+modules.e4612363998b.af1dde329812d/src/spacedatanetwork_astro/sds/OCM
copying src/spacedatanetwork_astro/sds/OCM/CAT.py -> spacedatanetwork_astro-0.1.0.dev0+modules.e4612363998b.af1dde329812d/src/spacedatanetwork_astro/sds/OCM
copying src/spacedatanetwork_astro/sds/OCM/CelestialFrame.py -> spacedatanetwork_astro-0.1.0.dev0+modules.e4612363998b.af1dde329812d/src/spacedatanetwork_astro/sds/OCM
copying src/spacedatanetwork_astro/sds/OCM/CelestialFrameWrapper.py -> spacedatanetwork_astro-0.1.0.dev0+modules.e4612363998b.af1dde329812d/src/spacedatanetwork_astro/sds/OCM
copying src/spacedatanetwork_astro/sds/OCM/CustomFrame.py -> spacedatanetwork_astro-0.1.0.dev0+modules.e4612363998b.af1dde329812d/src/spacedatanetwork_astro/sds/OCM
copying src/spacedatanetwork_astro/sds/OCM/CustomFrameWrapper.py -> spacedatanetwork_astro-0.1.0.dev0+modules.e4612363998b.af1dde329812d/src/spacedatanetwork_astro/sds/OCM
copying src/spacedatanetwork_astro/sds/OCM/DataMode.py -> spacedatanetwork_astro-0.1.0.dev0+modules.e4612363998b.af1dde329812d/src/spacedatanetwork_astro/sds/OCM
copying src/spacedatanetwork_astro/sds/OCM/DeviceType.py -> spacedatanetwork_astro-0.1.0.dev0+modules.e4612363998b.af1dde329812d/src/spacedatanetwork_astro/sds/OCM
copying src/spacedatanetwork_astro/sds/OCM/FrequencyRange.py -> spacedatanetwork_astro-0.1.0.dev0+modules.e4612363998b.af1dde329812d/src/spacedatanetwork_astro/sds/OCM
copying src/spacedatanetwork_astro/sds/OCM/Header.py -> spacedatanetwork_astro-0.1.0.dev0+modules.e4612363998b.af1dde329812d/src/spacedatanetwork_astro/sds/OCM
copying src/spacedatanetwork_astro/sds/OCM/IDM.py -> spacedatanetwork_astro-0.1.0.dev0+modules.e4612363998b.af1dde329812d/src/spacedatanetwork_astro/sds/OCM
copying src/spacedatanetwork_astro/sds/OCM/LCC.py -> spacedatanetwork_astro-0.1.0.dev0+modules.e4612363998b.af1dde329812d/src/spacedatanetwork_astro/sds/OCM
copying src/spacedatanetwork_astro/sds/OCM/Maneuver.py -> spacedatanetwork_astro-0.1.0.dev0+modules.e4612363998b.af1dde329812d/src/spacedatanetwork_astro/sds/OCM
copying src/spacedatanetwork_astro/sds/OCM/Metadata.py -> spacedatanetwork_astro-0.1.0.dev0+modules.e4612363998b.af1dde329812d/src/spacedatanetwork_astro/sds/OCM
copying src/spacedatanetwork_astro/sds/OCM/OCM.py -> spacedatanetwork_astro-0.1.0.dev0+modules.e4612363998b.af1dde329812d/src/spacedatanetwork_astro/sds/OCM
copying src/spacedatanetwork_astro/sds/OCM/OrbitDetermination.py -> spacedatanetwork_astro-0.1.0.dev0+modules.e4612363998b.af1dde329812d/src/spacedatanetwork_astro/sds/OCM
copying src/spacedatanetwork_astro/sds/OCM/OrbitFrame.py -> spacedatanetwork_astro-0.1.0.dev0+modules.e4612363998b.af1dde329812d/src/spacedatanetwork_astro/sds/OCM
copying src/spacedatanetwork_astro/sds/OCM/OrbitFrameWrapper.py -> spacedatanetwork_astro-0.1.0.dev0+modules.e4612363998b.af1dde329812d/src/spacedatanetwork_astro/sds/OCM
copying src/spacedatanetwork_astro/sds/OCM/PLD.py -> spacedatanetwork_astro-0.1.0.dev0+modules.e4612363998b.af1dde329812d/src/spacedatanetwork_astro/sds/OCM
copying src/spacedatanetwork_astro/sds/OCM/PPE.py -> spacedatanetwork_astro-0.1.0.dev0+modules.e4612363998b.af1dde329812d/src/spacedatanetwork_astro/sds/OCM
copying src/spacedatanetwork_astro/sds/OCM/PPEOrbitalElementRecord.py -> spacedatanetwork_astro-0.1.0.dev0+modules.e4612363998b.af1dde329812d/src/spacedatanetwork_astro/sds/OCM
copying src/spacedatanetwork_astro/sds/OCM/PPEPositionRecord.py -> spacedatanetwork_astro-0.1.0.dev0+modules.e4612363998b.af1dde329812d/src/spacedatanetwork_astro/sds/OCM
copying src/spacedatanetwork_astro/sds/OCM/Perturbations.py -> spacedatanetwork_astro-0.1.0.dev0+modules.e4612363998b.af1dde329812d/src/spacedatanetwork_astro/sds/OCM
copying src/spacedatanetwork_astro/sds/OCM/PhysicalProperties.py -> spacedatanetwork_astro-0.1.0.dev0+modules.e4612363998b.af1dde329812d/src/spacedatanetwork_astro/sds/OCM
copying src/spacedatanetwork_astro/sds/OCM/PolarizationType.py -> spacedatanetwork_astro-0.1.0.dev0+modules.e4612363998b.af1dde329812d/src/spacedatanetwork_astro/sds/OCM
copying src/spacedatanetwork_astro/sds/OCM/RFM.py -> spacedatanetwork_astro-0.1.0.dev0+modules.e4612363998b.af1dde329812d/src/spacedatanetwork_astro/sds/OCM
copying src/spacedatanetwork_astro/sds/OCM/RFMCoordinateSystem.py -> spacedatanetwork_astro-0.1.0.dev0+modules.e4612363998b.af1dde329812d/src/spacedatanetwork_astro/sds/OCM
copying src/spacedatanetwork_astro/sds/OCM/RFMCoordinateSystemWrapper.py -> spacedatanetwork_astro-0.1.0.dev0+modules.e4612363998b.af1dde329812d/src/spacedatanetwork_astro/sds/OCM
copying src/spacedatanetwork_astro/sds/OCM/RFMLocalAlignedConstrainedAxes.py -> spacedatanetwork_astro-0.1.0.dev0+modules.e4612363998b.af1dde329812d/src/spacedatanetwork_astro/sds/OCM
copying src/spacedatanetwork_astro/sds/OCM/RFMObjectReferencedAxes.py -> spacedatanetwork_astro-0.1.0.dev0+modules.e4612363998b.af1dde329812d/src/spacedatanetwork_astro/sds/OCM
copying src/spacedatanetwork_astro/sds/OCM/RFMOrigin.py -> spacedatanetwork_astro-0.1.0.dev0+modules.e4612363998b.af1dde329812d/src/spacedatanetwork_astro/sds/OCM
copying src/spacedatanetwork_astro/sds/OCM/RFMUnion.py -> spacedatanetwork_astro-0.1.0.dev0+modules.e4612363998b.af1dde329812d/src/spacedatanetwork_astro/sds/OCM
copying src/spacedatanetwork_astro/sds/OCM/SimplePolarization.py -> spacedatanetwork_astro-0.1.0.dev0+modules.e4612363998b.af1dde329812d/src/spacedatanetwork_astro/sds/OCM
copying src/spacedatanetwork_astro/sds/OCM/SpacecraftFrame.py -> spacedatanetwork_astro-0.1.0.dev0+modules.e4612363998b.af1dde329812d/src/spacedatanetwork_astro/sds/OCM
copying src/spacedatanetwork_astro/sds/OCM/SpacecraftFrameWrapper.py -> spacedatanetwork_astro-0.1.0.dev0+modules.e4612363998b.af1dde329812d/src/spacedatanetwork_astro/sds/OCM
copying src/spacedatanetwork_astro/sds/OCM/StateVector.py -> spacedatanetwork_astro-0.1.0.dev0+modules.e4612363998b.af1dde329812d/src/spacedatanetwork_astro/sds/OCM
copying src/spacedatanetwork_astro/sds/OCM/StokesParameters.py -> spacedatanetwork_astro-0.1.0.dev0+modules.e4612363998b.af1dde329812d/src/spacedatanetwork_astro/sds/OCM
copying src/spacedatanetwork_astro/sds/OCM/TIM.py -> spacedatanetwork_astro-0.1.0.dev0+modules.e4612363998b.af1dde329812d/src/spacedatanetwork_astro/sds/OCM
copying src/spacedatanetwork_astro/sds/OCM/TIMCcsdsTimeCode.py -> spacedatanetwork_astro-0.1.0.dev0+modules.e4612363998b.af1dde329812d/src/spacedatanetwork_astro/sds/OCM
copying src/spacedatanetwork_astro/sds/OCM/TIMConversionRequest.py -> spacedatanetwork_astro-0.1.0.dev0+modules.e4612363998b.af1dde329812d/src/spacedatanetwork_astro/sds/OCM
copying src/spacedatanetwork_astro/sds/OCM/TIMConversionResult.py -> spacedatanetwork_astro-0.1.0.dev0+modules.e4612363998b.af1dde329812d/src/spacedatanetwork_astro/sds/OCM
copying src/spacedatanetwork_astro/sds/OCM/TIMInstant.py -> spacedatanetwork_astro-0.1.0.dev0+modules.e4612363998b.af1dde329812d/src/spacedatanetwork_astro/sds/OCM
copying src/spacedatanetwork_astro/sds/OCM/UserDefinedParameters.py -> spacedatanetwork_astro-0.1.0.dev0+modules.e4612363998b.af1dde329812d/src/spacedatanetwork_astro/sds/OCM
copying src/spacedatanetwork_astro/sds/OCM/__init__.py -> spacedatanetwork_astro-0.1.0.dev0+modules.e4612363998b.af1dde329812d/src/spacedatanetwork_astro/sds/OCM
copying src/spacedatanetwork_astro/sds/OCM/dataAvailability.py -> spacedatanetwork_astro-0.1.0.dev0+modules.e4612363998b.af1dde329812d/src/spacedatanetwork_astro/sds/OCM
copying src/spacedatanetwork_astro/sds/OCM/estimatorCategory.py -> spacedatanetwork_astro-0.1.0.dev0+modules.e4612363998b.af1dde329812d/src/spacedatanetwork_astro/sds/OCM
copying src/spacedatanetwork_astro/sds/OCM/legacyCountryCode.py -> spacedatanetwork_astro-0.1.0.dev0+modules.e4612363998b.af1dde329812d/src/spacedatanetwork_astro/sds/OCM
copying src/spacedatanetwork_astro/sds/OCM/massCategory.py -> spacedatanetwork_astro-0.1.0.dev0+modules.e4612363998b.af1dde329812d/src/spacedatanetwork_astro/sds/OCM
copying src/spacedatanetwork_astro/sds/OCM/operationalState.py -> spacedatanetwork_astro-0.1.0.dev0+modules.e4612363998b.af1dde329812d/src/spacedatanetwork_astro/sds/OCM
copying src/spacedatanetwork_astro/sds/OCM/orbitRegime.py -> spacedatanetwork_astro-0.1.0.dev0+modules.e4612363998b.af1dde329812d/src/spacedatanetwork_astro/sds/OCM
copying src/spacedatanetwork_astro/sds/OCM/polynomialBasisType.py -> spacedatanetwork_astro-0.1.0.dev0+modules.e4612363998b.af1dde329812d/src/spacedatanetwork_astro/sds/OCM
copying src/spacedatanetwork_astro/sds/OCM/ppeAnomalyType.py -> spacedatanetwork_astro-0.1.0.dev0+modules.e4612363998b.af1dde329812d/src/spacedatanetwork_astro/sds/OCM
copying src/spacedatanetwork_astro/sds/OCM/rfmAxisType.py -> spacedatanetwork_astro-0.1.0.dev0+modules.e4612363998b.af1dde329812d/src/spacedatanetwork_astro/sds/OCM
copying src/spacedatanetwork_astro/sds/OCM/rfmLibrationPoint.py -> spacedatanetwork_astro-0.1.0.dev0+modules.e4612363998b.af1dde329812d/src/spacedatanetwork_astro/sds/OCM
copying src/spacedatanetwork_astro/sds/OCM/rfmOriginKind.py -> spacedatanetwork_astro-0.1.0.dev0+modules.e4612363998b.af1dde329812d/src/spacedatanetwork_astro/sds/OCM
copying src/spacedatanetwork_astro/sds/OCM/rfmVectorSpecification.py -> spacedatanetwork_astro-0.1.0.dev0+modules.e4612363998b.af1dde329812d/src/spacedatanetwork_astro/sds/OCM
copying src/spacedatanetwork_astro/sds/OCM/sizeShapeProfile.py -> spacedatanetwork_astro-0.1.0.dev0+modules.e4612363998b.af1dde329812d/src/spacedatanetwork_astro/sds/OCM
copying src/spacedatanetwork_astro/sds/OCM/spaceObjectClass.py -> spacedatanetwork_astro-0.1.0.dev0+modules.e4612363998b.af1dde329812d/src/spacedatanetwork_astro/sds/OCM
copying src/spacedatanetwork_astro/sds/OCM/timCcsdsTimeCodeKind.py -> spacedatanetwork_astro-0.1.0.dev0+modules.e4612363998b.af1dde329812d/src/spacedatanetwork_astro/sds/OCM
copying src/spacedatanetwork_astro/sds/OCM/timConversionStatus.py -> spacedatanetwork_astro-0.1.0.dev0+modules.e4612363998b.af1dde329812d/src/spacedatanetwork_astro/sds/OCM
copying src/spacedatanetwork_astro/sds/OCM/timEpochRepresentation.py -> spacedatanetwork_astro-0.1.0.dev0+modules.e4612363998b.af1dde329812d/src/spacedatanetwork_astro/sds/OCM
copying src/spacedatanetwork_astro/sds/OCM/timingStandard.py -> spacedatanetwork_astro-0.1.0.dev0+modules.e4612363998b.af1dde329812d/src/spacedatanetwork_astro/sds/OCM
copying src/spacedatanetwork_astro/sds/OCM/trajectoryType.py -> spacedatanetwork_astro-0.1.0.dev0+modules.e4612363998b.af1dde329812d/src/spacedatanetwork_astro/sds/OCM
copying src/spacedatanetwork_astro/sds/ODR/CelestialFrame.py -> spacedatanetwork_astro-0.1.0.dev0+modules.e4612363998b.af1dde329812d/src/spacedatanetwork_astro/sds/ODR
copying src/spacedatanetwork_astro/sds/ODR/CelestialFrameWrapper.py -> spacedatanetwork_astro-0.1.0.dev0+modules.e4612363998b.af1dde329812d/src/spacedatanetwork_astro/sds/ODR
copying src/spacedatanetwork_astro/sds/ODR/CustomFrame.py -> spacedatanetwork_astro-0.1.0.dev0+modules.e4612363998b.af1dde329812d/src/spacedatanetwork_astro/sds/ODR
copying src/spacedatanetwork_astro/sds/ODR/CustomFrameWrapper.py -> spacedatanetwork_astro-0.1.0.dev0+modules.e4612363998b.af1dde329812d/src/spacedatanetwork_astro/sds/ODR
copying src/spacedatanetwork_astro/sds/ODR/FRM.py -> spacedatanetwork_astro-0.1.0.dev0+modules.e4612363998b.af1dde329812d/src/spacedatanetwork_astro/sds/ODR
copying src/spacedatanetwork_astro/sds/ODR/FRMFrameTransformRequest.py -> spacedatanetwork_astro-0.1.0.dev0+modules.e4612363998b.af1dde329812d/src/spacedatanetwork_astro/sds/ODR
copying src/spacedatanetwork_astro/sds/ODR/FRMFrameTransformResult.py -> spacedatanetwork_astro-0.1.0.dev0+modules.e4612363998b.af1dde329812d/src/spacedatanetwork_astro/sds/ODR
copying src/spacedatanetwork_astro/sds/ODR/FRMMatrix3.py -> spacedatanetwork_astro-0.1.0.dev0+modules.e4612363998b.af1dde329812d/src/spacedatanetwork_astro/sds/ODR
copying src/spacedatanetwork_astro/sds/ODR/FRMStateVector.py -> spacedatanetwork_astro-0.1.0.dev0+modules.e4612363998b.af1dde329812d/src/spacedatanetwork_astro/sds/ODR
copying src/spacedatanetwork_astro/sds/ODR/FRMVector3.py -> spacedatanetwork_astro-0.1.0.dev0+modules.e4612363998b.af1dde329812d/src/spacedatanetwork_astro/sds/ODR
copying src/spacedatanetwork_astro/sds/ODR/ODR.py -> spacedatanetwork_astro-0.1.0.dev0+modules.e4612363998b.af1dde329812d/src/spacedatanetwork_astro/sds/ODR
copying src/spacedatanetwork_astro/sds/ODR/ODRAttestation.py -> spacedatanetwork_astro-0.1.0.dev0+modules.e4612363998b.af1dde329812d/src/spacedatanetwork_astro/sds/ODR
copying src/spacedatanetwork_astro/sds/ODR/ODREditedObservation.py -> spacedatanetwork_astro-0.1.0.dev0+modules.e4612363998b.af1dde329812d/src/spacedatanetwork_astro/sds/ODR
copying src/spacedatanetwork_astro/sds/ODR/ODREstimatedParameter.py -> spacedatanetwork_astro-0.1.0.dev0+modules.e4612363998b.af1dde329812d/src/spacedatanetwork_astro/sds/ODR
copying src/spacedatanetwork_astro/sds/ODR/ODRFilterEpoch.py -> spacedatanetwork_astro-0.1.0.dev0+modules.e4612363998b.af1dde329812d/src/spacedatanetwork_astro/sds/ODR
copying src/spacedatanetwork_astro/sds/ODR/ODRIterationStatistics.py -> spacedatanetwork_astro-0.1.0.dev0+modules.e4612363998b.af1dde329812d/src/spacedatanetwork_astro/sds/ODR
copying src/spacedatanetwork_astro/sds/ODR/ODRSolverConfiguration.py -> spacedatanetwork_astro-0.1.0.dev0+modules.e4612363998b.af1dde329812d/src/spacedatanetwork_astro/sds/ODR
copying src/spacedatanetwork_astro/sds/ODR/OrbitFrame.py -> spacedatanetwork_astro-0.1.0.dev0+modules.e4612363998b.af1dde329812d/src/spacedatanetwork_astro/sds/ODR
copying src/spacedatanetwork_astro/sds/ODR/OrbitFrameWrapper.py -> spacedatanetwork_astro-0.1.0.dev0+modules.e4612363998b.af1dde329812d/src/spacedatanetwork_astro/sds/ODR
copying src/spacedatanetwork_astro/sds/ODR/PCE.py -> spacedatanetwork_astro-0.1.0.dev0+modules.e4612363998b.af1dde329812d/src/spacedatanetwork_astro/sds/ODR
copying src/spacedatanetwork_astro/sds/ODR/PCEEvaluationContext.py -> spacedatanetwork_astro-0.1.0.dev0+modules.e4612363998b.af1dde329812d/src/spacedatanetwork_astro/sds/ODR
copying src/spacedatanetwork_astro/sds/ODR/PCEEvaluationRequest.py -> spacedatanetwork_astro-0.1.0.dev0+modules.e4612363998b.af1dde329812d/src/spacedatanetwork_astro/sds/ODR
copying src/spacedatanetwork_astro/sds/ODR/PCEEvaluationResult.py -> spacedatanetwork_astro-0.1.0.dev0+modules.e4612363998b.af1dde329812d/src/spacedatanetwork_astro/sds/ODR
copying src/spacedatanetwork_astro/sds/ODR/PCEParameterCatalog.py -> spacedatanetwork_astro-0.1.0.dev0+modules.e4612363998b.af1dde329812d/src/spacedatanetwork_astro/sds/ODR
copying src/spacedatanetwork_astro/sds/ODR/PCEParameterCondition.py -> spacedatanetwork_astro-0.1.0.dev0+modules.e4612363998b.af1dde329812d/src/spacedatanetwork_astro/sds/ODR
copying src/spacedatanetwork_astro/sds/ODR/PCEParameterDescriptor.py -> spacedatanetwork_astro-0.1.0.dev0+modules.e4612363998b.af1dde329812d/src/spacedatanetwork_astro/sds/ODR
copying src/spacedatanetwork_astro/sds/ODR/PCEParameterRef.py -> spacedatanetwork_astro-0.1.0.dev0+modules.e4612363998b.af1dde329812d/src/spacedatanetwork_astro/sds/ODR
copying src/spacedatanetwork_astro/sds/ODR/PCEParameterSample.py -> spacedatanetwork_astro-0.1.0.dev0+modules.e4612363998b.af1dde329812d/src/spacedatanetwork_astro/sds/ODR
copying src/spacedatanetwork_astro/sds/ODR/PCEParameterValue.py -> spacedatanetwork_astro-0.1.0.dev0+modules.e4612363998b.af1dde329812d/src/spacedatanetwork_astro/sds/ODR
copying src/spacedatanetwork_astro/sds/ODR/PCEStopReport.py -> spacedatanetwork_astro-0.1.0.dev0+modules.e4612363998b.af1dde329812d/src/spacedatanetwork_astro/sds/ODR
copying src/spacedatanetwork_astro/sds/ODR/PCEStopRequest.py -> spacedatanetwork_astro-0.1.0.dev0+modules.e4612363998b.af1dde329812d/src/spacedatanetwork_astro/sds/ODR
copying src/spacedatanetwork_astro/sds/ODR/RFM.py -> spacedatanetwork_astro-0.1.0.dev0+modules.e4612363998b.af1dde329812d/src/spacedatanetwork_astro/sds/ODR
copying src/spacedatanetwork_astro/sds/ODR/RFMCoordinateSystem.py -> spacedatanetwork_astro-0.1.0.dev0+modules.e4612363998b.af1dde329812d/src/spacedatanetwork_astro/sds/ODR
copying src/spacedatanetwork_astro/sds/ODR/RFMCoordinateSystemWrapper.py -> spacedatanetwork_astro-0.1.0.dev0+modules.e4612363998b.af1dde329812d/src/spacedatanetwork_astro/sds/ODR
copying src/spacedatanetwork_astro/sds/ODR/RFMLocalAlignedConstrainedAxes.py -> spacedatanetwork_astro-0.1.0.dev0+modules.e4612363998b.af1dde329812d/src/spacedatanetwork_astro/sds/ODR
copying src/spacedatanetwork_astro/sds/ODR/RFMObjectReferencedAxes.py -> spacedatanetwork_astro-0.1.0.dev0+modules.e4612363998b.af1dde329812d/src/spacedatanetwork_astro/sds/ODR
copying src/spacedatanetwork_astro/sds/ODR/RFMOrigin.py -> spacedatanetwork_astro-0.1.0.dev0+modules.e4612363998b.af1dde329812d/src/spacedatanetwork_astro/sds/ODR
copying src/spacedatanetwork_astro/sds/ODR/RFMUnion.py -> spacedatanetwork_astro-0.1.0.dev0+modules.e4612363998b.af1dde329812d/src/spacedatanetwork_astro/sds/ODR
copying src/spacedatanetwork_astro/sds/ODR/SpacecraftFrame.py -> spacedatanetwork_astro-0.1.0.dev0+modules.e4612363998b.af1dde329812d/src/spacedatanetwork_astro/sds/ODR
copying src/spacedatanetwork_astro/sds/ODR/SpacecraftFrameWrapper.py -> spacedatanetwork_astro-0.1.0.dev0+modules.e4612363998b.af1dde329812d/src/spacedatanetwork_astro/sds/ODR
copying src/spacedatanetwork_astro/sds/ODR/__init__.py -> spacedatanetwork_astro-0.1.0.dev0+modules.e4612363998b.af1dde329812d/src/spacedatanetwork_astro/sds/ODR
copying src/spacedatanetwork_astro/sds/ODR/frmOperationCode.py -> spacedatanetwork_astro-0.1.0.dev0+modules.e4612363998b.af1dde329812d/src/spacedatanetwork_astro/sds/ODR
copying src/spacedatanetwork_astro/sds/ODR/frmResultStatus.py -> spacedatanetwork_astro-0.1.0.dev0+modules.e4612363998b.af1dde329812d/src/spacedatanetwork_astro/sds/ODR
copying src/spacedatanetwork_astro/sds/ODR/frmStateRepresentation.py -> spacedatanetwork_astro-0.1.0.dev0+modules.e4612363998b.af1dde329812d/src/spacedatanetwork_astro/sds/ODR
copying src/spacedatanetwork_astro/sds/ODR/odrConvergenceReason.py -> spacedatanetwork_astro-0.1.0.dev0+modules.e4612363998b.af1dde329812d/src/spacedatanetwork_astro/sds/ODR
copying src/spacedatanetwork_astro/sds/ODR/odrEstimatorKind.py -> spacedatanetwork_astro-0.1.0.dev0+modules.e4612363998b.af1dde329812d/src/spacedatanetwork_astro/sds/ODR
copying src/spacedatanetwork_astro/sds/ODR/odrParameterDisposition.py -> spacedatanetwork_astro-0.1.0.dev0+modules.e4612363998b.af1dde329812d/src/spacedatanetwork_astro/sds/ODR
copying src/spacedatanetwork_astro/sds/ODR/odrProcessNoiseKind.py -> spacedatanetwork_astro-0.1.0.dev0+modules.e4612363998b.af1dde329812d/src/spacedatanetwork_astro/sds/ODR
copying src/spacedatanetwork_astro/sds/ODR/pceAvailability.py -> spacedatanetwork_astro-0.1.0.dev0+modules.e4612363998b.af1dde329812d/src/spacedatanetwork_astro/sds/ODR
copying src/spacedatanetwork_astro/sds/ODR/pceConditionDirection.py -> spacedatanetwork_astro-0.1.0.dev0+modules.e4612363998b.af1dde329812d/src/spacedatanetwork_astro/sds/ODR
copying src/spacedatanetwork_astro/sds/ODR/pceDataType.py -> spacedatanetwork_astro-0.1.0.dev0+modules.e4612363998b.af1dde329812d/src/spacedatanetwork_astro/sds/ODR
copying src/spacedatanetwork_astro/sds/ODR/pceFrameDependency.py -> spacedatanetwork_astro-0.1.0.dev0+modules.e4612363998b.af1dde329812d/src/spacedatanetwork_astro/sds/ODR
copying src/spacedatanetwork_astro/sds/ODR/pceOwnerClass.py -> spacedatanetwork_astro-0.1.0.dev0+modules.e4612363998b.af1dde329812d/src/spacedatanetwork_astro/sds/ODR
copying src/spacedatanetwork_astro/sds/ODR/pceParameter.py -> spacedatanetwork_astro-0.1.0.dev0+modules.e4612363998b.af1dde329812d/src/spacedatanetwork_astro/sds/ODR
copying src/spacedatanetwork_astro/sds/ODR/pcePropagationDirection.py -> spacedatanetwork_astro-0.1.0.dev0+modules.e4612363998b.af1dde329812d/src/spacedatanetwork_astro/sds/ODR
copying src/spacedatanetwork_astro/sds/ODR/pceResultStatus.py -> spacedatanetwork_astro-0.1.0.dev0+modules.e4612363998b.af1dde329812d/src/spacedatanetwork_astro/sds/ODR
copying src/spacedatanetwork_astro/sds/ODR/pceUnit.py -> spacedatanetwork_astro-0.1.0.dev0+modules.e4612363998b.af1dde329812d/src/spacedatanetwork_astro/sds/ODR
copying src/spacedatanetwork_astro/sds/ODR/rfmAxisType.py -> spacedatanetwork_astro-0.1.0.dev0+modules.e4612363998b.af1dde329812d/src/spacedatanetwork_astro/sds/ODR
copying src/spacedatanetwork_astro/sds/ODR/rfmLibrationPoint.py -> spacedatanetwork_astro-0.1.0.dev0+modules.e4612363998b.af1dde329812d/src/spacedatanetwork_astro/sds/ODR
copying src/spacedatanetwork_astro/sds/ODR/rfmOriginKind.py -> spacedatanetwork_astro-0.1.0.dev0+modules.e4612363998b.af1dde329812d/src/spacedatanetwork_astro/sds/ODR
copying src/spacedatanetwork_astro/sds/ODR/rfmVectorSpecification.py -> spacedatanetwork_astro-0.1.0.dev0+modules.e4612363998b.af1dde329812d/src/spacedatanetwork_astro/sds/ODR
copying src/spacedatanetwork_astro/sds/OEM/Band.py -> spacedatanetwork_astro-0.1.0.dev0+modules.e4612363998b.af1dde329812d/src/spacedatanetwork_astro/sds/OEM
copying src/spacedatanetwork_astro/sds/OEM/CAT.py -> spacedatanetwork_astro-0.1.0.dev0+modules.e4612363998b.af1dde329812d/src/spacedatanetwork_astro/sds/OEM
copying src/spacedatanetwork_astro/sds/OEM/CelestialFrame.py -> spacedatanetwork_astro-0.1.0.dev0+modules.e4612363998b.af1dde329812d/src/spacedatanetwork_astro/sds/OEM
copying src/spacedatanetwork_astro/sds/OEM/CelestialFrameWrapper.py -> spacedatanetwork_astro-0.1.0.dev0+modules.e4612363998b.af1dde329812d/src/spacedatanetwork_astro/sds/OEM
copying src/spacedatanetwork_astro/sds/OEM/CustomFrame.py -> spacedatanetwork_astro-0.1.0.dev0+modules.e4612363998b.af1dde329812d/src/spacedatanetwork_astro/sds/OEM
copying src/spacedatanetwork_astro/sds/OEM/CustomFrameWrapper.py -> spacedatanetwork_astro-0.1.0.dev0+modules.e4612363998b.af1dde329812d/src/spacedatanetwork_astro/sds/OEM
copying src/spacedatanetwork_astro/sds/OEM/DataMode.py -> spacedatanetwork_astro-0.1.0.dev0+modules.e4612363998b.af1dde329812d/src/spacedatanetwork_astro/sds/OEM
copying src/spacedatanetwork_astro/sds/OEM/DeviceType.py -> spacedatanetwork_astro-0.1.0.dev0+modules.e4612363998b.af1dde329812d/src/spacedatanetwork_astro/sds/OEM
copying src/spacedatanetwork_astro/sds/OEM/FrequencyRange.py -> spacedatanetwork_astro-0.1.0.dev0+modules.e4612363998b.af1dde329812d/src/spacedatanetwork_astro/sds/OEM
copying src/spacedatanetwork_astro/sds/OEM/IDM.py -> spacedatanetwork_astro-0.1.0.dev0+modules.e4612363998b.af1dde329812d/src/spacedatanetwork_astro/sds/OEM
copying src/spacedatanetwork_astro/sds/OEM/LCC.py -> spacedatanetwork_astro-0.1.0.dev0+modules.e4612363998b.af1dde329812d/src/spacedatanetwork_astro/sds/OEM
copying src/spacedatanetwork_astro/sds/OEM/OEM.py -> spacedatanetwork_astro-0.1.0.dev0+modules.e4612363998b.af1dde329812d/src/spacedatanetwork_astro/sds/OEM
copying src/spacedatanetwork_astro/sds/OEM/OrbitFrame.py -> spacedatanetwork_astro-0.1.0.dev0+modules.e4612363998b.af1dde329812d/src/spacedatanetwork_astro/sds/OEM
copying src/spacedatanetwork_astro/sds/OEM/OrbitFrameWrapper.py -> spacedatanetwork_astro-0.1.0.dev0+modules.e4612363998b.af1dde329812d/src/spacedatanetwork_astro/sds/OEM
copying src/spacedatanetwork_astro/sds/OEM/PLD.py -> spacedatanetwork_astro-0.1.0.dev0+modules.e4612363998b.af1dde329812d/src/spacedatanetwork_astro/sds/OEM
copying src/spacedatanetwork_astro/sds/OEM/PPE.py -> spacedatanetwork_astro-0.1.0.dev0+modules.e4612363998b.af1dde329812d/src/spacedatanetwork_astro/sds/OEM
copying src/spacedatanetwork_astro/sds/OEM/PPEOrbitalElementRecord.py -> spacedatanetwork_astro-0.1.0.dev0+modules.e4612363998b.af1dde329812d/src/spacedatanetwork_astro/sds/OEM
copying src/spacedatanetwork_astro/sds/OEM/PPEPositionRecord.py -> spacedatanetwork_astro-0.1.0.dev0+modules.e4612363998b.af1dde329812d/src/spacedatanetwork_astro/sds/OEM
copying src/spacedatanetwork_astro/sds/OEM/PolarizationType.py -> spacedatanetwork_astro-0.1.0.dev0+modules.e4612363998b.af1dde329812d/src/spacedatanetwork_astro/sds/OEM
copying src/spacedatanetwork_astro/sds/OEM/RFM.py -> spacedatanetwork_astro-0.1.0.dev0+modules.e4612363998b.af1dde329812d/src/spacedatanetwork_astro/sds/OEM
copying src/spacedatanetwork_astro/sds/OEM/RFMCoordinateSystem.py -> spacedatanetwork_astro-0.1.0.dev0+modules.e4612363998b.af1dde329812d/src/spacedatanetwork_astro/sds/OEM
copying src/spacedatanetwork_astro/sds/OEM/RFMCoordinateSystemWrapper.py -> spacedatanetwork_astro-0.1.0.dev0+modules.e4612363998b.af1dde329812d/src/spacedatanetwork_astro/sds/OEM
copying src/spacedatanetwork_astro/sds/OEM/RFMLocalAlignedConstrainedAxes.py -> spacedatanetwork_astro-0.1.0.dev0+modules.e4612363998b.af1dde329812d/src/spacedatanetwork_astro/sds/OEM
copying src/spacedatanetwork_astro/sds/OEM/RFMObjectReferencedAxes.py -> spacedatanetwork_astro-0.1.0.dev0+modules.e4612363998b.af1dde329812d/src/spacedatanetwork_astro/sds/OEM
copying src/spacedatanetwork_astro/sds/OEM/RFMOrigin.py -> spacedatanetwork_astro-0.1.0.dev0+modules.e4612363998b.af1dde329812d/src/spacedatanetwork_astro/sds/OEM
copying src/spacedatanetwork_astro/sds/OEM/RFMUnion.py -> spacedatanetwork_astro-0.1.0.dev0+modules.e4612363998b.af1dde329812d/src/spacedatanetwork_astro/sds/OEM
copying src/spacedatanetwork_astro/sds/OEM/SimplePolarization.py -> spacedatanetwork_astro-0.1.0.dev0+modules.e4612363998b.af1dde329812d/src/spacedatanetwork_astro/sds/OEM
copying src/spacedatanetwork_astro/sds/OEM/SpacecraftFrame.py -> spacedatanetwork_astro-0.1.0.dev0+modules.e4612363998b.af1dde329812d/src/spacedatanetwork_astro/sds/OEM
copying src/spacedatanetwork_astro/sds/OEM/SpacecraftFrameWrapper.py -> spacedatanetwork_astro-0.1.0.dev0+modules.e4612363998b.af1dde329812d/src/spacedatanetwork_astro/sds/OEM
copying src/spacedatanetwork_astro/sds/OEM/StokesParameters.py -> spacedatanetwork_astro-0.1.0.dev0+modules.e4612363998b.af1dde329812d/src/spacedatanetwork_astro/sds/OEM
copying src/spacedatanetwork_astro/sds/OEM/TIM.py -> spacedatanetwork_astro-0.1.0.dev0+modules.e4612363998b.af1dde329812d/src/spacedatanetwork_astro/sds/OEM
copying src/spacedatanetwork_astro/sds/OEM/TIMCcsdsTimeCode.py -> spacedatanetwork_astro-0.1.0.dev0+modules.e4612363998b.af1dde329812d/src/spacedatanetwork_astro/sds/OEM
copying src/spacedatanetwork_astro/sds/OEM/TIMConversionRequest.py -> spacedatanetwork_astro-0.1.0.dev0+modules.e4612363998b.af1dde329812d/src/spacedatanetwork_astro/sds/OEM
copying src/spacedatanetwork_astro/sds/OEM/TIMConversionResult.py -> spacedatanetwork_astro-0.1.0.dev0+modules.e4612363998b.af1dde329812d/src/spacedatanetwork_astro/sds/OEM
copying src/spacedatanetwork_astro/sds/OEM/TIMInstant.py -> spacedatanetwork_astro-0.1.0.dev0+modules.e4612363998b.af1dde329812d/src/spacedatanetwork_astro/sds/OEM
copying src/spacedatanetwork_astro/sds/OEM/__init__.py -> spacedatanetwork_astro-0.1.0.dev0+modules.e4612363998b.af1dde329812d/src/spacedatanetwork_astro/sds/OEM
copying src/spacedatanetwork_astro/sds/OEM/covarianceMatrixLine.py -> spacedatanetwork_astro-0.1.0.dev0+modules.e4612363998b.af1dde329812d/src/spacedatanetwork_astro/sds/OEM
copying src/spacedatanetwork_astro/sds/OEM/dataAvailability.py -> spacedatanetwork_astro-0.1.0.dev0+modules.e4612363998b.af1dde329812d/src/spacedatanetwork_astro/sds/OEM
copying src/spacedatanetwork_astro/sds/OEM/ephemerisDataBlock.py -> spacedatanetwork_astro-0.1.0.dev0+modules.e4612363998b.af1dde329812d/src/spacedatanetwork_astro/sds/OEM
copying src/spacedatanetwork_astro/sds/OEM/ephemerisDataLine.py -> spacedatanetwork_astro-0.1.0.dev0+modules.e4612363998b.af1dde329812d/src/spacedatanetwork_astro/sds/OEM
copying src/spacedatanetwork_astro/sds/OEM/legacyCountryCode.py -> spacedatanetwork_astro-0.1.0.dev0+modules.e4612363998b.af1dde329812d/src/spacedatanetwork_astro/sds/OEM
copying src/spacedatanetwork_astro/sds/OEM/massCategory.py -> spacedatanetwork_astro-0.1.0.dev0+modules.e4612363998b.af1dde329812d/src/spacedatanetwork_astro/sds/OEM
copying src/spacedatanetwork_astro/sds/OEM/operationalState.py -> spacedatanetwork_astro-0.1.0.dev0+modules.e4612363998b.af1dde329812d/src/spacedatanetwork_astro/sds/OEM
copying src/spacedatanetwork_astro/sds/OEM/orbitRegime.py -> spacedatanetwork_astro-0.1.0.dev0+modules.e4612363998b.af1dde329812d/src/spacedatanetwork_astro/sds/OEM
copying src/spacedatanetwork_astro/sds/OEM/polynomialBasisType.py -> spacedatanetwork_astro-0.1.0.dev0+modules.e4612363998b.af1dde329812d/src/spacedatanetwork_astro/sds/OEM
copying src/spacedatanetwork_astro/sds/OEM/ppeAnomalyType.py -> spacedatanetwork_astro-0.1.0.dev0+modules.e4612363998b.af1dde329812d/src/spacedatanetwork_astro/sds/OEM
copying src/spacedatanetwork_astro/sds/OEM/rfmAxisType.py -> spacedatanetwork_astro-0.1.0.dev0+modules.e4612363998b.af1dde329812d/src/spacedatanetwork_astro/sds/OEM
copying src/spacedatanetwork_astro/sds/OEM/rfmLibrationPoint.py -> spacedatanetwork_astro-0.1.0.dev0+modules.e4612363998b.af1dde329812d/src/spacedatanetwork_astro/sds/OEM
copying src/spacedatanetwork_astro/sds/OEM/rfmOriginKind.py -> spacedatanetwork_astro-0.1.0.dev0+modules.e4612363998b.af1dde329812d/src/spacedatanetwork_astro/sds/OEM
copying src/spacedatanetwork_astro/sds/OEM/rfmVectorSpecification.py -> spacedatanetwork_astro-0.1.0.dev0+modules.e4612363998b.af1dde329812d/src/spacedatanetwork_astro/sds/OEM
copying src/spacedatanetwork_astro/sds/OEM/sizeShapeProfile.py -> spacedatanetwork_astro-0.1.0.dev0+modules.e4612363998b.af1dde329812d/src/spacedatanetwork_astro/sds/OEM
copying src/spacedatanetwork_astro/sds/OEM/spaceObjectClass.py -> spacedatanetwork_astro-0.1.0.dev0+modules.e4612363998b.af1dde329812d/src/spacedatanetwork_astro/sds/OEM
copying src/spacedatanetwork_astro/sds/OEM/timCcsdsTimeCodeKind.py -> spacedatanetwork_astro-0.1.0.dev0+modules.e4612363998b.af1dde329812d/src/spacedatanetwork_astro/sds/OEM
copying src/spacedatanetwork_astro/sds/OEM/timConversionStatus.py -> spacedatanetwork_astro-0.1.0.dev0+modules.e4612363998b.af1dde329812d/src/spacedatanetwork_astro/sds/OEM
copying src/spacedatanetwork_astro/sds/OEM/timEpochRepresentation.py -> spacedatanetwork_astro-0.1.0.dev0+modules.e4612363998b.af1dde329812d/src/spacedatanetwork_astro/sds/OEM
copying src/spacedatanetwork_astro/sds/OEM/timingStandard.py -> spacedatanetwork_astro-0.1.0.dev0+modules.e4612363998b.af1dde329812d/src/spacedatanetwork_astro/sds/OEM
copying src/spacedatanetwork_astro/sds/OMM/CelestialFrame.py -> spacedatanetwork_astro-0.1.0.dev0+modules.e4612363998b.af1dde329812d/src/spacedatanetwork_astro/sds/OMM
copying src/spacedatanetwork_astro/sds/OMM/CelestialFrameWrapper.py -> spacedatanetwork_astro-0.1.0.dev0+modules.e4612363998b.af1dde329812d/src/spacedatanetwork_astro/sds/OMM
copying src/spacedatanetwork_astro/sds/OMM/CustomFrame.py -> spacedatanetwork_astro-0.1.0.dev0+modules.e4612363998b.af1dde329812d/src/spacedatanetwork_astro/sds/OMM
copying src/spacedatanetwork_astro/sds/OMM/CustomFrameWrapper.py -> spacedatanetwork_astro-0.1.0.dev0+modules.e4612363998b.af1dde329812d/src/spacedatanetwork_astro/sds/OMM
copying src/spacedatanetwork_astro/sds/OMM/MET.py -> spacedatanetwork_astro-0.1.0.dev0+modules.e4612363998b.af1dde329812d/src/spacedatanetwork_astro/sds/OMM
copying src/spacedatanetwork_astro/sds/OMM/OMM.py -> spacedatanetwork_astro-0.1.0.dev0+modules.e4612363998b.af1dde329812d/src/spacedatanetwork_astro/sds/OMM
copying src/spacedatanetwork_astro/sds/OMM/OrbitFrame.py -> spacedatanetwork_astro-0.1.0.dev0+modules.e4612363998b.af1dde329812d/src/spacedatanetwork_astro/sds/OMM
copying src/spacedatanetwork_astro/sds/OMM/OrbitFrameWrapper.py -> spacedatanetwork_astro-0.1.0.dev0+modules.e4612363998b.af1dde329812d/src/spacedatanetwork_astro/sds/OMM
copying src/spacedatanetwork_astro/sds/OMM/RFM.py -> spacedatanetwork_astro-0.1.0.dev0+modules.e4612363998b.af1dde329812d/src/spacedatanetwork_astro/sds/OMM
copying src/spacedatanetwork_astro/sds/OMM/RFMCoordinateSystem.py -> spacedatanetwork_astro-0.1.0.dev0+modules.e4612363998b.af1dde329812d/src/spacedatanetwork_astro/sds/OMM
copying src/spacedatanetwork_astro/sds/OMM/RFMCoordinateSystemWrapper.py -> spacedatanetwork_astro-0.1.0.dev0+modules.e4612363998b.af1dde329812d/src/spacedatanetwork_astro/sds/OMM
copying src/spacedatanetwork_astro/sds/OMM/RFMLocalAlignedConstrainedAxes.py -> spacedatanetwork_astro-0.1.0.dev0+modules.e4612363998b.af1dde329812d/src/spacedatanetwork_astro/sds/OMM
copying src/spacedatanetwork_astro/sds/OMM/RFMObjectReferencedAxes.py -> spacedatanetwork_astro-0.1.0.dev0+modules.e4612363998b.af1dde329812d/src/spacedatanetwork_astro/sds/OMM
copying src/spacedatanetwork_astro/sds/OMM/RFMOrigin.py -> spacedatanetwork_astro-0.1.0.dev0+modules.e4612363998b.af1dde329812d/src/spacedatanetwork_astro/sds/OMM
copying src/spacedatanetwork_astro/sds/OMM/RFMUnion.py -> spacedatanetwork_astro-0.1.0.dev0+modules.e4612363998b.af1dde329812d/src/spacedatanetwork_astro/sds/OMM
copying src/spacedatanetwork_astro/sds/OMM/SpacecraftFrame.py -> spacedatanetwork_astro-0.1.0.dev0+modules.e4612363998b.af1dde329812d/src/spacedatanetwork_astro/sds/OMM
copying src/spacedatanetwork_astro/sds/OMM/SpacecraftFrameWrapper.py -> spacedatanetwork_astro-0.1.0.dev0+modules.e4612363998b.af1dde329812d/src/spacedatanetwork_astro/sds/OMM
copying src/spacedatanetwork_astro/sds/OMM/TIM.py -> spacedatanetwork_astro-0.1.0.dev0+modules.e4612363998b.af1dde329812d/src/spacedatanetwork_astro/sds/OMM
copying src/spacedatanetwork_astro/sds/OMM/TIMCcsdsTimeCode.py -> spacedatanetwork_astro-0.1.0.dev0+modules.e4612363998b.af1dde329812d/src/spacedatanetwork_astro/sds/OMM
copying src/spacedatanetwork_astro/sds/OMM/TIMConversionRequest.py -> spacedatanetwork_astro-0.1.0.dev0+modules.e4612363998b.af1dde329812d/src/spacedatanetwork_astro/sds/OMM
copying src/spacedatanetwork_astro/sds/OMM/TIMConversionResult.py -> spacedatanetwork_astro-0.1.0.dev0+modules.e4612363998b.af1dde329812d/src/spacedatanetwork_astro/sds/OMM
copying src/spacedatanetwork_astro/sds/OMM/TIMInstant.py -> spacedatanetwork_astro-0.1.0.dev0+modules.e4612363998b.af1dde329812d/src/spacedatanetwork_astro/sds/OMM
copying src/spacedatanetwork_astro/sds/OMM/__init__.py -> spacedatanetwork_astro-0.1.0.dev0+modules.e4612363998b.af1dde329812d/src/spacedatanetwork_astro/sds/OMM
copying src/spacedatanetwork_astro/sds/OMM/ephemerisFormat.py -> spacedatanetwork_astro-0.1.0.dev0+modules.e4612363998b.af1dde329812d/src/spacedatanetwork_astro/sds/OMM
copying src/spacedatanetwork_astro/sds/OMM/meanElementSource.py -> spacedatanetwork_astro-0.1.0.dev0+modules.e4612363998b.af1dde329812d/src/spacedatanetwork_astro/sds/OMM
copying src/spacedatanetwork_astro/sds/OMM/rfmAxisType.py -> spacedatanetwork_astro-0.1.0.dev0+modules.e4612363998b.af1dde329812d/src/spacedatanetwork_astro/sds/OMM
copying src/spacedatanetwork_astro/sds/OMM/rfmLibrationPoint.py -> spacedatanetwork_astro-0.1.0.dev0+modules.e4612363998b.af1dde329812d/src/spacedatanetwork_astro/sds/OMM
copying src/spacedatanetwork_astro/sds/OMM/rfmOriginKind.py -> spacedatanetwork_astro-0.1.0.dev0+modules.e4612363998b.af1dde329812d/src/spacedatanetwork_astro/sds/OMM
copying src/spacedatanetwork_astro/sds/OMM/rfmVectorSpecification.py -> spacedatanetwork_astro-0.1.0.dev0+modules.e4612363998b.af1dde329812d/src/spacedatanetwork_astro/sds/OMM
copying src/spacedatanetwork_astro/sds/OMM/timCcsdsTimeCodeKind.py -> spacedatanetwork_astro-0.1.0.dev0+modules.e4612363998b.af1dde329812d/src/spacedatanetwork_astro/sds/OMM
copying src/spacedatanetwork_astro/sds/OMM/timConversionStatus.py -> spacedatanetwork_astro-0.1.0.dev0+modules.e4612363998b.af1dde329812d/src/spacedatanetwork_astro/sds/OMM
copying src/spacedatanetwork_astro/sds/OMM/timEpochRepresentation.py -> spacedatanetwork_astro-0.1.0.dev0+modules.e4612363998b.af1dde329812d/src/spacedatanetwork_astro/sds/OMM
copying src/spacedatanetwork_astro/sds/OMM/timingStandard.py -> spacedatanetwork_astro-0.1.0.dev0+modules.e4612363998b.af1dde329812d/src/spacedatanetwork_astro/sds/OMM
copying src/spacedatanetwork_astro/sds/PCE/CelestialFrame.py -> spacedatanetwork_astro-0.1.0.dev0+modules.e4612363998b.af1dde329812d/src/spacedatanetwork_astro/sds/PCE
copying src/spacedatanetwork_astro/sds/PCE/CelestialFrameWrapper.py -> spacedatanetwork_astro-0.1.0.dev0+modules.e4612363998b.af1dde329812d/src/spacedatanetwork_astro/sds/PCE
copying src/spacedatanetwork_astro/sds/PCE/CustomFrame.py -> spacedatanetwork_astro-0.1.0.dev0+modules.e4612363998b.af1dde329812d/src/spacedatanetwork_astro/sds/PCE
copying src/spacedatanetwork_astro/sds/PCE/CustomFrameWrapper.py -> spacedatanetwork_astro-0.1.0.dev0+modules.e4612363998b.af1dde329812d/src/spacedatanetwork_astro/sds/PCE
copying src/spacedatanetwork_astro/sds/PCE/FRM.py -> spacedatanetwork_astro-0.1.0.dev0+modules.e4612363998b.af1dde329812d/src/spacedatanetwork_astro/sds/PCE
copying src/spacedatanetwork_astro/sds/PCE/FRMFrameTransformRequest.py -> spacedatanetwork_astro-0.1.0.dev0+modules.e4612363998b.af1dde329812d/src/spacedatanetwork_astro/sds/PCE
copying src/spacedatanetwork_astro/sds/PCE/FRMFrameTransformResult.py -> spacedatanetwork_astro-0.1.0.dev0+modules.e4612363998b.af1dde329812d/src/spacedatanetwork_astro/sds/PCE
copying src/spacedatanetwork_astro/sds/PCE/FRMMatrix3.py -> spacedatanetwork_astro-0.1.0.dev0+modules.e4612363998b.af1dde329812d/src/spacedatanetwork_astro/sds/PCE
copying src/spacedatanetwork_astro/sds/PCE/FRMStateVector.py -> spacedatanetwork_astro-0.1.0.dev0+modules.e4612363998b.af1dde329812d/src/spacedatanetwork_astro/sds/PCE
copying src/spacedatanetwork_astro/sds/PCE/FRMVector3.py -> spacedatanetwork_astro-0.1.0.dev0+modules.e4612363998b.af1dde329812d/src/spacedatanetwork_astro/sds/PCE
copying src/spacedatanetwork_astro/sds/PCE/OrbitFrame.py -> spacedatanetwork_astro-0.1.0.dev0+modules.e4612363998b.af1dde329812d/src/spacedatanetwork_astro/sds/PCE
copying src/spacedatanetwork_astro/sds/PCE/OrbitFrameWrapper.py -> spacedatanetwork_astro-0.1.0.dev0+modules.e4612363998b.af1dde329812d/src/spacedatanetwork_astro/sds/PCE
copying src/spacedatanetwork_astro/sds/PCE/PCE.py -> spacedatanetwork_astro-0.1.0.dev0+modules.e4612363998b.af1dde329812d/src/spacedatanetwork_astro/sds/PCE
copying src/spacedatanetwork_astro/sds/PCE/PCEEvaluationContext.py -> spacedatanetwork_astro-0.1.0.dev0+modules.e4612363998b.af1dde329812d/src/spacedatanetwork_astro/sds/PCE
copying src/spacedatanetwork_astro/sds/PCE/PCEEvaluationRequest.py -> spacedatanetwork_astro-0.1.0.dev0+modules.e4612363998b.af1dde329812d/src/spacedatanetwork_astro/sds/PCE
copying src/spacedatanetwork_astro/sds/PCE/PCEEvaluationResult.py -> spacedatanetwork_astro-0.1.0.dev0+modules.e4612363998b.af1dde329812d/src/spacedatanetwork_astro/sds/PCE
copying src/spacedatanetwork_astro/sds/PCE/PCEParameterCatalog.py -> spacedatanetwork_astro-0.1.0.dev0+modules.e4612363998b.af1dde329812d/src/spacedatanetwork_astro/sds/PCE
copying src/spacedatanetwork_astro/sds/PCE/PCEParameterCondition.py -> spacedatanetwork_astro-0.1.0.dev0+modules.e4612363998b.af1dde329812d/src/spacedatanetwork_astro/sds/PCE
copying src/spacedatanetwork_astro/sds/PCE/PCEParameterDescriptor.py -> spacedatanetwork_astro-0.1.0.dev0+modules.e4612363998b.af1dde329812d/src/spacedatanetwork_astro/sds/PCE
copying src/spacedatanetwork_astro/sds/PCE/PCEParameterRef.py -> spacedatanetwork_astro-0.1.0.dev0+modules.e4612363998b.af1dde329812d/src/spacedatanetwork_astro/sds/PCE
copying src/spacedatanetwork_astro/sds/PCE/PCEParameterSample.py -> spacedatanetwork_astro-0.1.0.dev0+modules.e4612363998b.af1dde329812d/src/spacedatanetwork_astro/sds/PCE
copying src/spacedatanetwork_astro/sds/PCE/PCEParameterValue.py -> spacedatanetwork_astro-0.1.0.dev0+modules.e4612363998b.af1dde329812d/src/spacedatanetwork_astro/sds/PCE
copying src/spacedatanetwork_astro/sds/PCE/PCEStopReport.py -> spacedatanetwork_astro-0.1.0.dev0+modules.e4612363998b.af1dde329812d/src/spacedatanetwork_astro/sds/PCE
copying src/spacedatanetwork_astro/sds/PCE/PCEStopRequest.py -> spacedatanetwork_astro-0.1.0.dev0+modules.e4612363998b.af1dde329812d/src/spacedatanetwork_astro/sds/PCE
copying src/spacedatanetwork_astro/sds/PCE/RFM.py -> spacedatanetwork_astro-0.1.0.dev0+modules.e4612363998b.af1dde329812d/src/spacedatanetwork_astro/sds/PCE
copying src/spacedatanetwork_astro/sds/PCE/RFMCoordinateSystem.py -> spacedatanetwork_astro-0.1.0.dev0+modules.e4612363998b.af1dde329812d/src/spacedatanetwork_astro/sds/PCE
copying src/spacedatanetwork_astro/sds/PCE/RFMCoordinateSystemWrapper.py -> spacedatanetwork_astro-0.1.0.dev0+modules.e4612363998b.af1dde329812d/src/spacedatanetwork_astro/sds/PCE
copying src/spacedatanetwork_astro/sds/PCE/RFMLocalAlignedConstrainedAxes.py -> spacedatanetwork_astro-0.1.0.dev0+modules.e4612363998b.af1dde329812d/src/spacedatanetwork_astro/sds/PCE
copying src/spacedatanetwork_astro/sds/PCE/RFMObjectReferencedAxes.py -> spacedatanetwork_astro-0.1.0.dev0+modules.e4612363998b.af1dde329812d/src/spacedatanetwork_astro/sds/PCE
copying src/spacedatanetwork_astro/sds/PCE/RFMOrigin.py -> spacedatanetwork_astro-0.1.0.dev0+modules.e4612363998b.af1dde329812d/src/spacedatanetwork_astro/sds/PCE
copying src/spacedatanetwork_astro/sds/PCE/RFMUnion.py -> spacedatanetwork_astro-0.1.0.dev0+modules.e4612363998b.af1dde329812d/src/spacedatanetwork_astro/sds/PCE
copying src/spacedatanetwork_astro/sds/PCE/SpacecraftFrame.py -> spacedatanetwork_astro-0.1.0.dev0+modules.e4612363998b.af1dde329812d/src/spacedatanetwork_astro/sds/PCE
copying src/spacedatanetwork_astro/sds/PCE/SpacecraftFrameWrapper.py -> spacedatanetwork_astro-0.1.0.dev0+modules.e4612363998b.af1dde329812d/src/spacedatanetwork_astro/sds/PCE
copying src/spacedatanetwork_astro/sds/PCE/__init__.py -> spacedatanetwork_astro-0.1.0.dev0+modules.e4612363998b.af1dde329812d/src/spacedatanetwork_astro/sds/PCE
copying src/spacedatanetwork_astro/sds/PCE/frmOperationCode.py -> spacedatanetwork_astro-0.1.0.dev0+modules.e4612363998b.af1dde329812d/src/spacedatanetwork_astro/sds/PCE
copying src/spacedatanetwork_astro/sds/PCE/frmResultStatus.py -> spacedatanetwork_astro-0.1.0.dev0+modules.e4612363998b.af1dde329812d/src/spacedatanetwork_astro/sds/PCE
copying src/spacedatanetwork_astro/sds/PCE/frmStateRepresentation.py -> spacedatanetwork_astro-0.1.0.dev0+modules.e4612363998b.af1dde329812d/src/spacedatanetwork_astro/sds/PCE
copying src/spacedatanetwork_astro/sds/PCE/pceAvailability.py -> spacedatanetwork_astro-0.1.0.dev0+modules.e4612363998b.af1dde329812d/src/spacedatanetwork_astro/sds/PCE
copying src/spacedatanetwork_astro/sds/PCE/pceConditionDirection.py -> spacedatanetwork_astro-0.1.0.dev0+modules.e4612363998b.af1dde329812d/src/spacedatanetwork_astro/sds/PCE
copying src/spacedatanetwork_astro/sds/PCE/pceDataType.py -> spacedatanetwork_astro-0.1.0.dev0+modules.e4612363998b.af1dde329812d/src/spacedatanetwork_astro/sds/PCE
copying src/spacedatanetwork_astro/sds/PCE/pceFrameDependency.py -> spacedatanetwork_astro-0.1.0.dev0+modules.e4612363998b.af1dde329812d/src/spacedatanetwork_astro/sds/PCE
copying src/spacedatanetwork_astro/sds/PCE/pceOwnerClass.py -> spacedatanetwork_astro-0.1.0.dev0+modules.e4612363998b.af1dde329812d/src/spacedatanetwork_astro/sds/PCE
copying src/spacedatanetwork_astro/sds/PCE/pceParameter.py -> spacedatanetwork_astro-0.1.0.dev0+modules.e4612363998b.af1dde329812d/src/spacedatanetwork_astro/sds/PCE
copying src/spacedatanetwork_astro/sds/PCE/pcePropagationDirection.py -> spacedatanetwork_astro-0.1.0.dev0+modules.e4612363998b.af1dde329812d/src/spacedatanetwork_astro/sds/PCE
copying src/spacedatanetwork_astro/sds/PCE/pceResultStatus.py -> spacedatanetwork_astro-0.1.0.dev0+modules.e4612363998b.af1dde329812d/src/spacedatanetwork_astro/sds/PCE
copying src/spacedatanetwork_astro/sds/PCE/pceUnit.py -> spacedatanetwork_astro-0.1.0.dev0+modules.e4612363998b.af1dde329812d/src/spacedatanetwork_astro/sds/PCE
copying src/spacedatanetwork_astro/sds/PCE/rfmAxisType.py -> spacedatanetwork_astro-0.1.0.dev0+modules.e4612363998b.af1dde329812d/src/spacedatanetwork_astro/sds/PCE
copying src/spacedatanetwork_astro/sds/PCE/rfmLibrationPoint.py -> spacedatanetwork_astro-0.1.0.dev0+modules.e4612363998b.af1dde329812d/src/spacedatanetwork_astro/sds/PCE
copying src/spacedatanetwork_astro/sds/PCE/rfmOriginKind.py -> spacedatanetwork_astro-0.1.0.dev0+modules.e4612363998b.af1dde329812d/src/spacedatanetwork_astro/sds/PCE
copying src/spacedatanetwork_astro/sds/PCE/rfmVectorSpecification.py -> spacedatanetwork_astro-0.1.0.dev0+modules.e4612363998b.af1dde329812d/src/spacedatanetwork_astro/sds/PCE
copying src/spacedatanetwork_astro/sds/PIV/FlatBufferTypeRef.py -> spacedatanetwork_astro-0.1.0.dev0+modules.e4612363998b.af1dde329812d/src/spacedatanetwork_astro/sds/PIV
copying src/spacedatanetwork_astro/sds/PIV/PIV.py -> spacedatanetwork_astro-0.1.0.dev0+modules.e4612363998b.af1dde329812d/src/spacedatanetwork_astro/sds/PIV
copying src/spacedatanetwork_astro/sds/PIV/PIVRequest.py -> spacedatanetwork_astro-0.1.0.dev0+modules.e4612363998b.af1dde329812d/src/spacedatanetwork_astro/sds/PIV
copying src/spacedatanetwork_astro/sds/PIV/PIVResponse.py -> spacedatanetwork_astro-0.1.0.dev0+modules.e4612363998b.af1dde329812d/src/spacedatanetwork_astro/sds/PIV
copying src/spacedatanetwork_astro/sds/PIV/TAB.py -> spacedatanetwork_astro-0.1.0.dev0+modules.e4612363998b.af1dde329812d/src/spacedatanetwork_astro/sds/PIV
copying src/spacedatanetwork_astro/sds/PIV/__init__.py -> spacedatanetwork_astro-0.1.0.dev0+modules.e4612363998b.af1dde329812d/src/spacedatanetwork_astro/sds/PIV
copying src/spacedatanetwork_astro/sds/PIV/bufferMutability.py -> spacedatanetwork_astro-0.1.0.dev0+modules.e4612363998b.af1dde329812d/src/spacedatanetwork_astro/sds/PIV
copying src/spacedatanetwork_astro/sds/PIV/bufferOwnership.py -> spacedatanetwork_astro-0.1.0.dev0+modules.e4612363998b.af1dde329812d/src/spacedatanetwork_astro/sds/PIV
copying src/spacedatanetwork_astro/sds/PIV/payloadWireFormat.py -> spacedatanetwork_astro-0.1.0.dev0+modules.e4612363998b.af1dde329812d/src/spacedatanetwork_astro/sds/PIV
copying src/spacedatanetwork_astro/sds/PIV/pivStatus.py -> spacedatanetwork_astro-0.1.0.dev0+modules.e4612363998b.af1dde329812d/src/spacedatanetwork_astro/sds/PIV
copying src/spacedatanetwork_astro/sds/REC/ACI.py -> spacedatanetwork_astro-0.1.0.dev0+modules.e4612363998b.af1dde329812d/src/spacedatanetwork_astro/sds/REC
copying src/spacedatanetwork_astro/sds/REC/ACIBestServer.py -> spacedatanetwork_astro-0.1.0.dev0+modules.e4612363998b.af1dde329812d/src/spacedatanetwork_astro/sds/REC
copying src/spacedatanetwork_astro/sds/REC/ACIDataVolumeByModCod.py -> spacedatanetwork_astro-0.1.0.dev0+modules.e4612363998b.af1dde329812d/src/spacedatanetwork_astro/sds/REC
copying src/spacedatanetwork_astro/sds/REC/ACIHandover.py -> spacedatanetwork_astro-0.1.0.dev0+modules.e4612363998b.af1dde329812d/src/spacedatanetwork_astro/sds/REC
copying src/spacedatanetwork_astro/sds/REC/ACIInterval.py -> spacedatanetwork_astro-0.1.0.dev0+modules.e4612363998b.af1dde329812d/src/spacedatanetwork_astro/sds/REC
copying src/spacedatanetwork_astro/sds/REC/ACIProvenance.py -> spacedatanetwork_astro-0.1.0.dev0+modules.e4612363998b.af1dde329812d/src/spacedatanetwork_astro/sds/REC
copying src/spacedatanetwork_astro/sds/REC/ACL.py -> spacedatanetwork_astro-0.1.0.dev0+modules.e4612363998b.af1dde329812d/src/spacedatanetwork_astro/sds/REC
copying src/spacedatanetwork_astro/sds/REC/ACM.py -> spacedatanetwork_astro-0.1.0.dev0+modules.e4612363998b.af1dde329812d/src/spacedatanetwork_astro/sds/REC
copying src/spacedatanetwork_astro/sds/REC/ACR.py -> spacedatanetwork_astro-0.1.0.dev0+modules.e4612363998b.af1dde329812d/src/spacedatanetwork_astro/sds/REC
copying src/spacedatanetwork_astro/sds/REC/ACT.py -> spacedatanetwork_astro-0.1.0.dev0+modules.e4612363998b.af1dde329812d/src/spacedatanetwork_astro/sds/REC
copying src/spacedatanetwork_astro/sds/REC/ACTKeySlot.py -> spacedatanetwork_astro-0.1.0.dev0+modules.e4612363998b.af1dde329812d/src/spacedatanetwork_astro/sds/REC
copying src/spacedatanetwork_astro/sds/REC/ACW.py -> spacedatanetwork_astro-0.1.0.dev0+modules.e4612363998b.af1dde329812d/src/spacedatanetwork_astro/sds/REC
copying src/spacedatanetwork_astro/sds/REC/ACWAccessWindow.py -> spacedatanetwork_astro-0.1.0.dev0+modules.e4612363998b.af1dde329812d/src/spacedatanetwork_astro/sds/REC
copying src/spacedatanetwork_astro/sds/REC/ACWBlackoutWindow.py -> spacedatanetwork_astro-0.1.0.dev0+modules.e4612363998b.af1dde329812d/src/spacedatanetwork_astro/sds/REC
copying src/spacedatanetwork_astro/sds/REC/ACWElevationMaskPoint.py -> spacedatanetwork_astro-0.1.0.dev0+modules.e4612363998b.af1dde329812d/src/spacedatanetwork_astro/sds/REC
copying src/spacedatanetwork_astro/sds/REC/ACWGroundStation.py -> spacedatanetwork_astro-0.1.0.dev0+modules.e4612363998b.af1dde329812d/src/spacedatanetwork_astro/sds/REC
copying src/spacedatanetwork_astro/sds/REC/ACWRefractionModel.py -> spacedatanetwork_astro-0.1.0.dev0+modules.e4612363998b.af1dde329812d/src/spacedatanetwork_astro/sds/REC
copying src/spacedatanetwork_astro/sds/REC/ACWRequest.py -> spacedatanetwork_astro-0.1.0.dev0+modules.e4612363998b.af1dde329812d/src/spacedatanetwork_astro/sds/REC
copying src/spacedatanetwork_astro/sds/REC/ACWResult.py -> spacedatanetwork_astro-0.1.0.dev0+modules.e4612363998b.af1dde329812d/src/spacedatanetwork_astro/sds/REC
copying src/spacedatanetwork_astro/sds/REC/ACWStateSample.py -> spacedatanetwork_astro-0.1.0.dev0+modules.e4612363998b.af1dde329812d/src/spacedatanetwork_astro/sds/REC
copying src/spacedatanetwork_astro/sds/REC/AEM.py -> spacedatanetwork_astro-0.1.0.dev0+modules.e4612363998b.af1dde329812d/src/spacedatanetwork_astro/sds/REC
copying src/spacedatanetwork_astro/sds/REC/AEMSegment.py -> spacedatanetwork_astro-0.1.0.dev0+modules.e4612363998b.af1dde329812d/src/spacedatanetwork_astro/sds/REC
copying src/spacedatanetwork_astro/sds/REC/AGR.py -> spacedatanetwork_astro-0.1.0.dev0+modules.e4612363998b.af1dde329812d/src/spacedatanetwork_astro/sds/REC
copying src/spacedatanetwork_astro/sds/REC/AGRBin.py -> spacedatanetwork_astro-0.1.0.dev0+modules.e4612363998b.af1dde329812d/src/spacedatanetwork_astro/sds/REC
copying src/spacedatanetwork_astro/sds/REC/AGRCategory.py -> spacedatanetwork_astro-0.1.0.dev0+modules.e4612363998b.af1dde329812d/src/spacedatanetwork_astro/sds/REC
copying src/spacedatanetwork_astro/sds/REC/AGRPivotCell.py -> spacedatanetwork_astro-0.1.0.dev0+modules.e4612363998b.af1dde329812d/src/spacedatanetwork_astro/sds/REC
copying src/spacedatanetwork_astro/sds/REC/AGRSeries.py -> spacedatanetwork_astro-0.1.0.dev0+modules.e4612363998b.af1dde329812d/src/spacedatanetwork_astro/sds/REC
copying src/spacedatanetwork_astro/sds/REC/ANI.py -> spacedatanetwork_astro-0.1.0.dev0+modules.e4612363998b.af1dde329812d/src/spacedatanetwork_astro/sds/REC
copying src/spacedatanetwork_astro/sds/REC/AOF.py -> spacedatanetwork_astro-0.1.0.dev0+modules.e4612363998b.af1dde329812d/src/spacedatanetwork_astro/sds/REC
copying src/spacedatanetwork_astro/sds/REC/APL.py -> spacedatanetwork_astro-0.1.0.dev0+modules.e4612363998b.af1dde329812d/src/spacedatanetwork_astro/sds/REC
copying src/spacedatanetwork_astro/sds/REC/APM.py -> spacedatanetwork_astro-0.1.0.dev0+modules.e4612363998b.af1dde329812d/src/spacedatanetwork_astro/sds/REC
copying src/spacedatanetwork_astro/sds/REC/APP.py -> spacedatanetwork_astro-0.1.0.dev0+modules.e4612363998b.af1dde329812d/src/spacedatanetwork_astro/sds/REC
copying src/spacedatanetwork_astro/sds/REC/APPDataRef.py -> spacedatanetwork_astro-0.1.0.dev0+modules.e4612363998b.af1dde329812d/src/spacedatanetwork_astro/sds/REC
copying src/spacedatanetwork_astro/sds/REC/APPDataflow.py -> spacedatanetwork_astro-0.1.0.dev0+modules.e4612363998b.af1dde329812d/src/spacedatanetwork_astro/sds/REC
copying src/spacedatanetwork_astro/sds/REC/APPModuleRef.py -> spacedatanetwork_astro-0.1.0.dev0+modules.e4612363998b.af1dde329812d/src/spacedatanetwork_astro/sds/REC
copying src/spacedatanetwork_astro/sds/REC/APPSourceRef.py -> spacedatanetwork_astro-0.1.0.dev0+modules.e4612363998b.af1dde329812d/src/spacedatanetwork_astro/sds/REC
copying src/spacedatanetwork_astro/sds/REC/APPUIPage.py -> spacedatanetwork_astro-0.1.0.dev0+modules.e4612363998b.af1dde329812d/src/spacedatanetwork_astro/sds/REC
copying src/spacedatanetwork_astro/sds/REC/ARM.py -> spacedatanetwork_astro-0.1.0.dev0+modules.e4612363998b.af1dde329812d/src/spacedatanetwork_astro/sds/REC
copying src/spacedatanetwork_astro/sds/REC/AST.py -> spacedatanetwork_astro-0.1.0.dev0+modules.e4612363998b.af1dde329812d/src/spacedatanetwork_astro/sds/REC
copying src/spacedatanetwork_astro/sds/REC/ATD.py -> spacedatanetwork_astro-0.1.0.dev0+modules.e4612363998b.af1dde329812d/src/spacedatanetwork_astro/sds/REC
copying src/spacedatanetwork_astro/sds/REC/ATM.py -> spacedatanetwork_astro-0.1.0.dev0+modules.e4612363998b.af1dde329812d/src/spacedatanetwork_astro/sds/REC
copying src/spacedatanetwork_astro/sds/REC/AVL.py -> spacedatanetwork_astro-0.1.0.dev0+modules.e4612363998b.af1dde329812d/src/spacedatanetwork_astro/sds/REC
copying src/spacedatanetwork_astro/sds/REC/AVLProvenance.py -> spacedatanetwork_astro-0.1.0.dev0+modules.e4612363998b.af1dde329812d/src/spacedatanetwork_astro/sds/REC
copying src/spacedatanetwork_astro/sds/REC/AbsoluteTimeParameterType.py -> spacedatanetwork_astro-0.1.0.dev0+modules.e4612363998b.af1dde329812d/src/spacedatanetwork_astro/sds/REC
copying src/spacedatanetwork_astro/sds/REC/Address.py -> spacedatanetwork_astro-0.1.0.dev0+modules.e4612363998b.af1dde329812d/src/spacedatanetwork_astro/sds/REC
copying src/spacedatanetwork_astro/sds/REC/AggregateArgumentType.py -> spacedatanetwork_astro-0.1.0.dev0+modules.e4612363998b.af1dde329812d/src/spacedatanetwork_astro/sds/REC
copying src/spacedatanetwork_astro/sds/REC/AggregateMember.py -> spacedatanetwork_astro-0.1.0.dev0+modules.e4612363998b.af1dde329812d/src/spacedatanetwork_astro/sds/REC
copying src/spacedatanetwork_astro/sds/REC/AggregateParameterType.py -> spacedatanetwork_astro-0.1.0.dev0+modules.e4612363998b.af1dde329812d/src/spacedatanetwork_astro/sds/REC
copying src/spacedatanetwork_astro/sds/REC/AircraftType.py -> spacedatanetwork_astro-0.1.0.dev0+modules.e4612363998b.af1dde329812d/src/spacedatanetwork_astro/sds/REC
copying src/spacedatanetwork_astro/sds/REC/AlarmRange.py -> spacedatanetwork_astro-0.1.0.dev0+modules.e4612363998b.af1dde329812d/src/spacedatanetwork_astro/sds/REC
copying src/spacedatanetwork_astro/sds/REC/AlarmSeverityType.py -> spacedatanetwork_astro-0.1.0.dev0+modules.e4612363998b.af1dde329812d/src/spacedatanetwork_astro/sds/REC
copying src/spacedatanetwork_astro/sds/REC/AlgorithmInput.py -> spacedatanetwork_astro-0.1.0.dev0+modules.e4612363998b.af1dde329812d/src/spacedatanetwork_astro/sds/REC
copying src/spacedatanetwork_astro/sds/REC/AlgorithmOutput.py -> spacedatanetwork_astro-0.1.0.dev0+modules.e4612363998b.af1dde329812d/src/spacedatanetwork_astro/sds/REC
copying src/spacedatanetwork_astro/sds/REC/AlgorithmSet.py -> spacedatanetwork_astro-0.1.0.dev0+modules.e4612363998b.af1dde329812d/src/spacedatanetwork_astro/sds/REC
copying src/spacedatanetwork_astro/sds/REC/AlgorithmTrigger.py -> spacedatanetwork_astro-0.1.0.dev0+modules.e4612363998b.af1dde329812d/src/spacedatanetwork_astro/sds/REC
copying src/spacedatanetwork_astro/sds/REC/AmmoType.py -> spacedatanetwork_astro-0.1.0.dev0+modules.e4612363998b.af1dde329812d/src/spacedatanetwork_astro/sds/REC
copying src/spacedatanetwork_astro/sds/REC/AntennaPattern.py -> spacedatanetwork_astro-0.1.0.dev0+modules.e4612363998b.af1dde329812d/src/spacedatanetwork_astro/sds/REC
copying src/spacedatanetwork_astro/sds/REC/Argument.py -> spacedatanetwork_astro-0.1.0.dev0+modules.e4612363998b.af1dde329812d/src/spacedatanetwork_astro/sds/REC
copying src/spacedatanetwork_astro/sds/REC/ArgumentAssignment.py -> spacedatanetwork_astro-0.1.0.dev0+modules.e4612363998b.af1dde329812d/src/spacedatanetwork_astro/sds/REC
copying src/spacedatanetwork_astro/sds/REC/ArgumentRefEntry.py -> spacedatanetwork_astro-0.1.0.dev0+modules.e4612363998b.af1dde329812d/src/spacedatanetwork_astro/sds/REC
copying src/spacedatanetwork_astro/sds/REC/ArgumentTypeSet.py -> spacedatanetwork_astro-0.1.0.dev0+modules.e4612363998b.af1dde329812d/src/spacedatanetwork_astro/sds/REC
copying src/spacedatanetwork_astro/sds/REC/ArmorMaterial.py -> spacedatanetwork_astro-0.1.0.dev0+modules.e4612363998b.af1dde329812d/src/spacedatanetwork_astro/sds/REC
copying src/spacedatanetwork_astro/sds/REC/ArrayDimension.py -> spacedatanetwork_astro-0.1.0.dev0+modules.e4612363998b.af1dde329812d/src/spacedatanetwork_astro/sds/REC
copying src/spacedatanetwork_astro/sds/REC/ArrayParameterRefEntry.py -> spacedatanetwork_astro-0.1.0.dev0+modules.e4612363998b.af1dde329812d/src/spacedatanetwork_astro/sds/REC
copying src/spacedatanetwork_astro/sds/REC/ArrayParameterType.py -> spacedatanetwork_astro-0.1.0.dev0+modules.e4612363998b.af1dde329812d/src/spacedatanetwork_astro/sds/REC
copying src/spacedatanetwork_astro/sds/REC/AssociationMethod.py -> spacedatanetwork_astro-0.1.0.dev0+modules.e4612363998b.af1dde329812d/src/spacedatanetwork_astro/sds/REC
copying src/spacedatanetwork_astro/sds/REC/AtmosphereModel.py -> spacedatanetwork_astro-0.1.0.dev0+modules.e4612363998b.af1dde329812d/src/spacedatanetwork_astro/sds/REC
copying src/spacedatanetwork_astro/sds/REC/AtmosphericModelFamily.py -> spacedatanetwork_astro-0.1.0.dev0+modules.e4612363998b.af1dde329812d/src/spacedatanetwork_astro/sds/REC
copying src/spacedatanetwork_astro/sds/REC/BAL.py -> spacedatanetwork_astro-0.1.0.dev0+modules.e4612363998b.af1dde329812d/src/spacedatanetwork_astro/sds/REC
copying src/spacedatanetwork_astro/sds/REC/BEM.py -> spacedatanetwork_astro-0.1.0.dev0+modules.e4612363998b.af1dde329812d/src/spacedatanetwork_astro/sds/REC
copying src/spacedatanetwork_astro/sds/REC/BEMHopSchedule.py -> spacedatanetwork_astro-0.1.0.dev0+modules.e4612363998b.af1dde329812d/src/spacedatanetwork_astro/sds/REC
copying src/spacedatanetwork_astro/sds/REC/BEMHopSlot.py -> spacedatanetwork_astro-0.1.0.dev0+modules.e4612363998b.af1dde329812d/src/spacedatanetwork_astro/sds/REC
copying src/spacedatanetwork_astro/sds/REC/BEMProvenance.py -> spacedatanetwork_astro-0.1.0.dev0+modules.e4612363998b.af1dde329812d/src/spacedatanetwork_astro/sds/REC
copying src/spacedatanetwork_astro/sds/REC/BMC.py -> spacedatanetwork_astro-0.1.0.dev0+modules.e4612363998b.af1dde329812d/src/spacedatanetwork_astro/sds/REC
copying src/spacedatanetwork_astro/sds/REC/BOV.py -> spacedatanetwork_astro-0.1.0.dev0+modules.e4612363998b.af1dde329812d/src/spacedatanetwork_astro/sds/REC
copying src/spacedatanetwork_astro/sds/REC/BPF.py -> spacedatanetwork_astro-0.1.0.dev0+modules.e4612363998b.af1dde329812d/src/spacedatanetwork_astro/sds/REC
copying src/spacedatanetwork_astro/sds/REC/BPFAttestation.py -> spacedatanetwork_astro-0.1.0.dev0+modules.e4612363998b.af1dde329812d/src/spacedatanetwork_astro/sds/REC
copying src/spacedatanetwork_astro/sds/REC/BPFModule.py -> spacedatanetwork_astro-0.1.0.dev0+modules.e4612363998b.af1dde329812d/src/spacedatanetwork_astro/sds/REC
copying src/spacedatanetwork_astro/sds/REC/BPFPart.py -> spacedatanetwork_astro-0.1.0.dev0+modules.e4612363998b.af1dde329812d/src/spacedatanetwork_astro/sds/REC
copying src/spacedatanetwork_astro/sds/REC/BPFRuntimeLock.py -> spacedatanetwork_astro-0.1.0.dev0+modules.e4612363998b.af1dde329812d/src/spacedatanetwork_astro/sds/REC
copying src/spacedatanetwork_astro/sds/REC/BSP.py -> spacedatanetwork_astro-0.1.0.dev0+modules.e4612363998b.af1dde329812d/src/spacedatanetwork_astro/sds/REC
copying src/spacedatanetwork_astro/sds/REC/BSPInterpolationRequest.py -> spacedatanetwork_astro-0.1.0.dev0+modules.e4612363998b.af1dde329812d/src/spacedatanetwork_astro/sds/REC
copying src/spacedatanetwork_astro/sds/REC/BSPInterpolationResult.py -> spacedatanetwork_astro-0.1.0.dev0+modules.e4612363998b.af1dde329812d/src/spacedatanetwork_astro/sds/REC
copying src/spacedatanetwork_astro/sds/REC/BSPVector3Series.py -> spacedatanetwork_astro-0.1.0.dev0+modules.e4612363998b.af1dde329812d/src/spacedatanetwork_astro/sds/REC
copying src/spacedatanetwork_astro/sds/REC/BUS.py -> spacedatanetwork_astro-0.1.0.dev0+modules.e4612363998b.af1dde329812d/src/spacedatanetwork_astro/sds/REC
copying src/spacedatanetwork_astro/sds/REC/BalStabilizationType.py -> spacedatanetwork_astro-0.1.0.dev0+modules.e4612363998b.af1dde329812d/src/spacedatanetwork_astro/sds/REC
copying src/spacedatanetwork_astro/sds/REC/BallisticModel.py -> spacedatanetwork_astro-0.1.0.dev0+modules.e4612363998b.af1dde329812d/src/spacedatanetwork_astro/sds/REC
copying src/spacedatanetwork_astro/sds/REC/Band.py -> spacedatanetwork_astro-0.1.0.dev0+modules.e4612363998b.af1dde329812d/src/spacedatanetwork_astro/sds/REC
copying src/spacedatanetwork_astro/sds/REC/BandType.py -> spacedatanetwork_astro-0.1.0.dev0+modules.e4612363998b.af1dde329812d/src/spacedatanetwork_astro/sds/REC
copying src/spacedatanetwork_astro/sds/REC/BaseContainer.py -> spacedatanetwork_astro-0.1.0.dev0+modules.e4612363998b.af1dde329812d/src/spacedatanetwork_astro/sds/REC
copying src/spacedatanetwork_astro/sds/REC/BaseMetaCommand.py -> spacedatanetwork_astro-0.1.0.dev0+modules.e4612363998b.af1dde329812d/src/spacedatanetwork_astro/sds/REC
copying src/spacedatanetwork_astro/sds/REC/BinaryArgumentType.py -> spacedatanetwork_astro-0.1.0.dev0+modules.e4612363998b.af1dde329812d/src/spacedatanetwork_astro/sds/REC
copying src/spacedatanetwork_astro/sds/REC/BinaryDataEncoding.py -> spacedatanetwork_astro-0.1.0.dev0+modules.e4612363998b.af1dde329812d/src/spacedatanetwork_astro/sds/REC
copying src/spacedatanetwork_astro/sds/REC/BinaryParameterType.py -> spacedatanetwork_astro-0.1.0.dev0+modules.e4612363998b.af1dde329812d/src/spacedatanetwork_astro/sds/REC
copying src/spacedatanetwork_astro/sds/REC/BooleanArgumentType.py -> spacedatanetwork_astro-0.1.0.dev0+modules.e4612363998b.af1dde329812d/src/spacedatanetwork_astro/sds/REC
copying src/spacedatanetwork_astro/sds/REC/BooleanExpression.py -> spacedatanetwork_astro-0.1.0.dev0+modules.e4612363998b.af1dde329812d/src/spacedatanetwork_astro/sds/REC
copying src/spacedatanetwork_astro/sds/REC/BooleanOperatorType.py -> spacedatanetwork_astro-0.1.0.dev0+modules.e4612363998b.af1dde329812d/src/spacedatanetwork_astro/sds/REC
copying src/spacedatanetwork_astro/sds/REC/BooleanParameterType.py -> spacedatanetwork_astro-0.1.0.dev0+modules.e4612363998b.af1dde329812d/src/spacedatanetwork_astro/sds/REC
copying src/spacedatanetwork_astro/sds/REC/BottomType.py -> spacedatanetwork_astro-0.1.0.dev0+modules.e4612363998b.af1dde329812d/src/spacedatanetwork_astro/sds/REC
copying src/spacedatanetwork_astro/sds/REC/BusStabilizationType.py -> spacedatanetwork_astro-0.1.0.dev0+modules.e4612363998b.af1dde329812d/src/spacedatanetwork_astro/sds/REC
copying src/spacedatanetwork_astro/sds/REC/ByteOrderType.py -> spacedatanetwork_astro-0.1.0.dev0+modules.e4612363998b.af1dde329812d/src/spacedatanetwork_astro/sds/REC
copying src/spacedatanetwork_astro/sds/REC/CAQ.py -> spacedatanetwork_astro-0.1.0.dev0+modules.e4612363998b.af1dde329812d/src/spacedatanetwork_astro/sds/REC
copying src/spacedatanetwork_astro/sds/REC/CAQRequest.py -> spacedatanetwork_astro-0.1.0.dev0+modules.e4612363998b.af1dde329812d/src/spacedatanetwork_astro/sds/REC
copying src/spacedatanetwork_astro/sds/REC/CAQResult.py -> spacedatanetwork_astro-0.1.0.dev0+modules.e4612363998b.af1dde329812d/src/spacedatanetwork_astro/sds/REC
copying src/spacedatanetwork_astro/sds/REC/CAT.py -> spacedatanetwork_astro-0.1.0.dev0+modules.e4612363998b.af1dde329812d/src/spacedatanetwork_astro/sds/REC
copying src/spacedatanetwork_astro/sds/REC/CCT.py -> spacedatanetwork_astro-0.1.0.dev0+modules.e4612363998b.af1dde329812d/src/spacedatanetwork_astro/sds/REC
copying src/spacedatanetwork_astro/sds/REC/CCTCategory.py -> spacedatanetwork_astro-0.1.0.dev0+modules.e4612363998b.af1dde329812d/src/spacedatanetwork_astro/sds/REC
copying src/spacedatanetwork_astro/sds/REC/CCTCategoryRollup.py -> spacedatanetwork_astro-0.1.0.dev0+modules.e4612363998b.af1dde329812d/src/spacedatanetwork_astro/sds/REC
copying src/spacedatanetwork_astro/sds/REC/CDM.py -> spacedatanetwork_astro-0.1.0.dev0+modules.e4612363998b.af1dde329812d/src/spacedatanetwork_astro/sds/REC
copying src/spacedatanetwork_astro/sds/REC/CDMObject.py -> spacedatanetwork_astro-0.1.0.dev0+modules.e4612363998b.af1dde329812d/src/spacedatanetwork_astro/sds/REC
copying src/spacedatanetwork_astro/sds/REC/CES.py -> spacedatanetwork_astro-0.1.0.dev0+modules.e4612363998b.af1dde329812d/src/spacedatanetwork_astro/sds/REC
copying src/spacedatanetwork_astro/sds/REC/CESObjectVector.py -> spacedatanetwork_astro-0.1.0.dev0+modules.e4612363998b.af1dde329812d/src/spacedatanetwork_astro/sds/REC
copying src/spacedatanetwork_astro/sds/REC/CFP.py -> spacedatanetwork_astro-0.1.0.dev0+modules.e4612363998b.af1dde329812d/src/spacedatanetwork_astro/sds/REC
copying src/spacedatanetwork_astro/sds/REC/CHN.py -> spacedatanetwork_astro-0.1.0.dev0+modules.e4612363998b.af1dde329812d/src/spacedatanetwork_astro/sds/REC
copying src/spacedatanetwork_astro/sds/REC/CLM.py -> spacedatanetwork_astro-0.1.0.dev0+modules.e4612363998b.af1dde329812d/src/spacedatanetwork_astro/sds/REC
copying src/spacedatanetwork_astro/sds/REC/CLMCountersignature.py -> spacedatanetwork_astro-0.1.0.dev0+modules.e4612363998b.af1dde329812d/src/spacedatanetwork_astro/sds/REC
copying src/spacedatanetwork_astro/sds/REC/CLT.py -> spacedatanetwork_astro-0.1.0.dev0+modules.e4612363998b.af1dde329812d/src/spacedatanetwork_astro/sds/REC
copying src/spacedatanetwork_astro/sds/REC/CMR.py -> spacedatanetwork_astro-0.1.0.dev0+modules.e4612363998b.af1dde329812d/src/spacedatanetwork_astro/sds/REC
copying src/spacedatanetwork_astro/sds/REC/CMRProvenance.py -> spacedatanetwork_astro-0.1.0.dev0+modules.e4612363998b.af1dde329812d/src/spacedatanetwork_astro/sds/REC
copying src/spacedatanetwork_astro/sds/REC/CMS.py -> spacedatanetwork_astro-0.1.0.dev0+modules.e4612363998b.af1dde329812d/src/spacedatanetwork_astro/sds/REC
copying src/spacedatanetwork_astro/sds/REC/CMT.py -> spacedatanetwork_astro-0.1.0.dev0+modules.e4612363998b.af1dde329812d/src/spacedatanetwork_astro/sds/REC
copying src/spacedatanetwork_astro/sds/REC/CNP.py -> spacedatanetwork_astro-0.1.0.dev0+modules.e4612363998b.af1dde329812d/src/spacedatanetwork_astro/sds/REC
copying src/spacedatanetwork_astro/sds/REC/CNPMetric.py -> spacedatanetwork_astro-0.1.0.dev0+modules.e4612363998b.af1dde329812d/src/spacedatanetwork_astro/sds/REC
copying src/spacedatanetwork_astro/sds/REC/CNPProvenance.py -> spacedatanetwork_astro-0.1.0.dev0+modules.e4612363998b.af1dde329812d/src/spacedatanetwork_astro/sds/REC
copying src/spacedatanetwork_astro/sds/REC/CNPRegion.py -> spacedatanetwork_astro-0.1.0.dev0+modules.e4612363998b.af1dde329812d/src/spacedatanetwork_astro/sds/REC
copying src/spacedatanetwork_astro/sds/REC/CNPStatistic.py -> spacedatanetwork_astro-0.1.0.dev0+modules.e4612363998b.af1dde329812d/src/spacedatanetwork_astro/sds/REC
copying src/spacedatanetwork_astro/sds/REC/COM.py -> spacedatanetwork_astro-0.1.0.dev0+modules.e4612363998b.af1dde329812d/src/spacedatanetwork_astro/sds/REC
copying src/spacedatanetwork_astro/sds/REC/COT.py -> spacedatanetwork_astro-0.1.0.dev0+modules.e4612363998b.af1dde329812d/src/spacedatanetwork_astro/sds/REC
copying src/spacedatanetwork_astro/sds/REC/COTDetail.py -> spacedatanetwork_astro-0.1.0.dev0+modules.e4612363998b.af1dde329812d/src/spacedatanetwork_astro/sds/REC
copying src/spacedatanetwork_astro/sds/REC/COTHowType.py -> spacedatanetwork_astro-0.1.0.dev0+modules.e4612363998b.af1dde329812d/src/spacedatanetwork_astro/sds/REC
copying src/spacedatanetwork_astro/sds/REC/COTPoint.py -> spacedatanetwork_astro-0.1.0.dev0+modules.e4612363998b.af1dde329812d/src/spacedatanetwork_astro/sds/REC
copying src/spacedatanetwork_astro/sds/REC/CPS.py -> spacedatanetwork_astro-0.1.0.dev0+modules.e4612363998b.af1dde329812d/src/spacedatanetwork_astro/sds/REC
copying src/spacedatanetwork_astro/sds/REC/CRD.py -> spacedatanetwork_astro-0.1.0.dev0+modules.e4612363998b.af1dde329812d/src/spacedatanetwork_astro/sds/REC
copying src/spacedatanetwork_astro/sds/REC/CRM.py -> spacedatanetwork_astro-0.1.0.dev0+modules.e4612363998b.af1dde329812d/src/spacedatanetwork_astro/sds/REC
copying src/spacedatanetwork_astro/sds/REC/CSM.py -> spacedatanetwork_astro-0.1.0.dev0+modules.e4612363998b.af1dde329812d/src/spacedatanetwork_astro/sds/REC
copying src/spacedatanetwork_astro/sds/REC/CTR.py -> spacedatanetwork_astro-0.1.0.dev0+modules.e4612363998b.af1dde329812d/src/spacedatanetwork_astro/sds/REC
copying src/spacedatanetwork_astro/sds/REC/CVG.py -> spacedatanetwork_astro-0.1.0.dev0+modules.e4612363998b.af1dde329812d/src/spacedatanetwork_astro/sds/REC
copying src/spacedatanetwork_astro/sds/REC/CVP.py -> spacedatanetwork_astro-0.1.0.dev0+modules.e4612363998b.af1dde329812d/src/spacedatanetwork_astro/sds/REC
copying src/spacedatanetwork_astro/sds/REC/CVPEmitterRef.py -> spacedatanetwork_astro-0.1.0.dev0+modules.e4612363998b.af1dde329812d/src/spacedatanetwork_astro/sds/REC
copying src/spacedatanetwork_astro/sds/REC/CVPObstacleRef.py -> spacedatanetwork_astro-0.1.0.dev0+modules.e4612363998b.af1dde329812d/src/spacedatanetwork_astro/sds/REC
copying src/spacedatanetwork_astro/sds/REC/CVPProvenance.py -> spacedatanetwork_astro-0.1.0.dev0+modules.e4612363998b.af1dde329812d/src/spacedatanetwork_astro/sds/REC
copying src/spacedatanetwork_astro/sds/REC/CVPReceiverRef.py -> spacedatanetwork_astro-0.1.0.dev0+modules.e4612363998b.af1dde329812d/src/spacedatanetwork_astro/sds/REC
copying src/spacedatanetwork_astro/sds/REC/CVPUncertainty.py -> spacedatanetwork_astro-0.1.0.dev0+modules.e4612363998b.af1dde329812d/src/spacedatanetwork_astro/sds/REC
copying src/spacedatanetwork_astro/sds/REC/CZM.py -> spacedatanetwork_astro-0.1.0.dev0+modules.e4612363998b.af1dde329812d/src/spacedatanetwork_astro/sds/REC
copying src/spacedatanetwork_astro/sds/REC/CZMArcType.py -> spacedatanetwork_astro-0.1.0.dev0+modules.e4612363998b.af1dde329812d/src/spacedatanetwork_astro/sds/REC
copying src/spacedatanetwork_astro/sds/REC/CZMBillboard.py -> spacedatanetwork_astro-0.1.0.dev0+modules.e4612363998b.af1dde329812d/src/spacedatanetwork_astro/sds/REC
copying src/spacedatanetwork_astro/sds/REC/CZMBox.py -> spacedatanetwork_astro-0.1.0.dev0+modules.e4612363998b.af1dde329812d/src/spacedatanetwork_astro/sds/REC
copying src/spacedatanetwork_astro/sds/REC/CZMCartesian.py -> spacedatanetwork_astro-0.1.0.dev0+modules.e4612363998b.af1dde329812d/src/spacedatanetwork_astro/sds/REC
copying src/spacedatanetwork_astro/sds/REC/CZMCartographicDegrees.py -> spacedatanetwork_astro-0.1.0.dev0+modules.e4612363998b.af1dde329812d/src/spacedatanetwork_astro/sds/REC
copying src/spacedatanetwork_astro/sds/REC/CZMCheckerboardMaterial.py -> spacedatanetwork_astro-0.1.0.dev0+modules.e4612363998b.af1dde329812d/src/spacedatanetwork_astro/sds/REC
copying src/spacedatanetwork_astro/sds/REC/CZMClassificationType.py -> spacedatanetwork_astro-0.1.0.dev0+modules.e4612363998b.af1dde329812d/src/spacedatanetwork_astro/sds/REC
copying src/spacedatanetwork_astro/sds/REC/CZMClockRange.py -> spacedatanetwork_astro-0.1.0.dev0+modules.e4612363998b.af1dde329812d/src/spacedatanetwork_astro/sds/REC
copying src/spacedatanetwork_astro/sds/REC/CZMClockStep.py -> spacedatanetwork_astro-0.1.0.dev0+modules.e4612363998b.af1dde329812d/src/spacedatanetwork_astro/sds/REC
copying src/spacedatanetwork_astro/sds/REC/CZMColor.py -> spacedatanetwork_astro-0.1.0.dev0+modules.e4612363998b.af1dde329812d/src/spacedatanetwork_astro/sds/REC
copying src/spacedatanetwork_astro/sds/REC/CZMColorBlendMode.py -> spacedatanetwork_astro-0.1.0.dev0+modules.e4612363998b.af1dde329812d/src/spacedatanetwork_astro/sds/REC
copying src/spacedatanetwork_astro/sds/REC/CZMCornerType.py -> spacedatanetwork_astro-0.1.0.dev0+modules.e4612363998b.af1dde329812d/src/spacedatanetwork_astro/sds/REC
copying src/spacedatanetwork_astro/sds/REC/CZMCorridor.py -> spacedatanetwork_astro-0.1.0.dev0+modules.e4612363998b.af1dde329812d/src/spacedatanetwork_astro/sds/REC
copying src/spacedatanetwork_astro/sds/REC/CZMCylinder.py -> spacedatanetwork_astro-0.1.0.dev0+modules.e4612363998b.af1dde329812d/src/spacedatanetwork_astro/sds/REC
copying src/spacedatanetwork_astro/sds/REC/CZMDistanceDisplayCondition.py -> spacedatanetwork_astro-0.1.0.dev0+modules.e4612363998b.af1dde329812d/src/spacedatanetwork_astro/sds/REC
copying src/spacedatanetwork_astro/sds/REC/CZMDynInterval.py -> spacedatanetwork_astro-0.1.0.dev0+modules.e4612363998b.af1dde329812d/src/spacedatanetwork_astro/sds/REC
copying src/spacedatanetwork_astro/sds/REC/CZMDynSampled.py -> spacedatanetwork_astro-0.1.0.dev0+modules.e4612363998b.af1dde329812d/src/spacedatanetwork_astro/sds/REC
copying src/spacedatanetwork_astro/sds/REC/CZMDynValueType.py -> spacedatanetwork_astro-0.1.0.dev0+modules.e4612363998b.af1dde329812d/src/spacedatanetwork_astro/sds/REC
copying src/spacedatanetwork_astro/sds/REC/CZMDynamicProperty.py -> spacedatanetwork_astro-0.1.0.dev0+modules.e4612363998b.af1dde329812d/src/spacedatanetwork_astro/sds/REC
copying src/spacedatanetwork_astro/sds/REC/CZMEllipse.py -> spacedatanetwork_astro-0.1.0.dev0+modules.e4612363998b.af1dde329812d/src/spacedatanetwork_astro/sds/REC
copying src/spacedatanetwork_astro/sds/REC/CZMEllipsoid.py -> spacedatanetwork_astro-0.1.0.dev0+modules.e4612363998b.af1dde329812d/src/spacedatanetwork_astro/sds/REC
copying src/spacedatanetwork_astro/sds/REC/CZMGridMaterial.py -> spacedatanetwork_astro-0.1.0.dev0+modules.e4612363998b.af1dde329812d/src/spacedatanetwork_astro/sds/REC
copying src/spacedatanetwork_astro/sds/REC/CZMHeightReference.py -> spacedatanetwork_astro-0.1.0.dev0+modules.e4612363998b.af1dde329812d/src/spacedatanetwork_astro/sds/REC
copying src/spacedatanetwork_astro/sds/REC/CZMHorizontalOrigin.py -> spacedatanetwork_astro-0.1.0.dev0+modules.e4612363998b.af1dde329812d/src/spacedatanetwork_astro/sds/REC
copying src/spacedatanetwork_astro/sds/REC/CZMImageMaterial.py -> spacedatanetwork_astro-0.1.0.dev0+modules.e4612363998b.af1dde329812d/src/spacedatanetwork_astro/sds/REC
copying src/spacedatanetwork_astro/sds/REC/CZMInterpolation.py -> spacedatanetwork_astro-0.1.0.dev0+modules.e4612363998b.af1dde329812d/src/spacedatanetwork_astro/sds/REC
copying src/spacedatanetwork_astro/sds/REC/CZMInterval.py -> spacedatanetwork_astro-0.1.0.dev0+modules.e4612363998b.af1dde329812d/src/spacedatanetwork_astro/sds/REC
copying src/spacedatanetwork_astro/sds/REC/CZMLabel.py -> spacedatanetwork_astro-0.1.0.dev0+modules.e4612363998b.af1dde329812d/src/spacedatanetwork_astro/sds/REC
copying src/spacedatanetwork_astro/sds/REC/CZMLabelStyle.py -> spacedatanetwork_astro-0.1.0.dev0+modules.e4612363998b.af1dde329812d/src/spacedatanetwork_astro/sds/REC
copying src/spacedatanetwork_astro/sds/REC/CZMMaterial.py -> spacedatanetwork_astro-0.1.0.dev0+modules.e4612363998b.af1dde329812d/src/spacedatanetwork_astro/sds/REC
copying src/spacedatanetwork_astro/sds/REC/CZMModel.py -> spacedatanetwork_astro-0.1.0.dev0+modules.e4612363998b.af1dde329812d/src/spacedatanetwork_astro/sds/REC
copying src/spacedatanetwork_astro/sds/REC/CZMNearFarScalar.py -> spacedatanetwork_astro-0.1.0.dev0+modules.e4612363998b.af1dde329812d/src/spacedatanetwork_astro/sds/REC
copying src/spacedatanetwork_astro/sds/REC/CZMOrientation.py -> spacedatanetwork_astro-0.1.0.dev0+modules.e4612363998b.af1dde329812d/src/spacedatanetwork_astro/sds/REC
copying src/spacedatanetwork_astro/sds/REC/CZMPacket.py -> spacedatanetwork_astro-0.1.0.dev0+modules.e4612363998b.af1dde329812d/src/spacedatanetwork_astro/sds/REC
copying src/spacedatanetwork_astro/sds/REC/CZMPath.py -> spacedatanetwork_astro-0.1.0.dev0+modules.e4612363998b.af1dde329812d/src/spacedatanetwork_astro/sds/REC
copying src/spacedatanetwork_astro/sds/REC/CZMPoint.py -> spacedatanetwork_astro-0.1.0.dev0+modules.e4612363998b.af1dde329812d/src/spacedatanetwork_astro/sds/REC
copying src/spacedatanetwork_astro/sds/REC/CZMPolygon.py -> spacedatanetwork_astro-0.1.0.dev0+modules.e4612363998b.af1dde329812d/src/spacedatanetwork_astro/sds/REC
copying src/spacedatanetwork_astro/sds/REC/CZMPolygonHole.py -> spacedatanetwork_astro-0.1.0.dev0+modules.e4612363998b.af1dde329812d/src/spacedatanetwork_astro/sds/REC
copying src/spacedatanetwork_astro/sds/REC/CZMPolyline.py -> spacedatanetwork_astro-0.1.0.dev0+modules.e4612363998b.af1dde329812d/src/spacedatanetwork_astro/sds/REC
copying src/spacedatanetwork_astro/sds/REC/CZMPolylineArrowMaterial.py -> spacedatanetwork_astro-0.1.0.dev0+modules.e4612363998b.af1dde329812d/src/spacedatanetwork_astro/sds/REC
copying src/spacedatanetwork_astro/sds/REC/CZMPolylineDashMaterial.py -> spacedatanetwork_astro-0.1.0.dev0+modules.e4612363998b.af1dde329812d/src/spacedatanetwork_astro/sds/REC
copying src/spacedatanetwork_astro/sds/REC/CZMPolylineGlowMaterial.py -> spacedatanetwork_astro-0.1.0.dev0+modules.e4612363998b.af1dde329812d/src/spacedatanetwork_astro/sds/REC
copying src/spacedatanetwork_astro/sds/REC/CZMPolylineMaterial.py -> spacedatanetwork_astro-0.1.0.dev0+modules.e4612363998b.af1dde329812d/src/spacedatanetwork_astro/sds/REC
copying src/spacedatanetwork_astro/sds/REC/CZMPolylineOutlineMaterial.py -> spacedatanetwork_astro-0.1.0.dev0+modules.e4612363998b.af1dde329812d/src/spacedatanetwork_astro/sds/REC
copying src/spacedatanetwork_astro/sds/REC/CZMPolylineVolume.py -> spacedatanetwork_astro-0.1.0.dev0+modules.e4612363998b.af1dde329812d/src/spacedatanetwork_astro/sds/REC
copying src/spacedatanetwork_astro/sds/REC/CZMRectangle.py -> spacedatanetwork_astro-0.1.0.dev0+modules.e4612363998b.af1dde329812d/src/spacedatanetwork_astro/sds/REC
copying src/spacedatanetwork_astro/sds/REC/CZMShadowMode.py -> spacedatanetwork_astro-0.1.0.dev0+modules.e4612363998b.af1dde329812d/src/spacedatanetwork_astro/sds/REC
copying src/spacedatanetwork_astro/sds/REC/CZMSolidColorMaterial.py -> spacedatanetwork_astro-0.1.0.dev0+modules.e4612363998b.af1dde329812d/src/spacedatanetwork_astro/sds/REC
copying src/spacedatanetwork_astro/sds/REC/CZMStripeMaterial.py -> spacedatanetwork_astro-0.1.0.dev0+modules.e4612363998b.af1dde329812d/src/spacedatanetwork_astro/sds/REC
copying src/spacedatanetwork_astro/sds/REC/CZMStripeOrientation.py -> spacedatanetwork_astro-0.1.0.dev0+modules.e4612363998b.af1dde329812d/src/spacedatanetwork_astro/sds/REC
copying src/spacedatanetwork_astro/sds/REC/CZMTileset.py -> spacedatanetwork_astro-0.1.0.dev0+modules.e4612363998b.af1dde329812d/src/spacedatanetwork_astro/sds/REC
copying src/spacedatanetwork_astro/sds/REC/CZMVerticalOrigin.py -> spacedatanetwork_astro-0.1.0.dev0+modules.e4612363998b.af1dde329812d/src/spacedatanetwork_astro/sds/REC
copying src/spacedatanetwork_astro/sds/REC/CZMViewFrom.py -> spacedatanetwork_astro-0.1.0.dev0+modules.e4612363998b.af1dde329812d/src/spacedatanetwork_astro/sds/REC
copying src/spacedatanetwork_astro/sds/REC/CZMWall.py -> spacedatanetwork_astro-0.1.0.dev0+modules.e4612363998b.af1dde329812d/src/spacedatanetwork_astro/sds/REC
copying src/spacedatanetwork_astro/sds/REC/CanonicalizationRule.py -> spacedatanetwork_astro-0.1.0.dev0+modules.e4612363998b.af1dde329812d/src/spacedatanetwork_astro/sds/REC
copying src/spacedatanetwork_astro/sds/REC/CelestialFrame.py -> spacedatanetwork_astro-0.1.0.dev0+modules.e4612363998b.af1dde329812d/src/spacedatanetwork_astro/sds/REC
copying src/spacedatanetwork_astro/sds/REC/CelestialFrameWrapper.py -> spacedatanetwork_astro-0.1.0.dev0+modules.e4612363998b.af1dde329812d/src/spacedatanetwork_astro/sds/REC
copying src/spacedatanetwork_astro/sds/REC/CentralBody.py -> spacedatanetwork_astro-0.1.0.dev0+modules.e4612363998b.af1dde329812d/src/spacedatanetwork_astro/sds/REC
copying src/spacedatanetwork_astro/sds/REC/ChainProof.py -> spacedatanetwork_astro-0.1.0.dev0+modules.e4612363998b.af1dde329812d/src/spacedatanetwork_astro/sds/REC
copying src/spacedatanetwork_astro/sds/REC/ClockType.py -> spacedatanetwork_astro-0.1.0.dev0+modules.e4612363998b.af1dde329812d/src/spacedatanetwork_astro/sds/REC
copying src/spacedatanetwork_astro/sds/REC/CmsModulationType.py -> spacedatanetwork_astro-0.1.0.dev0+modules.e4612363998b.af1dde329812d/src/spacedatanetwork_astro/sds/REC
copying src/spacedatanetwork_astro/sds/REC/CollectMethod.py -> spacedatanetwork_astro-0.1.0.dev0+modules.e4612363998b.af1dde329812d/src/spacedatanetwork_astro/sds/REC
copying src/spacedatanetwork_astro/sds/REC/CollisionShape.py -> spacedatanetwork_astro-0.1.0.dev0+modules.e4612363998b.af1dde329812d/src/spacedatanetwork_astro/sds/REC
copying src/spacedatanetwork_astro/sds/REC/ComModulationType.py -> spacedatanetwork_astro-0.1.0.dev0+modules.e4612363998b.af1dde329812d/src/spacedatanetwork_astro/sds/REC
copying src/spacedatanetwork_astro/sds/REC/CommandContainer.py -> spacedatanetwork_astro-0.1.0.dev0+modules.e4612363998b.af1dde329812d/src/spacedatanetwork_astro/sds/REC
copying src/spacedatanetwork_astro/sds/REC/CommandContainerEntry.py -> spacedatanetwork_astro-0.1.0.dev0+modules.e4612363998b.af1dde329812d/src/spacedatanetwork_astro/sds/REC
copying src/spacedatanetwork_astro/sds/REC/CommandMetaData.py -> spacedatanetwork_astro-0.1.0.dev0+modules.e4612363998b.af1dde329812d/src/spacedatanetwork_astro/sds/REC
copying src/spacedatanetwork_astro/sds/REC/CommandSignificance.py -> spacedatanetwork_astro-0.1.0.dev0+modules.e4612363998b.af1dde329812d/src/spacedatanetwork_astro/sds/REC
copying src/spacedatanetwork_astro/sds/REC/CommandVerifier.py -> spacedatanetwork_astro-0.1.0.dev0+modules.e4612363998b.af1dde329812d/src/spacedatanetwork_astro/sds/REC
copying src/spacedatanetwork_astro/sds/REC/ComparisonOperator.py -> spacedatanetwork_astro-0.1.0.dev0+modules.e4612363998b.af1dde329812d/src/spacedatanetwork_astro/sds/REC
copying src/spacedatanetwork_astro/sds/REC/ContainerBinaryEncoding.py -> spacedatanetwork_astro-0.1.0.dev0+modules.e4612363998b.af1dde329812d/src/spacedatanetwork_astro/sds/REC
copying src/spacedatanetwork_astro/sds/REC/ContainerEntry.py -> spacedatanetwork_astro-0.1.0.dev0+modules.e4612363998b.af1dde329812d/src/spacedatanetwork_astro/sds/REC
copying src/spacedatanetwork_astro/sds/REC/ContainerRefEntry.py -> spacedatanetwork_astro-0.1.0.dev0+modules.e4612363998b.af1dde329812d/src/spacedatanetwork_astro/sds/REC
copying src/spacedatanetwork_astro/sds/REC/ContainerSet.py -> spacedatanetwork_astro-0.1.0.dev0+modules.e4612363998b.af1dde329812d/src/spacedatanetwork_astro/sds/REC
copying src/spacedatanetwork_astro/sds/REC/ContextAlarm.py -> spacedatanetwork_astro-0.1.0.dev0+modules.e4612363998b.af1dde329812d/src/spacedatanetwork_astro/sds/REC
copying src/spacedatanetwork_astro/sds/REC/ContextCalibrator.py -> spacedatanetwork_astro-0.1.0.dev0+modules.e4612363998b.af1dde329812d/src/spacedatanetwork_astro/sds/REC
copying src/spacedatanetwork_astro/sds/REC/CoordFrame.py -> spacedatanetwork_astro-0.1.0.dev0+modules.e4612363998b.af1dde329812d/src/spacedatanetwork_astro/sds/REC
copying src/spacedatanetwork_astro/sds/REC/CountermeasureStatus.py -> spacedatanetwork_astro-0.1.0.dev0+modules.e4612363998b.af1dde329812d/src/spacedatanetwork_astro/sds/REC
copying src/spacedatanetwork_astro/sds/REC/CrewRole.py -> spacedatanetwork_astro-0.1.0.dev0+modules.e4612363998b.af1dde329812d/src/spacedatanetwork_astro/sds/REC
copying src/spacedatanetwork_astro/sds/REC/CrewState.py -> spacedatanetwork_astro-0.1.0.dev0+modules.e4612363998b.af1dde329812d/src/spacedatanetwork_astro/sds/REC
copying src/spacedatanetwork_astro/sds/REC/CryptoKey.py -> spacedatanetwork_astro-0.1.0.dev0+modules.e4612363998b.af1dde329812d/src/spacedatanetwork_astro/sds/REC
copying src/spacedatanetwork_astro/sds/REC/CustomAlgorithm.py -> spacedatanetwork_astro-0.1.0.dev0+modules.e4612363998b.af1dde329812d/src/spacedatanetwork_astro/sds/REC
copying src/spacedatanetwork_astro/sds/REC/CustomFrame.py -> spacedatanetwork_astro-0.1.0.dev0+modules.e4612363998b.af1dde329812d/src/spacedatanetwork_astro/sds/REC
copying src/spacedatanetwork_astro/sds/REC/CustomFrameWrapper.py -> spacedatanetwork_astro-0.1.0.dev0+modules.e4612363998b.af1dde329812d/src/spacedatanetwork_astro/sds/REC
copying src/spacedatanetwork_astro/sds/REC/CustomStream.py -> spacedatanetwork_astro-0.1.0.dev0+modules.e4612363998b.af1dde329812d/src/spacedatanetwork_astro/sds/REC
copying src/spacedatanetwork_astro/sds/REC/DCState.py -> spacedatanetwork_astro-0.1.0.dev0+modules.e4612363998b.af1dde329812d/src/spacedatanetwork_astro/sds/REC
copying src/spacedatanetwork_astro/sds/REC/DFH.py -> spacedatanetwork_astro-0.1.0.dev0+modules.e4612363998b.af1dde329812d/src/spacedatanetwork_astro/sds/REC
copying src/spacedatanetwork_astro/sds/REC/DMG.py -> spacedatanetwork_astro-0.1.0.dev0+modules.e4612363998b.af1dde329812d/src/spacedatanetwork_astro/sds/REC
copying src/spacedatanetwork_astro/sds/REC/DOA.py -> spacedatanetwork_astro-0.1.0.dev0+modules.e4612363998b.af1dde329812d/src/spacedatanetwork_astro/sds/REC
copying src/spacedatanetwork_astro/sds/REC/DPM.py -> spacedatanetwork_astro-0.1.0.dev0+modules.e4612363998b.af1dde329812d/src/spacedatanetwork_astro/sds/REC
copying src/spacedatanetwork_astro/sds/REC/DPMAsset.py -> spacedatanetwork_astro-0.1.0.dev0+modules.e4612363998b.af1dde329812d/src/spacedatanetwork_astro/sds/REC
copying src/spacedatanetwork_astro/sds/REC/DPMCompletenessIndex.py -> spacedatanetwork_astro-0.1.0.dev0+modules.e4612363998b.af1dde329812d/src/spacedatanetwork_astro/sds/REC
copying src/spacedatanetwork_astro/sds/REC/DPMEncryptionBinding.py -> spacedatanetwork_astro-0.1.0.dev0+modules.e4612363998b.af1dde329812d/src/spacedatanetwork_astro/sds/REC
copying src/spacedatanetwork_astro/sds/REC/DPMQueryBinding.py -> spacedatanetwork_astro-0.1.0.dev0+modules.e4612363998b.af1dde329812d/src/spacedatanetwork_astro/sds/REC
copying src/spacedatanetwork_astro/sds/REC/DPMSourceBatch.py -> spacedatanetwork_astro-0.1.0.dev0+modules.e4612363998b.af1dde329812d/src/spacedatanetwork_astro/sds/REC
copying src/spacedatanetwork_astro/sds/REC/DSS.py -> spacedatanetwork_astro-0.1.0.dev0+modules.e4612363998b.af1dde329812d/src/spacedatanetwork_astro/sds/REC
copying src/spacedatanetwork_astro/sds/REC/DTT.py -> spacedatanetwork_astro-0.1.0.dev0+modules.e4612363998b.af1dde329812d/src/spacedatanetwork_astro/sds/REC
copying src/spacedatanetwork_astro/sds/REC/DTTPayloadRef.py -> spacedatanetwork_astro-0.1.0.dev0+modules.e4612363998b.af1dde329812d/src/spacedatanetwork_astro/sds/REC
copying src/spacedatanetwork_astro/sds/REC/DTTProvenance.py -> spacedatanetwork_astro-0.1.0.dev0+modules.e4612363998b.af1dde329812d/src/spacedatanetwork_astro/sds/REC
copying src/spacedatanetwork_astro/sds/REC/DataCoverage.py -> spacedatanetwork_astro-0.1.0.dev0+modules.e4612363998b.af1dde329812d/src/spacedatanetwork_astro/sds/REC
copying src/spacedatanetwork_astro/sds/REC/DataLinkType.py -> spacedatanetwork_astro-0.1.0.dev0+modules.e4612363998b.af1dde329812d/src/spacedatanetwork_astro/sds/REC
copying src/spacedatanetwork_astro/sds/REC/DataMode.py -> spacedatanetwork_astro-0.1.0.dev0+modules.e4612363998b.af1dde329812d/src/spacedatanetwork_astro/sds/REC
copying src/spacedatanetwork_astro/sds/REC/DataQualityMetrics.py -> spacedatanetwork_astro-0.1.0.dev0+modules.e4612363998b.af1dde329812d/src/spacedatanetwork_astro/sds/REC
copying src/spacedatanetwork_astro/sds/REC/DataSourceType.py -> spacedatanetwork_astro-0.1.0.dev0+modules.e4612363998b.af1dde329812d/src/spacedatanetwork_astro/sds/REC
copying src/spacedatanetwork_astro/sds/REC/DataType.py -> spacedatanetwork_astro-0.1.0.dev0+modules.e4612363998b.af1dde329812d/src/spacedatanetwork_astro/sds/REC
copying src/spacedatanetwork_astro/sds/REC/DateFormat.py -> spacedatanetwork_astro-0.1.0.dev0+modules.e4612363998b.af1dde329812d/src/spacedatanetwork_astro/sds/REC
copying src/spacedatanetwork_astro/sds/REC/DefaultAlarm.py -> spacedatanetwork_astro-0.1.0.dev0+modules.e4612363998b.af1dde329812d/src/spacedatanetwork_astro/sds/REC
copying src/spacedatanetwork_astro/sds/REC/DestructionCause.py -> spacedatanetwork_astro-0.1.0.dev0+modules.e4612363998b.af1dde329812d/src/spacedatanetwork_astro/sds/REC
copying src/spacedatanetwork_astro/sds/REC/DeviceType.py -> spacedatanetwork_astro-0.1.0.dev0+modules.e4612363998b.af1dde329812d/src/spacedatanetwork_astro/sds/REC
copying src/spacedatanetwork_astro/sds/REC/DomainProof.py -> spacedatanetwork_astro-0.1.0.dev0+modules.e4612363998b.af1dde329812d/src/spacedatanetwork_astro/sds/REC
copying src/spacedatanetwork_astro/sds/REC/DragModel.py -> spacedatanetwork_astro-0.1.0.dev0+modules.e4612363998b.af1dde329812d/src/spacedatanetwork_astro/sds/REC
copying src/spacedatanetwork_astro/sds/REC/DriveType.py -> spacedatanetwork_astro-0.1.0.dev0+modules.e4612363998b.af1dde329812d/src/spacedatanetwork_astro/sds/REC
copying src/spacedatanetwork_astro/sds/REC/EGP.py -> spacedatanetwork_astro-0.1.0.dev0+modules.e4612363998b.af1dde329812d/src/spacedatanetwork_astro/sds/REC
copying src/spacedatanetwork_astro/sds/REC/EGPMember.py -> spacedatanetwork_astro-0.1.0.dev0+modules.e4612363998b.af1dde329812d/src/spacedatanetwork_astro/sds/REC
copying src/spacedatanetwork_astro/sds/REC/EGPProvenance.py -> spacedatanetwork_astro-0.1.0.dev0+modules.e4612363998b.af1dde329812d/src/spacedatanetwork_astro/sds/REC
copying src/spacedatanetwork_astro/sds/REC/EGPQuery.py -> spacedatanetwork_astro-0.1.0.dev0+modules.e4612363998b.af1dde329812d/src/spacedatanetwork_astro/sds/REC
copying src/spacedatanetwork_astro/sds/REC/EMC.py -> spacedatanetwork_astro-0.1.0.dev0+modules.e4612363998b.af1dde329812d/src/spacedatanetwork_astro/sds/REC
copying src/spacedatanetwork_astro/sds/REC/EMCEndpointRef.py -> spacedatanetwork_astro-0.1.0.dev0+modules.e4612363998b.af1dde329812d/src/spacedatanetwork_astro/sds/REC
copying src/spacedatanetwork_astro/sds/REC/EMCIntermodulationTerm.py -> spacedatanetwork_astro-0.1.0.dev0+modules.e4612363998b.af1dde329812d/src/spacedatanetwork_astro/sds/REC
copying src/spacedatanetwork_astro/sds/REC/EME.py -> spacedatanetwork_astro-0.1.0.dev0+modules.e4612363998b.af1dde329812d/src/spacedatanetwork_astro/sds/REC
copying src/spacedatanetwork_astro/sds/REC/ENC.py -> spacedatanetwork_astro-0.1.0.dev0+modules.e4612363998b.af1dde329812d/src/spacedatanetwork_astro/sds/REC
copying src/spacedatanetwork_astro/sds/REC/ENGINE.py -> spacedatanetwork_astro-0.1.0.dev0+modules.e4612363998b.af1dde329812d/src/spacedatanetwork_astro/sds/REC
copying src/spacedatanetwork_astro/sds/REC/ENGINE_TYPE.py -> spacedatanetwork_astro-0.1.0.dev0+modules.e4612363998b.af1dde329812d/src/spacedatanetwork_astro/sds/REC
copying src/spacedatanetwork_astro/sds/REC/ENT.py -> spacedatanetwork_astro-0.1.0.dev0+modules.e4612363998b.af1dde329812d/src/spacedatanetwork_astro/sds/REC
copying src/spacedatanetwork_astro/sds/REC/ENV.py -> spacedatanetwork_astro-0.1.0.dev0+modules.e4612363998b.af1dde329812d/src/spacedatanetwork_astro/sds/REC
copying src/spacedatanetwork_astro/sds/REC/EOO.py -> spacedatanetwork_astro-0.1.0.dev0+modules.e4612363998b.af1dde329812d/src/spacedatanetwork_astro/sds/REC
copying src/spacedatanetwork_astro/sds/REC/EOP.py -> spacedatanetwork_astro-0.1.0.dev0+modules.e4612363998b.af1dde329812d/src/spacedatanetwork_astro/sds/REC
copying src/spacedatanetwork_astro/sds/REC/EPF.py -> spacedatanetwork_astro-0.1.0.dev0+modules.e4612363998b.af1dde329812d/src/spacedatanetwork_astro/sds/REC
copying src/spacedatanetwork_astro/sds/REC/EPFContributor.py -> spacedatanetwork_astro-0.1.0.dev0+modules.e4612363998b.af1dde329812d/src/spacedatanetwork_astro/sds/REC
copying src/spacedatanetwork_astro/sds/REC/EPFVerdict.py -> spacedatanetwork_astro-0.1.0.dev0+modules.e4612363998b.af1dde329812d/src/spacedatanetwork_astro/sds/REC
copying src/spacedatanetwork_astro/sds/REC/EPM.py -> spacedatanetwork_astro-0.1.0.dev0+modules.e4612363998b.af1dde329812d/src/spacedatanetwork_astro/sds/REC
copying src/spacedatanetwork_astro/sds/REC/ESL.py -> spacedatanetwork_astro-0.1.0.dev0+modules.e4612363998b.af1dde329812d/src/spacedatanetwork_astro/sds/REC
copying src/spacedatanetwork_astro/sds/REC/ESMFunction.py -> spacedatanetwork_astro-0.1.0.dev0+modules.e4612363998b.af1dde329812d/src/spacedatanetwork_astro/sds/REC
copying src/spacedatanetwork_astro/sds/REC/ETM.py -> spacedatanetwork_astro-0.1.0.dev0+modules.e4612363998b.af1dde329812d/src/spacedatanetwork_astro/sds/REC
copying src/spacedatanetwork_astro/sds/REC/EVL.py -> spacedatanetwork_astro-0.1.0.dev0+modules.e4612363998b.af1dde329812d/src/spacedatanetwork_astro/sds/REC
copying src/spacedatanetwork_astro/sds/REC/EVLApsidesConfiguration.py -> spacedatanetwork_astro-0.1.0.dev0+modules.e4612363998b.af1dde329812d/src/spacedatanetwork_astro/sds/REC
copying src/spacedatanetwork_astro/sds/REC/EVLContactConfiguration.py -> spacedatanetwork_astro-0.1.0.dev0+modules.e4612363998b.af1dde329812d/src/spacedatanetwork_astro/sds/REC
copying src/spacedatanetwork_astro/sds/REC/EVLEclipseConfiguration.py -> spacedatanetwork_astro-0.1.0.dev0+modules.e4612363998b.af1dde329812d/src/spacedatanetwork_astro/sds/REC
copying src/spacedatanetwork_astro/sds/REC/EVLEvent.py -> spacedatanetwork_astro-0.1.0.dev0+modules.e4612363998b.af1dde329812d/src/spacedatanetwork_astro/sds/REC
copying src/spacedatanetwork_astro/sds/REC/EVLEventLocationRequest.py -> spacedatanetwork_astro-0.1.0.dev0+modules.e4612363998b.af1dde329812d/src/spacedatanetwork_astro/sds/REC
copying src/spacedatanetwork_astro/sds/REC/EVLEventReport.py -> spacedatanetwork_astro-0.1.0.dev0+modules.e4612363998b.af1dde329812d/src/spacedatanetwork_astro/sds/REC
copying src/spacedatanetwork_astro/sds/REC/EVLEventSample.py -> spacedatanetwork_astro-0.1.0.dev0+modules.e4612363998b.af1dde329812d/src/spacedatanetwork_astro/sds/REC
copying src/spacedatanetwork_astro/sds/REC/EVLIntrusionConfiguration.py -> spacedatanetwork_astro-0.1.0.dev0+modules.e4612363998b.af1dde329812d/src/spacedatanetwork_astro/sds/REC
copying src/spacedatanetwork_astro/sds/REC/EVLNodeCrossingConfiguration.py -> spacedatanetwork_astro-0.1.0.dev0+modules.e4612363998b.af1dde329812d/src/spacedatanetwork_astro/sds/REC
copying src/spacedatanetwork_astro/sds/REC/EVLParameterConditionConfiguration.py -> spacedatanetwork_astro-0.1.0.dev0+modules.e4612363998b.af1dde329812d/src/spacedatanetwork_astro/sds/REC
copying src/spacedatanetwork_astro/sds/REC/EWR.py -> spacedatanetwork_astro-0.1.0.dev0+modules.e4612363998b.af1dde329812d/src/spacedatanetwork_astro/sds/REC
copying src/spacedatanetwork_astro/sds/REC/Ellipsoid.py -> spacedatanetwork_astro-0.1.0.dev0+modules.e4612363998b.af1dde329812d/src/spacedatanetwork_astro/sds/REC
copying src/spacedatanetwork_astro/sds/REC/EngineType.py -> spacedatanetwork_astro-0.1.0.dev0+modules.e4612363998b.af1dde329812d/src/spacedatanetwork_astro/sds/REC
copying src/spacedatanetwork_astro/sds/REC/EntityType.py -> spacedatanetwork_astro-0.1.0.dev0+modules.e4612363998b.af1dde329812d/src/spacedatanetwork_astro/sds/REC
copying src/spacedatanetwork_astro/sds/REC/EntryFunction.py -> spacedatanetwork_astro-0.1.0.dev0+modules.e4612363998b.af1dde329812d/src/spacedatanetwork_astro/sds/REC
copying src/spacedatanetwork_astro/sds/REC/EnumeratedArgumentType.py -> spacedatanetwork_astro-0.1.0.dev0+modules.e4612363998b.af1dde329812d/src/spacedatanetwork_astro/sds/REC
copying src/spacedatanetwork_astro/sds/REC/EnumeratedParameterType.py -> spacedatanetwork_astro-0.1.0.dev0+modules.e4612363998b.af1dde329812d/src/spacedatanetwork_astro/sds/REC
copying src/spacedatanetwork_astro/sds/REC/EnumerationAlarm.py -> spacedatanetwork_astro-0.1.0.dev0+modules.e4612363998b.af1dde329812d/src/spacedatanetwork_astro/sds/REC
copying src/spacedatanetwork_astro/sds/REC/EnumerationValue.py -> spacedatanetwork_astro-0.1.0.dev0+modules.e4612363998b.af1dde329812d/src/spacedatanetwork_astro/sds/REC
copying src/spacedatanetwork_astro/sds/REC/EpochType.py -> spacedatanetwork_astro-0.1.0.dev0+modules.e4612363998b.af1dde329812d/src/spacedatanetwork_astro/sds/REC
copying src/spacedatanetwork_astro/sds/REC/ErrorDetectionType.py -> spacedatanetwork_astro-0.1.0.dev0+modules.e4612363998b.af1dde329812d/src/spacedatanetwork_astro/sds/REC
copying src/spacedatanetwork_astro/sds/REC/F107DataType.py -> spacedatanetwork_astro-0.1.0.dev0+modules.e4612363998b.af1dde329812d/src/spacedatanetwork_astro/sds/REC
copying src/spacedatanetwork_astro/sds/REC/FCS.py -> spacedatanetwork_astro-0.1.0.dev0+modules.e4612363998b.af1dde329812d/src/spacedatanetwork_astro/sds/REC
copying src/spacedatanetwork_astro/sds/REC/FCSMode.py -> spacedatanetwork_astro-0.1.0.dev0+modules.e4612363998b.af1dde329812d/src/spacedatanetwork_astro/sds/REC
copying src/spacedatanetwork_astro/sds/REC/FPC.py -> spacedatanetwork_astro-0.1.0.dev0+modules.e4612363998b.af1dde329812d/src/spacedatanetwork_astro/sds/REC
copying src/spacedatanetwork_astro/sds/REC/FPCCSRGraph.py -> spacedatanetwork_astro-0.1.0.dev0+modules.e4612363998b.af1dde329812d/src/spacedatanetwork_astro/sds/REC
copying src/spacedatanetwork_astro/sds/REC/FPCGraphDefinition.py -> spacedatanetwork_astro-0.1.0.dev0+modules.e4612363998b.af1dde329812d/src/spacedatanetwork_astro/sds/REC
copying src/spacedatanetwork_astro/sds/REC/FPCPathRequest.py -> spacedatanetwork_astro-0.1.0.dev0+modules.e4612363998b.af1dde329812d/src/spacedatanetwork_astro/sds/REC
copying src/spacedatanetwork_astro/sds/REC/FPCPathResult.py -> spacedatanetwork_astro-0.1.0.dev0+modules.e4612363998b.af1dde329812d/src/spacedatanetwork_astro/sds/REC
copying src/spacedatanetwork_astro/sds/REC/FPCShortestPathRequest.py -> spacedatanetwork_astro-0.1.0.dev0+modules.e4612363998b.af1dde329812d/src/spacedatanetwork_astro/sds/REC
copying src/spacedatanetwork_astro/sds/REC/FPCShortestPathResult.py -> spacedatanetwork_astro-0.1.0.dev0+modules.e4612363998b.af1dde329812d/src/spacedatanetwork_astro/sds/REC
copying src/spacedatanetwork_astro/sds/REC/FPCWeightedEdgeList.py -> spacedatanetwork_astro-0.1.0.dev0+modules.e4612363998b.af1dde329812d/src/spacedatanetwork_astro/sds/REC
copying src/spacedatanetwork_astro/sds/REC/FRM.py -> spacedatanetwork_astro-0.1.0.dev0+modules.e4612363998b.af1dde329812d/src/spacedatanetwork_astro/sds/REC
copying src/spacedatanetwork_astro/sds/REC/FRMFrameTransformRequest.py -> spacedatanetwork_astro-0.1.0.dev0+modules.e4612363998b.af1dde329812d/src/spacedatanetwork_astro/sds/REC
copying src/spacedatanetwork_astro/sds/REC/FRMFrameTransformResult.py -> spacedatanetwork_astro-0.1.0.dev0+modules.e4612363998b.af1dde329812d/src/spacedatanetwork_astro/sds/REC
copying src/spacedatanetwork_astro/sds/REC/FRMMatrix3.py -> spacedatanetwork_astro-0.1.0.dev0+modules.e4612363998b.af1dde329812d/src/spacedatanetwork_astro/sds/REC
copying src/spacedatanetwork_astro/sds/REC/FRMStateVector.py -> spacedatanetwork_astro-0.1.0.dev0+modules.e4612363998b.af1dde329812d/src/spacedatanetwork_astro/sds/REC
copying src/spacedatanetwork_astro/sds/REC/FRMVector3.py -> spacedatanetwork_astro-0.1.0.dev0+modules.e4612363998b.af1dde329812d/src/spacedatanetwork_astro/sds/REC
copying src/spacedatanetwork_astro/sds/REC/FSB.py -> spacedatanetwork_astro-0.1.0.dev0+modules.e4612363998b.af1dde329812d/src/spacedatanetwork_astro/sds/REC
copying src/spacedatanetwork_astro/sds/REC/FSM.py -> spacedatanetwork_astro-0.1.0.dev0+modules.e4612363998b.af1dde329812d/src/spacedatanetwork_astro/sds/REC
copying src/spacedatanetwork_astro/sds/REC/FSO.py -> spacedatanetwork_astro-0.1.0.dev0+modules.e4612363998b.af1dde329812d/src/spacedatanetwork_astro/sds/REC
copying src/spacedatanetwork_astro/sds/REC/FSOTableBinding.py -> spacedatanetwork_astro-0.1.0.dev0+modules.e4612363998b.af1dde329812d/src/spacedatanetwork_astro/sds/REC
copying src/spacedatanetwork_astro/sds/REC/FSP.py -> spacedatanetwork_astro-0.1.0.dev0+modules.e4612363998b.af1dde329812d/src/spacedatanetwork_astro/sds/REC
copying src/spacedatanetwork_astro/sds/REC/FieldStreamAudience.py -> spacedatanetwork_astro-0.1.0.dev0+modules.e4612363998b.af1dde329812d/src/spacedatanetwork_astro/sds/REC
copying src/spacedatanetwork_astro/sds/REC/FieldStreamRule.py -> spacedatanetwork_astro-0.1.0.dev0+modules.e4612363998b.af1dde329812d/src/spacedatanetwork_astro/sds/REC
copying src/spacedatanetwork_astro/sds/REC/FieldStreamValue.py -> spacedatanetwork_astro-0.1.0.dev0+modules.e4612363998b.af1dde329812d/src/spacedatanetwork_astro/sds/REC
copying src/spacedatanetwork_astro/sds/REC/FilterType.py -> spacedatanetwork_astro-0.1.0.dev0+modules.e4612363998b.af1dde329812d/src/spacedatanetwork_astro/sds/REC
copying src/spacedatanetwork_astro/sds/REC/FixedFrameStream.py -> spacedatanetwork_astro-0.1.0.dev0+modules.e4612363998b.af1dde329812d/src/spacedatanetwork_astro/sds/REC
copying src/spacedatanetwork_astro/sds/REC/FixedValueEntry.py -> spacedatanetwork_astro-0.1.0.dev0+modules.e4612363998b.af1dde329812d/src/spacedatanetwork_astro/sds/REC
copying src/spacedatanetwork_astro/sds/REC/FlatBufferTypeRef.py -> spacedatanetwork_astro-0.1.0.dev0+modules.e4612363998b.af1dde329812d/src/spacedatanetwork_astro/sds/REC
copying src/spacedatanetwork_astro/sds/REC/FlatbuffersEncryption.py -> spacedatanetwork_astro-0.1.0.dev0+modules.e4612363998b.af1dde329812d/src/spacedatanetwork_astro/sds/REC
copying src/spacedatanetwork_astro/sds/REC/FlightPhase.py -> spacedatanetwork_astro-0.1.0.dev0+modules.e4612363998b.af1dde329812d/src/spacedatanetwork_astro/sds/REC
copying src/spacedatanetwork_astro/sds/REC/FloatArgumentType.py -> spacedatanetwork_astro-0.1.0.dev0+modules.e4612363998b.af1dde329812d/src/spacedatanetwork_astro/sds/REC
copying src/spacedatanetwork_astro/sds/REC/FloatDataEncoding.py -> spacedatanetwork_astro-0.1.0.dev0+modules.e4612363998b.af1dde329812d/src/spacedatanetwork_astro/sds/REC
copying src/spacedatanetwork_astro/sds/REC/FloatEncodingType.py -> spacedatanetwork_astro-0.1.0.dev0+modules.e4612363998b.af1dde329812d/src/spacedatanetwork_astro/sds/REC
copying src/spacedatanetwork_astro/sds/REC/FloatParameterType.py -> spacedatanetwork_astro-0.1.0.dev0+modules.e4612363998b.af1dde329812d/src/spacedatanetwork_astro/sds/REC
copying src/spacedatanetwork_astro/sds/REC/FluxQualifier.py -> spacedatanetwork_astro-0.1.0.dev0+modules.e4612363998b.af1dde329812d/src/spacedatanetwork_astro/sds/REC
copying src/spacedatanetwork_astro/sds/REC/ForceModel.py -> spacedatanetwork_astro-0.1.0.dev0+modules.e4612363998b.af1dde329812d/src/spacedatanetwork_astro/sds/REC
copying src/spacedatanetwork_astro/sds/REC/ForceType.py -> spacedatanetwork_astro-0.1.0.dev0+modules.e4612363998b.af1dde329812d/src/spacedatanetwork_astro/sds/REC
copying src/spacedatanetwork_astro/sds/REC/FrequencyRange.py -> spacedatanetwork_astro-0.1.0.dev0+modules.e4612363998b.af1dde329812d/src/spacedatanetwork_astro/sds/REC
copying src/spacedatanetwork_astro/sds/REC/FusionMethod.py -> spacedatanetwork_astro-0.1.0.dev0+modules.e4612363998b.af1dde329812d/src/spacedatanetwork_astro/sds/REC
copying src/spacedatanetwork_astro/sds/REC/FuzeType.py -> spacedatanetwork_astro-0.1.0.dev0+modules.e4612363998b.af1dde329812d/src/spacedatanetwork_astro/sds/REC
copying src/spacedatanetwork_astro/sds/REC/GCT.py -> spacedatanetwork_astro-0.1.0.dev0+modules.e4612363998b.af1dde329812d/src/spacedatanetwork_astro/sds/REC
copying src/spacedatanetwork_astro/sds/REC/GCTCoverGrid.py -> spacedatanetwork_astro-0.1.0.dev0+modules.e4612363998b.af1dde329812d/src/spacedatanetwork_astro/sds/REC
copying src/spacedatanetwork_astro/sds/REC/GCTDensityVolume.py -> spacedatanetwork_astro-0.1.0.dev0+modules.e4612363998b.af1dde329812d/src/spacedatanetwork_astro/sds/REC
copying src/spacedatanetwork_astro/sds/REC/GCTDistanceField.py -> spacedatanetwork_astro-0.1.0.dev0+modules.e4612363998b.af1dde329812d/src/spacedatanetwork_astro/sds/REC
copying src/spacedatanetwork_astro/sds/REC/GCTInstance.py -> spacedatanetwork_astro-0.1.0.dev0+modules.e4612363998b.af1dde329812d/src/spacedatanetwork_astro/sds/REC
copying src/spacedatanetwork_astro/sds/REC/GCTLevel.py -> spacedatanetwork_astro-0.1.0.dev0+modules.e4612363998b.af1dde329812d/src/spacedatanetwork_astro/sds/REC
copying src/spacedatanetwork_astro/sds/REC/GCTVariant.py -> spacedatanetwork_astro-0.1.0.dev0+modules.e4612363998b.af1dde329812d/src/spacedatanetwork_astro/sds/REC
copying src/spacedatanetwork_astro/sds/REC/GDI.py -> spacedatanetwork_astro-0.1.0.dev0+modules.e4612363998b.af1dde329812d/src/spacedatanetwork_astro/sds/REC
copying src/spacedatanetwork_astro/sds/REC/GEL.py -> spacedatanetwork_astro-0.1.0.dev0+modules.e4612363998b.af1dde329812d/src/spacedatanetwork_astro/sds/REC
copying src/spacedatanetwork_astro/sds/REC/GELConvergenceDiagnostics.py -> spacedatanetwork_astro-0.1.0.dev0+modules.e4612363998b.af1dde329812d/src/spacedatanetwork_astro/sds/REC
copying src/spacedatanetwork_astro/sds/REC/GELObservationRef.py -> spacedatanetwork_astro-0.1.0.dev0+modules.e4612363998b.af1dde329812d/src/spacedatanetwork_astro/sds/REC
copying src/spacedatanetwork_astro/sds/REC/GEO.py -> spacedatanetwork_astro-0.1.0.dev0+modules.e4612363998b.af1dde329812d/src/spacedatanetwork_astro/sds/REC
copying src/spacedatanetwork_astro/sds/REC/GJN.py -> spacedatanetwork_astro-0.1.0.dev0+modules.e4612363998b.af1dde329812d/src/spacedatanetwork_astro/sds/REC
copying src/spacedatanetwork_astro/sds/REC/GJNBoundingBox.py -> spacedatanetwork_astro-0.1.0.dev0+modules.e4612363998b.af1dde329812d/src/spacedatanetwork_astro/sds/REC
copying src/spacedatanetwork_astro/sds/REC/GJNFeature.py -> spacedatanetwork_astro-0.1.0.dev0+modules.e4612363998b.af1dde329812d/src/spacedatanetwork_astro/sds/REC
copying src/spacedatanetwork_astro/sds/REC/GJNGeometry.py -> spacedatanetwork_astro-0.1.0.dev0+modules.e4612363998b.af1dde329812d/src/spacedatanetwork_astro/sds/REC
copying src/spacedatanetwork_astro/sds/REC/GJNGeometryType.py -> spacedatanetwork_astro-0.1.0.dev0+modules.e4612363998b.af1dde329812d/src/spacedatanetwork_astro/sds/REC
copying src/spacedatanetwork_astro/sds/REC/GJNLinearRing.py -> spacedatanetwork_astro-0.1.0.dev0+modules.e4612363998b.af1dde329812d/src/spacedatanetwork_astro/sds/REC
copying src/spacedatanetwork_astro/sds/REC/GJNPolygonRings.py -> spacedatanetwork_astro-0.1.0.dev0+modules.e4612363998b.af1dde329812d/src/spacedatanetwork_astro/sds/REC
copying src/spacedatanetwork_astro/sds/REC/GJNPosition.py -> spacedatanetwork_astro-0.1.0.dev0+modules.e4612363998b.af1dde329812d/src/spacedatanetwork_astro/sds/REC
copying src/spacedatanetwork_astro/sds/REC/GJNProperty.py -> spacedatanetwork_astro-0.1.0.dev0+modules.e4612363998b.af1dde329812d/src/spacedatanetwork_astro/sds/REC
copying src/spacedatanetwork_astro/sds/REC/GNO.py -> spacedatanetwork_astro-0.1.0.dev0+modules.e4612363998b.af1dde329812d/src/spacedatanetwork_astro/sds/REC
copying src/spacedatanetwork_astro/sds/REC/GNP.py -> spacedatanetwork_astro-0.1.0.dev0+modules.e4612363998b.af1dde329812d/src/spacedatanetwork_astro/sds/REC
copying src/spacedatanetwork_astro/sds/REC/GNPName.py -> spacedatanetwork_astro-0.1.0.dev0+modules.e4612363998b.af1dde329812d/src/spacedatanetwork_astro/sds/REC
copying src/spacedatanetwork_astro/sds/REC/GNPProvenance.py -> spacedatanetwork_astro-0.1.0.dev0+modules.e4612363998b.af1dde329812d/src/spacedatanetwork_astro/sds/REC
copying src/spacedatanetwork_astro/sds/REC/GPX.py -> spacedatanetwork_astro-0.1.0.dev0+modules.e4612363998b.af1dde329812d/src/spacedatanetwork_astro/sds/REC
copying src/spacedatanetwork_astro/sds/REC/GPXFixType.py -> spacedatanetwork_astro-0.1.0.dev0+modules.e4612363998b.af1dde329812d/src/spacedatanetwork_astro/sds/REC
copying src/spacedatanetwork_astro/sds/REC/GPXLink.py -> spacedatanetwork_astro-0.1.0.dev0+modules.e4612363998b.af1dde329812d/src/spacedatanetwork_astro/sds/REC
copying src/spacedatanetwork_astro/sds/REC/GPXRoute.py -> spacedatanetwork_astro-0.1.0.dev0+modules.e4612363998b.af1dde329812d/src/spacedatanetwork_astro/sds/REC
copying src/spacedatanetwork_astro/sds/REC/GPXTrack.py -> spacedatanetwork_astro-0.1.0.dev0+modules.e4612363998b.af1dde329812d/src/spacedatanetwork_astro/sds/REC
copying src/spacedatanetwork_astro/sds/REC/GPXTrackSegment.py -> spacedatanetwork_astro-0.1.0.dev0+modules.e4612363998b.af1dde329812d/src/spacedatanetwork_astro/sds/REC
copying src/spacedatanetwork_astro/sds/REC/GPXWaypoint.py -> spacedatanetwork_astro-0.1.0.dev0+modules.e4612363998b.af1dde329812d/src/spacedatanetwork_astro/sds/REC
copying src/spacedatanetwork_astro/sds/REC/GRV.py -> spacedatanetwork_astro-0.1.0.dev0+modules.e4612363998b.af1dde329812d/src/spacedatanetwork_astro/sds/REC
copying src/spacedatanetwork_astro/sds/REC/GST.py -> spacedatanetwork_astro-0.1.0.dev0+modules.e4612363998b.af1dde329812d/src/spacedatanetwork_astro/sds/REC
copying src/spacedatanetwork_astro/sds/REC/GVH.py -> spacedatanetwork_astro-0.1.0.dev0+modules.e4612363998b.af1dde329812d/src/spacedatanetwork_astro/sds/REC
copying src/spacedatanetwork_astro/sds/REC/GVHEngineType.py -> spacedatanetwork_astro-0.1.0.dev0+modules.e4612363998b.af1dde329812d/src/spacedatanetwork_astro/sds/REC
copying src/spacedatanetwork_astro/sds/REC/GearState.py -> spacedatanetwork_astro-0.1.0.dev0+modules.e4612363998b.af1dde329812d/src/spacedatanetwork_astro/sds/REC
copying src/spacedatanetwork_astro/sds/REC/Geometry.py -> spacedatanetwork_astro-0.1.0.dev0+modules.e4612363998b.af1dde329812d/src/spacedatanetwork_astro/sds/REC
copying src/spacedatanetwork_astro/sds/REC/GrantFieldStreamPolicy.py -> spacedatanetwork_astro-0.1.0.dev0+modules.e4612363998b.af1dde329812d/src/spacedatanetwork_astro/sds/REC
copying src/spacedatanetwork_astro/sds/REC/GravityModelName.py -> spacedatanetwork_astro-0.1.0.dev0+modules.e4612363998b.af1dde329812d/src/spacedatanetwork_astro/sds/REC
copying src/spacedatanetwork_astro/sds/REC/GravityModelType.py -> spacedatanetwork_astro-0.1.0.dev0+modules.e4612363998b.af1dde329812d/src/spacedatanetwork_astro/sds/REC
copying src/spacedatanetwork_astro/sds/REC/GuidanceLaw.py -> spacedatanetwork_astro-0.1.0.dev0+modules.e4612363998b.af1dde329812d/src/spacedatanetwork_astro/sds/REC
copying src/spacedatanetwork_astro/sds/REC/HEL.py -> spacedatanetwork_astro-0.1.0.dev0+modules.e4612363998b.af1dde329812d/src/spacedatanetwork_astro/sds/REC
copying src/spacedatanetwork_astro/sds/REC/HFC.py -> spacedatanetwork_astro-0.1.0.dev0+modules.e4612363998b.af1dde329812d/src/spacedatanetwork_astro/sds/REC
copying src/spacedatanetwork_astro/sds/REC/HYP.py -> spacedatanetwork_astro-0.1.0.dev0+modules.e4612363998b.af1dde329812d/src/spacedatanetwork_astro/sds/REC
copying src/spacedatanetwork_astro/sds/REC/Header.py -> spacedatanetwork_astro-0.1.0.dev0+modules.e4612363998b.af1dde329812d/src/spacedatanetwork_astro/sds/REC
copying src/spacedatanetwork_astro/sds/REC/ICN.py -> spacedatanetwork_astro-0.1.0.dev0+modules.e4612363998b.af1dde329812d/src/spacedatanetwork_astro/sds/REC
copying src/spacedatanetwork_astro/sds/REC/IDM.py -> spacedatanetwork_astro-0.1.0.dev0+modules.e4612363998b.af1dde329812d/src/spacedatanetwork_astro/sds/REC
copying src/spacedatanetwork_astro/sds/REC/ION.py -> spacedatanetwork_astro-0.1.0.dev0+modules.e4612363998b.af1dde329812d/src/spacedatanetwork_astro/sds/REC
copying src/spacedatanetwork_astro/sds/REC/IQC.py -> spacedatanetwork_astro-0.1.0.dev0+modules.e4612363998b.af1dde329812d/src/spacedatanetwork_astro/sds/REC
copying src/spacedatanetwork_astro/sds/REC/IQCAnnotation.py -> spacedatanetwork_astro-0.1.0.dev0+modules.e4612363998b.af1dde329812d/src/spacedatanetwork_astro/sds/REC
copying src/spacedatanetwork_astro/sds/REC/IQCExtension.py -> spacedatanetwork_astro-0.1.0.dev0+modules.e4612363998b.af1dde329812d/src/spacedatanetwork_astro/sds/REC
copying src/spacedatanetwork_astro/sds/REC/IQCGeolocation.py -> spacedatanetwork_astro-0.1.0.dev0+modules.e4612363998b.af1dde329812d/src/spacedatanetwork_astro/sds/REC
copying src/spacedatanetwork_astro/sds/REC/IQCHardware.py -> spacedatanetwork_astro-0.1.0.dev0+modules.e4612363998b.af1dde329812d/src/spacedatanetwork_astro/sds/REC
copying src/spacedatanetwork_astro/sds/REC/IQCPayloadRef.py -> spacedatanetwork_astro-0.1.0.dev0+modules.e4612363998b.af1dde329812d/src/spacedatanetwork_astro/sds/REC
copying src/spacedatanetwork_astro/sds/REC/IQCSegment.py -> spacedatanetwork_astro-0.1.0.dev0+modules.e4612363998b.af1dde329812d/src/spacedatanetwork_astro/sds/REC
copying src/spacedatanetwork_astro/sds/REC/IRM.py -> spacedatanetwork_astro-0.1.0.dev0+modules.e4612363998b.af1dde329812d/src/spacedatanetwork_astro/sds/REC
copying src/spacedatanetwork_astro/sds/REC/IRMChunk.py -> spacedatanetwork_astro-0.1.0.dev0+modules.e4612363998b.af1dde329812d/src/spacedatanetwork_astro/sds/REC
copying src/spacedatanetwork_astro/sds/REC/IRMDecodeContext.py -> spacedatanetwork_astro-0.1.0.dev0+modules.e4612363998b.af1dde329812d/src/spacedatanetwork_astro/sds/REC
copying src/spacedatanetwork_astro/sds/REC/IRMFault.py -> spacedatanetwork_astro-0.1.0.dev0+modules.e4612363998b.af1dde329812d/src/spacedatanetwork_astro/sds/REC
copying src/spacedatanetwork_astro/sds/REC/IRMSource.py -> spacedatanetwork_astro-0.1.0.dev0+modules.e4612363998b.af1dde329812d/src/spacedatanetwork_astro/sds/REC
copying src/spacedatanetwork_astro/sds/REC/IRO.py -> spacedatanetwork_astro-0.1.0.dev0+modules.e4612363998b.af1dde329812d/src/spacedatanetwork_astro/sds/REC
copying src/spacedatanetwork_astro/sds/REC/IntegerArgumentType.py -> spacedatanetwork_astro-0.1.0.dev0+modules.e4612363998b.af1dde329812d/src/spacedatanetwork_astro/sds/REC
copying src/spacedatanetwork_astro/sds/REC/IntegerDataEncoding.py -> spacedatanetwork_astro-0.1.0.dev0+modules.e4612363998b.af1dde329812d/src/spacedatanetwork_astro/sds/REC
copying src/spacedatanetwork_astro/sds/REC/IntegerEncodingType.py -> spacedatanetwork_astro-0.1.0.dev0+modules.e4612363998b.af1dde329812d/src/spacedatanetwork_astro/sds/REC
copying src/spacedatanetwork_astro/sds/REC/IntegerParameterType.py -> spacedatanetwork_astro-0.1.0.dev0+modules.e4612363998b.af1dde329812d/src/spacedatanetwork_astro/sds/REC
copying src/spacedatanetwork_astro/sds/REC/IntegrationMethod.py -> spacedatanetwork_astro-0.1.0.dev0+modules.e4612363998b.af1dde329812d/src/spacedatanetwork_astro/sds/REC
copying src/spacedatanetwork_astro/sds/REC/IntegratorType.py -> spacedatanetwork_astro-0.1.0.dev0+modules.e4612363998b.af1dde329812d/src/spacedatanetwork_astro/sds/REC
copying src/spacedatanetwork_astro/sds/REC/Interlock.py -> spacedatanetwork_astro-0.1.0.dev0+modules.e4612363998b.af1dde329812d/src/spacedatanetwork_astro/sds/REC
copying src/spacedatanetwork_astro/sds/REC/JammingType.py -> spacedatanetwork_astro-0.1.0.dev0+modules.e4612363998b.af1dde329812d/src/spacedatanetwork_astro/sds/REC
copying src/spacedatanetwork_astro/sds/REC/KDF.py -> spacedatanetwork_astro-0.1.0.dev0+modules.e4612363998b.af1dde329812d/src/spacedatanetwork_astro/sds/REC
copying src/spacedatanetwork_astro/sds/REC/KMF.py -> spacedatanetwork_astro-0.1.0.dev0+modules.e4612363998b.af1dde329812d/src/spacedatanetwork_astro/sds/REC
copying src/spacedatanetwork_astro/sds/REC/KML.py -> spacedatanetwork_astro-0.1.0.dev0+modules.e4612363998b.af1dde329812d/src/spacedatanetwork_astro/sds/REC
copying src/spacedatanetwork_astro/sds/REC/KMLAltitudeMode.py -> spacedatanetwork_astro-0.1.0.dev0+modules.e4612363998b.af1dde329812d/src/spacedatanetwork_astro/sds/REC
copying src/spacedatanetwork_astro/sds/REC/KMLAnimatedUpdate.py -> spacedatanetwork_astro-0.1.0.dev0+modules.e4612363998b.af1dde329812d/src/spacedatanetwork_astro/sds/REC
copying src/spacedatanetwork_astro/sds/REC/KMLBalloonStyle.py -> spacedatanetwork_astro-0.1.0.dev0+modules.e4612363998b.af1dde329812d/src/spacedatanetwork_astro/sds/REC
copying src/spacedatanetwork_astro/sds/REC/KMLCamera.py -> spacedatanetwork_astro-0.1.0.dev0+modules.e4612363998b.af1dde329812d/src/spacedatanetwork_astro/sds/REC
copying src/spacedatanetwork_astro/sds/REC/KMLColorMode.py -> spacedatanetwork_astro-0.1.0.dev0+modules.e4612363998b.af1dde329812d/src/spacedatanetwork_astro/sds/REC
copying src/spacedatanetwork_astro/sds/REC/KMLCoordinate.py -> spacedatanetwork_astro-0.1.0.dev0+modules.e4612363998b.af1dde329812d/src/spacedatanetwork_astro/sds/REC
copying src/spacedatanetwork_astro/sds/REC/KMLData.py -> spacedatanetwork_astro-0.1.0.dev0+modules.e4612363998b.af1dde329812d/src/spacedatanetwork_astro/sds/REC
copying src/spacedatanetwork_astro/sds/REC/KMLDisplayMode.py -> spacedatanetwork_astro-0.1.0.dev0+modules.e4612363998b.af1dde329812d/src/spacedatanetwork_astro/sds/REC
copying src/spacedatanetwork_astro/sds/REC/KMLFlyTo.py -> spacedatanetwork_astro-0.1.0.dev0+modules.e4612363998b.af1dde329812d/src/spacedatanetwork_astro/sds/REC
copying src/spacedatanetwork_astro/sds/REC/KMLFlyToMode.py -> spacedatanetwork_astro-0.1.0.dev0+modules.e4612363998b.af1dde329812d/src/spacedatanetwork_astro/sds/REC
copying src/spacedatanetwork_astro/sds/REC/KMLFolder.py -> spacedatanetwork_astro-0.1.0.dev0+modules.e4612363998b.af1dde329812d/src/spacedatanetwork_astro/sds/REC
copying src/spacedatanetwork_astro/sds/REC/KMLGridOrigin.py -> spacedatanetwork_astro-0.1.0.dev0+modules.e4612363998b.af1dde329812d/src/spacedatanetwork_astro/sds/REC
copying src/spacedatanetwork_astro/sds/REC/KMLGroundOverlay.py -> spacedatanetwork_astro-0.1.0.dev0+modules.e4612363998b.af1dde329812d/src/spacedatanetwork_astro/sds/REC
copying src/spacedatanetwork_astro/sds/REC/KMLIconStyle.py -> spacedatanetwork_astro-0.1.0.dev0+modules.e4612363998b.af1dde329812d/src/spacedatanetwork_astro/sds/REC
copying src/spacedatanetwork_astro/sds/REC/KMLImagePyramid.py -> spacedatanetwork_astro-0.1.0.dev0+modules.e4612363998b.af1dde329812d/src/spacedatanetwork_astro/sds/REC
copying src/spacedatanetwork_astro/sds/REC/KMLItemIcon.py -> spacedatanetwork_astro-0.1.0.dev0+modules.e4612363998b.af1dde329812d/src/spacedatanetwork_astro/sds/REC
copying src/spacedatanetwork_astro/sds/REC/KMLLabelStyle.py -> spacedatanetwork_astro-0.1.0.dev0+modules.e4612363998b.af1dde329812d/src/spacedatanetwork_astro/sds/REC
copying src/spacedatanetwork_astro/sds/REC/KMLLatLonAltBox.py -> spacedatanetwork_astro-0.1.0.dev0+modules.e4612363998b.af1dde329812d/src/spacedatanetwork_astro/sds/REC
copying src/spacedatanetwork_astro/sds/REC/KMLLatLonQuad.py -> spacedatanetwork_astro-0.1.0.dev0+modules.e4612363998b.af1dde329812d/src/spacedatanetwork_astro/sds/REC
copying src/spacedatanetwork_astro/sds/REC/KMLLineString.py -> spacedatanetwork_astro-0.1.0.dev0+modules.e4612363998b.af1dde329812d/src/spacedatanetwork_astro/sds/REC
copying src/spacedatanetwork_astro/sds/REC/KMLLineStyle.py -> spacedatanetwork_astro-0.1.0.dev0+modules.e4612363998b.af1dde329812d/src/spacedatanetwork_astro/sds/REC
copying src/spacedatanetwork_astro/sds/REC/KMLLinearRing.py -> spacedatanetwork_astro-0.1.0.dev0+modules.e4612363998b.af1dde329812d/src/spacedatanetwork_astro/sds/REC
copying src/spacedatanetwork_astro/sds/REC/KMLLink.py -> spacedatanetwork_astro-0.1.0.dev0+modules.e4612363998b.af1dde329812d/src/spacedatanetwork_astro/sds/REC
copying src/spacedatanetwork_astro/sds/REC/KMLListItemType.py -> spacedatanetwork_astro-0.1.0.dev0+modules.e4612363998b.af1dde329812d/src/spacedatanetwork_astro/sds/REC
copying src/spacedatanetwork_astro/sds/REC/KMLListStyle.py -> spacedatanetwork_astro-0.1.0.dev0+modules.e4612363998b.af1dde329812d/src/spacedatanetwork_astro/sds/REC
copying src/spacedatanetwork_astro/sds/REC/KMLLod.py -> spacedatanetwork_astro-0.1.0.dev0+modules.e4612363998b.af1dde329812d/src/spacedatanetwork_astro/sds/REC
copying src/spacedatanetwork_astro/sds/REC/KMLLookAt.py -> spacedatanetwork_astro-0.1.0.dev0+modules.e4612363998b.af1dde329812d/src/spacedatanetwork_astro/sds/REC
copying src/spacedatanetwork_astro/sds/REC/KMLModel.py -> spacedatanetwork_astro-0.1.0.dev0+modules.e4612363998b.af1dde329812d/src/spacedatanetwork_astro/sds/REC
copying src/spacedatanetwork_astro/sds/REC/KMLMultiGeometry.py -> spacedatanetwork_astro-0.1.0.dev0+modules.e4612363998b.af1dde329812d/src/spacedatanetwork_astro/sds/REC
copying src/spacedatanetwork_astro/sds/REC/KMLMultiTrack.py -> spacedatanetwork_astro-0.1.0.dev0+modules.e4612363998b.af1dde329812d/src/spacedatanetwork_astro/sds/REC
copying src/spacedatanetwork_astro/sds/REC/KMLNetworkLink.py -> spacedatanetwork_astro-0.1.0.dev0+modules.e4612363998b.af1dde329812d/src/spacedatanetwork_astro/sds/REC
copying src/spacedatanetwork_astro/sds/REC/KMLNetworkLinkControl.py -> spacedatanetwork_astro-0.1.0.dev0+modules.e4612363998b.af1dde329812d/src/spacedatanetwork_astro/sds/REC
copying src/spacedatanetwork_astro/sds/REC/KMLPhotoOverlay.py -> spacedatanetwork_astro-0.1.0.dev0+modules.e4612363998b.af1dde329812d/src/spacedatanetwork_astro/sds/REC
copying src/spacedatanetwork_astro/sds/REC/KMLPlacemark.py -> spacedatanetwork_astro-0.1.0.dev0+modules.e4612363998b.af1dde329812d/src/spacedatanetwork_astro/sds/REC
copying src/spacedatanetwork_astro/sds/REC/KMLPlaylist.py -> spacedatanetwork_astro-0.1.0.dev0+modules.e4612363998b.af1dde329812d/src/spacedatanetwork_astro/sds/REC
copying src/spacedatanetwork_astro/sds/REC/KMLPoint.py -> spacedatanetwork_astro-0.1.0.dev0+modules.e4612363998b.af1dde329812d/src/spacedatanetwork_astro/sds/REC
copying src/spacedatanetwork_astro/sds/REC/KMLPolyStyle.py -> spacedatanetwork_astro-0.1.0.dev0+modules.e4612363998b.af1dde329812d/src/spacedatanetwork_astro/sds/REC
copying src/spacedatanetwork_astro/sds/REC/KMLPolygon.py -> spacedatanetwork_astro-0.1.0.dev0+modules.e4612363998b.af1dde329812d/src/spacedatanetwork_astro/sds/REC
copying src/spacedatanetwork_astro/sds/REC/KMLRefreshMode.py -> spacedatanetwork_astro-0.1.0.dev0+modules.e4612363998b.af1dde329812d/src/spacedatanetwork_astro/sds/REC
copying src/spacedatanetwork_astro/sds/REC/KMLRegion.py -> spacedatanetwork_astro-0.1.0.dev0+modules.e4612363998b.af1dde329812d/src/spacedatanetwork_astro/sds/REC
copying src/spacedatanetwork_astro/sds/REC/KMLResourceMapAlias.py -> spacedatanetwork_astro-0.1.0.dev0+modules.e4612363998b.af1dde329812d/src/spacedatanetwork_astro/sds/REC
copying src/spacedatanetwork_astro/sds/REC/KMLSchema.py -> spacedatanetwork_astro-0.1.0.dev0+modules.e4612363998b.af1dde329812d/src/spacedatanetwork_astro/sds/REC
copying src/spacedatanetwork_astro/sds/REC/KMLSchemaData.py -> spacedatanetwork_astro-0.1.0.dev0+modules.e4612363998b.af1dde329812d/src/spacedatanetwork_astro/sds/REC
copying src/spacedatanetwork_astro/sds/REC/KMLScreenOverlay.py -> spacedatanetwork_astro-0.1.0.dev0+modules.e4612363998b.af1dde329812d/src/spacedatanetwork_astro/sds/REC
copying src/spacedatanetwork_astro/sds/REC/KMLShape.py -> spacedatanetwork_astro-0.1.0.dev0+modules.e4612363998b.af1dde329812d/src/spacedatanetwork_astro/sds/REC
copying src/spacedatanetwork_astro/sds/REC/KMLSimpleData.py -> spacedatanetwork_astro-0.1.0.dev0+modules.e4612363998b.af1dde329812d/src/spacedatanetwork_astro/sds/REC
copying src/spacedatanetwork_astro/sds/REC/KMLSimpleField.py -> spacedatanetwork_astro-0.1.0.dev0+modules.e4612363998b.af1dde329812d/src/spacedatanetwork_astro/sds/REC
copying src/spacedatanetwork_astro/sds/REC/KMLSoundCue.py -> spacedatanetwork_astro-0.1.0.dev0+modules.e4612363998b.af1dde329812d/src/spacedatanetwork_astro/sds/REC
copying src/spacedatanetwork_astro/sds/REC/KMLStyle.py -> spacedatanetwork_astro-0.1.0.dev0+modules.e4612363998b.af1dde329812d/src/spacedatanetwork_astro/sds/REC
copying src/spacedatanetwork_astro/sds/REC/KMLStyleMap.py -> spacedatanetwork_astro-0.1.0.dev0+modules.e4612363998b.af1dde329812d/src/spacedatanetwork_astro/sds/REC
copying src/spacedatanetwork_astro/sds/REC/KMLStyleMapPair.py -> spacedatanetwork_astro-0.1.0.dev0+modules.e4612363998b.af1dde329812d/src/spacedatanetwork_astro/sds/REC
copying src/spacedatanetwork_astro/sds/REC/KMLStyleState.py -> spacedatanetwork_astro-0.1.0.dev0+modules.e4612363998b.af1dde329812d/src/spacedatanetwork_astro/sds/REC
copying src/spacedatanetwork_astro/sds/REC/KMLTimeSpan.py -> spacedatanetwork_astro-0.1.0.dev0+modules.e4612363998b.af1dde329812d/src/spacedatanetwork_astro/sds/REC
copying src/spacedatanetwork_astro/sds/REC/KMLTimeStamp.py -> spacedatanetwork_astro-0.1.0.dev0+modules.e4612363998b.af1dde329812d/src/spacedatanetwork_astro/sds/REC
copying src/spacedatanetwork_astro/sds/REC/KMLTour.py -> spacedatanetwork_astro-0.1.0.dev0+modules.e4612363998b.af1dde329812d/src/spacedatanetwork_astro/sds/REC
copying src/spacedatanetwork_astro/sds/REC/KMLTourControl.py -> spacedatanetwork_astro-0.1.0.dev0+modules.e4612363998b.af1dde329812d/src/spacedatanetwork_astro/sds/REC
copying src/spacedatanetwork_astro/sds/REC/KMLTourPrimitive.py -> spacedatanetwork_astro-0.1.0.dev0+modules.e4612363998b.af1dde329812d/src/spacedatanetwork_astro/sds/REC
copying src/spacedatanetwork_astro/sds/REC/KMLTrack.py -> spacedatanetwork_astro-0.1.0.dev0+modules.e4612363998b.af1dde329812d/src/spacedatanetwork_astro/sds/REC
copying src/spacedatanetwork_astro/sds/REC/KMLUnits.py -> spacedatanetwork_astro-0.1.0.dev0+modules.e4612363998b.af1dde329812d/src/spacedatanetwork_astro/sds/REC
copying src/spacedatanetwork_astro/sds/REC/KMLUpdate.py -> spacedatanetwork_astro-0.1.0.dev0+modules.e4612363998b.af1dde329812d/src/spacedatanetwork_astro/sds/REC
copying src/spacedatanetwork_astro/sds/REC/KMLViewRefreshMode.py -> spacedatanetwork_astro-0.1.0.dev0+modules.e4612363998b.af1dde329812d/src/spacedatanetwork_astro/sds/REC
copying src/spacedatanetwork_astro/sds/REC/KMLViewVolume.py -> spacedatanetwork_astro-0.1.0.dev0+modules.e4612363998b.af1dde329812d/src/spacedatanetwork_astro/sds/REC
copying src/spacedatanetwork_astro/sds/REC/KMLWait.py -> spacedatanetwork_astro-0.1.0.dev0+modules.e4612363998b.af1dde329812d/src/spacedatanetwork_astro/sds/REC
copying src/spacedatanetwork_astro/sds/REC/KRF.py -> spacedatanetwork_astro-0.1.0.dev0+modules.e4612363998b.af1dde329812d/src/spacedatanetwork_astro/sds/REC
copying src/spacedatanetwork_astro/sds/REC/KeyExchange.py -> spacedatanetwork_astro-0.1.0.dev0+modules.e4612363998b.af1dde329812d/src/spacedatanetwork_astro/sds/REC
copying src/spacedatanetwork_astro/sds/REC/KeyType.py -> spacedatanetwork_astro-0.1.0.dev0+modules.e4612363998b.af1dde329812d/src/spacedatanetwork_astro/sds/REC
copying src/spacedatanetwork_astro/sds/REC/LAM.py -> spacedatanetwork_astro-0.1.0.dev0+modules.e4612363998b.af1dde329812d/src/spacedatanetwork_astro/sds/REC
copying src/spacedatanetwork_astro/sds/REC/LCC.py -> spacedatanetwork_astro-0.1.0.dev0+modules.e4612363998b.af1dde329812d/src/spacedatanetwork_astro/sds/REC
copying src/spacedatanetwork_astro/sds/REC/LCF.py -> spacedatanetwork_astro-0.1.0.dev0+modules.e4612363998b.af1dde329812d/src/spacedatanetwork_astro/sds/REC
copying src/spacedatanetwork_astro/sds/REC/LCH.py -> spacedatanetwork_astro-0.1.0.dev0+modules.e4612363998b.af1dde329812d/src/spacedatanetwork_astro/sds/REC
copying src/spacedatanetwork_astro/sds/REC/LDM.py -> spacedatanetwork_astro-0.1.0.dev0+modules.e4612363998b.af1dde329812d/src/spacedatanetwork_astro/sds/REC
copying src/spacedatanetwork_astro/sds/REC/LGR.py -> spacedatanetwork_astro-0.1.0.dev0+modules.e4612363998b.af1dde329812d/src/spacedatanetwork_astro/sds/REC
copying src/spacedatanetwork_astro/sds/REC/LKS.py -> spacedatanetwork_astro-0.1.0.dev0+modules.e4612363998b.af1dde329812d/src/spacedatanetwork_astro/sds/REC
copying src/spacedatanetwork_astro/sds/REC/LMO.py -> spacedatanetwork_astro-0.1.0.dev0+modules.e4612363998b.af1dde329812d/src/spacedatanetwork_astro/sds/REC
copying src/spacedatanetwork_astro/sds/REC/LMR.py -> spacedatanetwork_astro-0.1.0.dev0+modules.e4612363998b.af1dde329812d/src/spacedatanetwork_astro/sds/REC
copying src/spacedatanetwork_astro/sds/REC/LMS.py -> spacedatanetwork_astro-0.1.0.dev0+modules.e4612363998b.af1dde329812d/src/spacedatanetwork_astro/sds/REC
copying src/spacedatanetwork_astro/sds/REC/LND.py -> spacedatanetwork_astro-0.1.0.dev0+modules.e4612363998b.af1dde329812d/src/spacedatanetwork_astro/sds/REC
copying src/spacedatanetwork_astro/sds/REC/LNE.py -> spacedatanetwork_astro-0.1.0.dev0+modules.e4612363998b.af1dde329812d/src/spacedatanetwork_astro/sds/REC
copying src/spacedatanetwork_astro/sds/REC/LPF.py -> spacedatanetwork_astro-0.1.0.dev0+modules.e4612363998b.af1dde329812d/src/spacedatanetwork_astro/sds/REC
copying src/spacedatanetwork_astro/sds/REC/LWK.py -> spacedatanetwork_astro-0.1.0.dev0+modules.e4612363998b.af1dde329812d/src/spacedatanetwork_astro/sds/REC
copying src/spacedatanetwork_astro/sds/REC/LandCoverType.py -> spacedatanetwork_astro-0.1.0.dev0+modules.e4612363998b.af1dde329812d/src/spacedatanetwork_astro/sds/REC
copying src/spacedatanetwork_astro/sds/REC/LeadMethod.py -> spacedatanetwork_astro-0.1.0.dev0+modules.e4612363998b.af1dde329812d/src/spacedatanetwork_astro/sds/REC
copying src/spacedatanetwork_astro/sds/REC/LocationInContainer.py -> spacedatanetwork_astro-0.1.0.dev0+modules.e4612363998b.af1dde329812d/src/spacedatanetwork_astro/sds/REC
copying src/spacedatanetwork_astro/sds/REC/MBL.py -> spacedatanetwork_astro-0.1.0.dev0+modules.e4612363998b.af1dde329812d/src/spacedatanetwork_astro/sds/REC
copying src/spacedatanetwork_astro/sds/REC/MDP.py -> spacedatanetwork_astro-0.1.0.dev0+modules.e4612363998b.af1dde329812d/src/spacedatanetwork_astro/sds/REC
copying src/spacedatanetwork_astro/sds/REC/MDPEncounterStage.py -> spacedatanetwork_astro-0.1.0.dev0+modules.e4612363998b.af1dde329812d/src/spacedatanetwork_astro/sds/REC
copying src/spacedatanetwork_astro/sds/REC/MDPFlightTimeBound.py -> spacedatanetwork_astro-0.1.0.dev0+modules.e4612363998b.af1dde329812d/src/spacedatanetwork_astro/sds/REC
copying src/spacedatanetwork_astro/sds/REC/MDS.py -> spacedatanetwork_astro-0.1.0.dev0+modules.e4612363998b.af1dde329812d/src/spacedatanetwork_astro/sds/REC
copying src/spacedatanetwork_astro/sds/REC/MDSCandidate.py -> spacedatanetwork_astro-0.1.0.dev0+modules.e4612363998b.af1dde329812d/src/spacedatanetwork_astro/sds/REC
copying src/spacedatanetwork_astro/sds/REC/MDSDeepSpaceManeuver.py -> spacedatanetwork_astro-0.1.0.dev0+modules.e4612363998b.af1dde329812d/src/spacedatanetwork_astro/sds/REC
copying src/spacedatanetwork_astro/sds/REC/MDSEncounter.py -> spacedatanetwork_astro-0.1.0.dev0+modules.e4612363998b.af1dde329812d/src/spacedatanetwork_astro/sds/REC
copying src/spacedatanetwork_astro/sds/REC/MEM.py -> spacedatanetwork_astro-0.1.0.dev0+modules.e4612363998b.af1dde329812d/src/spacedatanetwork_astro/sds/REC
copying src/spacedatanetwork_astro/sds/REC/MEMAttestation.py -> spacedatanetwork_astro-0.1.0.dev0+modules.e4612363998b.af1dde329812d/src/spacedatanetwork_astro/sds/REC
copying src/spacedatanetwork_astro/sds/REC/MEMEditingDecision.py -> spacedatanetwork_astro-0.1.0.dev0+modules.e4612363998b.af1dde329812d/src/spacedatanetwork_astro/sds/REC
copying src/spacedatanetwork_astro/sds/REC/MEMErrorModel.py -> spacedatanetwork_astro-0.1.0.dev0+modules.e4612363998b.af1dde329812d/src/spacedatanetwork_astro/sds/REC
copying src/spacedatanetwork_astro/sds/REC/MET.py -> spacedatanetwork_astro-0.1.0.dev0+modules.e4612363998b.af1dde329812d/src/spacedatanetwork_astro/sds/REC
copying src/spacedatanetwork_astro/sds/REC/MFE.py -> spacedatanetwork_astro-0.1.0.dev0+modules.e4612363998b.af1dde329812d/src/spacedatanetwork_astro/sds/REC
copying src/spacedatanetwork_astro/sds/REC/MNF.py -> spacedatanetwork_astro-0.1.0.dev0+modules.e4612363998b.af1dde329812d/src/spacedatanetwork_astro/sds/REC
copying src/spacedatanetwork_astro/sds/REC/MNV.py -> spacedatanetwork_astro-0.1.0.dev0+modules.e4612363998b.af1dde329812d/src/spacedatanetwork_astro/sds/REC
copying src/spacedatanetwork_astro/sds/REC/MPE.py -> spacedatanetwork_astro-0.1.0.dev0+modules.e4612363998b.af1dde329812d/src/spacedatanetwork_astro/sds/REC
copying src/spacedatanetwork_astro/sds/REC/MPETargeterConstraint.py -> spacedatanetwork_astro-0.1.0.dev0+modules.e4612363998b.af1dde329812d/src/spacedatanetwork_astro/sds/REC
copying src/spacedatanetwork_astro/sds/REC/MPETargeterSolution.py -> spacedatanetwork_astro-0.1.0.dev0+modules.e4612363998b.af1dde329812d/src/spacedatanetwork_astro/sds/REC
copying src/spacedatanetwork_astro/sds/REC/MSL.py -> spacedatanetwork_astro-0.1.0.dev0+modules.e4612363998b.af1dde329812d/src/spacedatanetwork_astro/sds/REC
copying src/spacedatanetwork_astro/sds/REC/MST.py -> spacedatanetwork_astro-0.1.0.dev0+modules.e4612363998b.af1dde329812d/src/spacedatanetwork_astro/sds/REC
copying src/spacedatanetwork_astro/sds/REC/MTI.py -> spacedatanetwork_astro-0.1.0.dev0+modules.e4612363998b.af1dde329812d/src/spacedatanetwork_astro/sds/REC
copying src/spacedatanetwork_astro/sds/REC/Maneuver.py -> spacedatanetwork_astro-0.1.0.dev0+modules.e4612363998b.af1dde329812d/src/spacedatanetwork_astro/sds/REC
copying src/spacedatanetwork_astro/sds/REC/MatchCriteria.py -> spacedatanetwork_astro-0.1.0.dev0+modules.e4612363998b.af1dde329812d/src/spacedatanetwork_astro/sds/REC
copying src/spacedatanetwork_astro/sds/REC/MaterialType.py -> spacedatanetwork_astro-0.1.0.dev0+modules.e4612363998b.af1dde329812d/src/spacedatanetwork_astro/sds/REC
copying src/spacedatanetwork_astro/sds/REC/MathAlgorithm.py -> spacedatanetwork_astro-0.1.0.dev0+modules.e4612363998b.af1dde329812d/src/spacedatanetwork_astro/sds/REC
copying src/spacedatanetwork_astro/sds/REC/MathOperation.py -> spacedatanetwork_astro-0.1.0.dev0+modules.e4612363998b.af1dde329812d/src/spacedatanetwork_astro/sds/REC
copying src/spacedatanetwork_astro/sds/REC/MeasurementType.py -> spacedatanetwork_astro-0.1.0.dev0+modules.e4612363998b.af1dde329812d/src/spacedatanetwork_astro/sds/REC
copying src/spacedatanetwork_astro/sds/REC/MetaCommand.py -> spacedatanetwork_astro-0.1.0.dev0+modules.e4612363998b.af1dde329812d/src/spacedatanetwork_astro/sds/REC
copying src/spacedatanetwork_astro/sds/REC/MetaCommandSet.py -> spacedatanetwork_astro-0.1.0.dev0+modules.e4612363998b.af1dde329812d/src/spacedatanetwork_astro/sds/REC
copying src/spacedatanetwork_astro/sds/REC/Metadata.py -> spacedatanetwork_astro-0.1.0.dev0+modules.e4612363998b.af1dde329812d/src/spacedatanetwork_astro/sds/REC
copying src/spacedatanetwork_astro/sds/REC/MissilePhase.py -> spacedatanetwork_astro-0.1.0.dev0+modules.e4612363998b.af1dde329812d/src/spacedatanetwork_astro/sds/REC
copying src/spacedatanetwork_astro/sds/REC/MissileType.py -> spacedatanetwork_astro-0.1.0.dev0+modules.e4612363998b.af1dde329812d/src/spacedatanetwork_astro/sds/REC
copying src/spacedatanetwork_astro/sds/REC/ModuleBundleEntry.py -> spacedatanetwork_astro-0.1.0.dev0+modules.e4612363998b.af1dde329812d/src/spacedatanetwork_astro/sds/REC
copying src/spacedatanetwork_astro/sds/REC/ModuleBundleEntryRole.py -> spacedatanetwork_astro-0.1.0.dev0+modules.e4612363998b.af1dde329812d/src/spacedatanetwork_astro/sds/REC
copying src/spacedatanetwork_astro/sds/REC/ModulePayloadEncoding.py -> spacedatanetwork_astro-0.1.0.dev0+modules.e4612363998b.af1dde329812d/src/spacedatanetwork_astro/sds/REC
copying src/spacedatanetwork_astro/sds/REC/ModuleState.py -> spacedatanetwork_astro-0.1.0.dev0+modules.e4612363998b.af1dde329812d/src/spacedatanetwork_astro/sds/REC
copying src/spacedatanetwork_astro/sds/REC/ModuleType.py -> spacedatanetwork_astro-0.1.0.dev0+modules.e4612363998b.af1dde329812d/src/spacedatanetwork_astro/sds/REC
copying src/spacedatanetwork_astro/sds/REC/MotionModel.py -> spacedatanetwork_astro-0.1.0.dev0+modules.e4612363998b.af1dde329812d/src/spacedatanetwork_astro/sds/REC
copying src/spacedatanetwork_astro/sds/REC/NAV.py -> spacedatanetwork_astro-0.1.0.dev0+modules.e4612363998b.af1dde329812d/src/spacedatanetwork_astro/sds/REC
copying src/spacedatanetwork_astro/sds/REC/NCD.py -> spacedatanetwork_astro-0.1.0.dev0+modules.e4612363998b.af1dde329812d/src/spacedatanetwork_astro/sds/REC
copying src/spacedatanetwork_astro/sds/REC/NCDCode500Header.py -> spacedatanetwork_astro-0.1.0.dev0+modules.e4612363998b.af1dde329812d/src/spacedatanetwork_astro/sds/REC
copying src/spacedatanetwork_astro/sds/REC/NCDSP3Header.py -> spacedatanetwork_astro-0.1.0.dev0+modules.e4612363998b.af1dde329812d/src/spacedatanetwork_astro/sds/REC
copying src/spacedatanetwork_astro/sds/REC/NCDScenarioEpochContainer.py -> spacedatanetwork_astro-0.1.0.dev0+modules.e4612363998b.af1dde329812d/src/spacedatanetwork_astro/sds/REC
copying src/spacedatanetwork_astro/sds/REC/NCDSegmentDescriptor.py -> spacedatanetwork_astro-0.1.0.dev0+modules.e4612363998b.af1dde329812d/src/spacedatanetwork_astro/sds/REC
copying src/spacedatanetwork_astro/sds/REC/NDS.py -> spacedatanetwork_astro-0.1.0.dev0+modules.e4612363998b.af1dde329812d/src/spacedatanetwork_astro/sds/REC
copying src/spacedatanetwork_astro/sds/REC/NDSIngestEvent.py -> spacedatanetwork_astro-0.1.0.dev0+modules.e4612363998b.af1dde329812d/src/spacedatanetwork_astro/sds/REC
copying src/spacedatanetwork_astro/sds/REC/NDSModuleStat.py -> spacedatanetwork_astro-0.1.0.dev0+modules.e4612363998b.af1dde329812d/src/spacedatanetwork_astro/sds/REC
copying src/spacedatanetwork_astro/sds/REC/NDSSchemaStat.py -> spacedatanetwork_astro-0.1.0.dev0+modules.e4612363998b.af1dde329812d/src/spacedatanetwork_astro/sds/REC
copying src/spacedatanetwork_astro/sds/REC/NDSSourceStat.py -> spacedatanetwork_astro-0.1.0.dev0+modules.e4612363998b.af1dde329812d/src/spacedatanetwork_astro/sds/REC
copying src/spacedatanetwork_astro/sds/REC/NDSTopicStat.py -> spacedatanetwork_astro-0.1.0.dev0+modules.e4612363998b.af1dde329812d/src/spacedatanetwork_astro/sds/REC
copying src/spacedatanetwork_astro/sds/REC/NDSTrustEngineStat.py -> spacedatanetwork_astro-0.1.0.dev0+modules.e4612363998b.af1dde329812d/src/spacedatanetwork_astro/sds/REC
copying src/spacedatanetwork_astro/sds/REC/NST.py -> spacedatanetwork_astro-0.1.0.dev0+modules.e4612363998b.af1dde329812d/src/spacedatanetwork_astro/sds/REC
copying src/spacedatanetwork_astro/sds/REC/NSTNode.py -> spacedatanetwork_astro-0.1.0.dev0+modules.e4612363998b.af1dde329812d/src/spacedatanetwork_astro/sds/REC
copying src/spacedatanetwork_astro/sds/REC/NUM.py -> spacedatanetwork_astro-0.1.0.dev0+modules.e4612363998b.af1dde329812d/src/spacedatanetwork_astro/sds/REC
copying src/spacedatanetwork_astro/sds/REC/NUMGaussMarkovRequest.py -> spacedatanetwork_astro-0.1.0.dev0+modules.e4612363998b.af1dde329812d/src/spacedatanetwork_astro/sds/REC
copying src/spacedatanetwork_astro/sds/REC/NUMGaussMarkovResult.py -> spacedatanetwork_astro-0.1.0.dev0+modules.e4612363998b.af1dde329812d/src/spacedatanetwork_astro/sds/REC
copying src/spacedatanetwork_astro/sds/REC/NUMRootSolveRequest.py -> spacedatanetwork_astro-0.1.0.dev0+modules.e4612363998b.af1dde329812d/src/spacedatanetwork_astro/sds/REC
copying src/spacedatanetwork_astro/sds/REC/NUMRootSolveResult.py -> spacedatanetwork_astro-0.1.0.dev0+modules.e4612363998b.af1dde329812d/src/spacedatanetwork_astro/sds/REC
copying src/spacedatanetwork_astro/sds/REC/NUMScalarInterpolationRequest.py -> spacedatanetwork_astro-0.1.0.dev0+modules.e4612363998b.af1dde329812d/src/spacedatanetwork_astro/sds/REC
copying src/spacedatanetwork_astro/sds/REC/NUMScalarInterpolationResult.py -> spacedatanetwork_astro-0.1.0.dev0+modules.e4612363998b.af1dde329812d/src/spacedatanetwork_astro/sds/REC
copying src/spacedatanetwork_astro/sds/REC/NUMVectorDiscretizeRequest.py -> spacedatanetwork_astro-0.1.0.dev0+modules.e4612363998b.af1dde329812d/src/spacedatanetwork_astro/sds/REC
copying src/spacedatanetwork_astro/sds/REC/NUMVectorDiscretizeResult.py -> spacedatanetwork_astro-0.1.0.dev0+modules.e4612363998b.af1dde329812d/src/spacedatanetwork_astro/sds/REC
copying src/spacedatanetwork_astro/sds/REC/NUMVectorSaturateRequest.py -> spacedatanetwork_astro-0.1.0.dev0+modules.e4612363998b.af1dde329812d/src/spacedatanetwork_astro/sds/REC
copying src/spacedatanetwork_astro/sds/REC/NUMVectorSaturateResult.py -> spacedatanetwork_astro-0.1.0.dev0+modules.e4612363998b.af1dde329812d/src/spacedatanetwork_astro/sds/REC
copying src/spacedatanetwork_astro/sds/REC/NoiseSource.py -> spacedatanetwork_astro-0.1.0.dev0+modules.e4612363998b.af1dde329812d/src/spacedatanetwork_astro/sds/REC
copying src/spacedatanetwork_astro/sds/REC/OBD.py -> spacedatanetwork_astro-0.1.0.dev0+modules.e4612363998b.af1dde329812d/src/spacedatanetwork_astro/sds/REC
copying src/spacedatanetwork_astro/sds/REC/OBT.py -> spacedatanetwork_astro-0.1.0.dev0+modules.e4612363998b.af1dde329812d/src/spacedatanetwork_astro/sds/REC
copying src/spacedatanetwork_astro/sds/REC/OCM.py -> spacedatanetwork_astro-0.1.0.dev0+modules.e4612363998b.af1dde329812d/src/spacedatanetwork_astro/sds/REC
copying src/spacedatanetwork_astro/sds/REC/ODR.py -> spacedatanetwork_astro-0.1.0.dev0+modules.e4612363998b.af1dde329812d/src/spacedatanetwork_astro/sds/REC
copying src/spacedatanetwork_astro/sds/REC/ODRAttestation.py -> spacedatanetwork_astro-0.1.0.dev0+modules.e4612363998b.af1dde329812d/src/spacedatanetwork_astro/sds/REC
copying src/spacedatanetwork_astro/sds/REC/ODREditedObservation.py -> spacedatanetwork_astro-0.1.0.dev0+modules.e4612363998b.af1dde329812d/src/spacedatanetwork_astro/sds/REC
copying src/spacedatanetwork_astro/sds/REC/ODREstimatedParameter.py -> spacedatanetwork_astro-0.1.0.dev0+modules.e4612363998b.af1dde329812d/src/spacedatanetwork_astro/sds/REC
copying src/spacedatanetwork_astro/sds/REC/ODRFilterEpoch.py -> spacedatanetwork_astro-0.1.0.dev0+modules.e4612363998b.af1dde329812d/src/spacedatanetwork_astro/sds/REC
copying src/spacedatanetwork_astro/sds/REC/ODRIterationStatistics.py -> spacedatanetwork_astro-0.1.0.dev0+modules.e4612363998b.af1dde329812d/src/spacedatanetwork_astro/sds/REC
copying src/spacedatanetwork_astro/sds/REC/ODRSolverConfiguration.py -> spacedatanetwork_astro-0.1.0.dev0+modules.e4612363998b.af1dde329812d/src/spacedatanetwork_astro/sds/REC
copying src/spacedatanetwork_astro/sds/REC/OEM.py -> spacedatanetwork_astro-0.1.0.dev0+modules.e4612363998b.af1dde329812d/src/spacedatanetwork_astro/sds/REC
copying src/spacedatanetwork_astro/sds/REC/OMM.py -> spacedatanetwork_astro-0.1.0.dev0+modules.e4612363998b.af1dde329812d/src/spacedatanetwork_astro/sds/REC
copying src/spacedatanetwork_astro/sds/REC/OOA.py -> spacedatanetwork_astro-0.1.0.dev0+modules.e4612363998b.af1dde329812d/src/spacedatanetwork_astro/sds/REC
copying src/spacedatanetwork_astro/sds/REC/OOB.py -> spacedatanetwork_astro-0.1.0.dev0+modules.e4612363998b.af1dde329812d/src/spacedatanetwork_astro/sds/REC
copying src/spacedatanetwork_astro/sds/REC/OOD.py -> spacedatanetwork_astro-0.1.0.dev0+modules.e4612363998b.af1dde329812d/src/spacedatanetwork_astro/sds/REC
copying src/spacedatanetwork_astro/sds/REC/OOE.py -> spacedatanetwork_astro-0.1.0.dev0+modules.e4612363998b.af1dde329812d/src/spacedatanetwork_astro/sds/REC
copying src/spacedatanetwork_astro/sds/REC/OOI.py -> spacedatanetwork_astro-0.1.0.dev0+modules.e4612363998b.af1dde329812d/src/spacedatanetwork_astro/sds/REC
copying src/spacedatanetwork_astro/sds/REC/OOL.py -> spacedatanetwork_astro-0.1.0.dev0+modules.e4612363998b.af1dde329812d/src/spacedatanetwork_astro/sds/REC
copying src/spacedatanetwork_astro/sds/REC/OON.py -> spacedatanetwork_astro-0.1.0.dev0+modules.e4612363998b.af1dde329812d/src/spacedatanetwork_astro/sds/REC
copying src/spacedatanetwork_astro/sds/REC/OOS.py -> spacedatanetwork_astro-0.1.0.dev0+modules.e4612363998b.af1dde329812d/src/spacedatanetwork_astro/sds/REC
copying src/spacedatanetwork_astro/sds/REC/OOT.py -> spacedatanetwork_astro-0.1.0.dev0+modules.e4612363998b.af1dde329812d/src/spacedatanetwork_astro/sds/REC
copying src/spacedatanetwork_astro/sds/REC/OPM.py -> spacedatanetwork_astro-0.1.0.dev0+modules.e4612363998b.af1dde329812d/src/spacedatanetwork_astro/sds/REC
copying src/spacedatanetwork_astro/sds/REC/OPP.py -> spacedatanetwork_astro-0.1.0.dev0+modules.e4612363998b.af1dde329812d/src/spacedatanetwork_astro/sds/REC
copying src/spacedatanetwork_astro/sds/REC/OPPAreas.py -> spacedatanetwork_astro-0.1.0.dev0+modules.e4612363998b.af1dde329812d/src/spacedatanetwork_astro/sds/REC
copying src/spacedatanetwork_astro/sds/REC/OPPAssetRef.py -> spacedatanetwork_astro-0.1.0.dev0+modules.e4612363998b.af1dde329812d/src/spacedatanetwork_astro/sds/REC
copying src/spacedatanetwork_astro/sds/REC/OPPDimensions.py -> spacedatanetwork_astro-0.1.0.dev0+modules.e4612363998b.af1dde329812d/src/spacedatanetwork_astro/sds/REC
copying src/spacedatanetwork_astro/sds/REC/OPPMass.py -> spacedatanetwork_astro-0.1.0.dev0+modules.e4612363998b.af1dde329812d/src/spacedatanetwork_astro/sds/REC
copying src/spacedatanetwork_astro/sds/REC/OPPProvenance.py -> spacedatanetwork_astro-0.1.0.dev0+modules.e4612363998b.af1dde329812d/src/spacedatanetwork_astro/sds/REC
copying src/spacedatanetwork_astro/sds/REC/OPPQuantity.py -> spacedatanetwork_astro-0.1.0.dev0+modules.e4612363998b.af1dde329812d/src/spacedatanetwork_astro/sds/REC
copying src/spacedatanetwork_astro/sds/REC/OPPRadarCrossSection.py -> spacedatanetwork_astro-0.1.0.dev0+modules.e4612363998b.af1dde329812d/src/spacedatanetwork_astro/sds/REC
copying src/spacedatanetwork_astro/sds/REC/OPPSurface.py -> spacedatanetwork_astro-0.1.0.dev0+modules.e4612363998b.af1dde329812d/src/spacedatanetwork_astro/sds/REC
copying src/spacedatanetwork_astro/sds/REC/OSM.py -> spacedatanetwork_astro-0.1.0.dev0+modules.e4612363998b.af1dde329812d/src/spacedatanetwork_astro/sds/REC
copying src/spacedatanetwork_astro/sds/REC/ObservationPosition.py -> spacedatanetwork_astro-0.1.0.dev0+modules.e4612363998b.af1dde329812d/src/spacedatanetwork_astro/sds/REC
copying src/spacedatanetwork_astro/sds/REC/OrbitDetermination.py -> spacedatanetwork_astro-0.1.0.dev0+modules.e4612363998b.af1dde329812d/src/spacedatanetwork_astro/sds/REC
copying src/spacedatanetwork_astro/sds/REC/OrbitFrame.py -> spacedatanetwork_astro-0.1.0.dev0+modules.e4612363998b.af1dde329812d/src/spacedatanetwork_astro/sds/REC
copying src/spacedatanetwork_astro/sds/REC/OrbitFrameWrapper.py -> spacedatanetwork_astro-0.1.0.dev0+modules.e4612363998b.af1dde329812d/src/spacedatanetwork_astro/sds/REC
copying src/spacedatanetwork_astro/sds/REC/OrbitalRegime.py -> spacedatanetwork_astro-0.1.0.dev0+modules.e4612363998b.af1dde329812d/src/spacedatanetwork_astro/sds/REC
copying src/spacedatanetwork_astro/sds/REC/PAP.py -> spacedatanetwork_astro-0.1.0.dev0+modules.e4612363998b.af1dde329812d/src/spacedatanetwork_astro/sds/REC
copying src/spacedatanetwork_astro/sds/REC/PAPElement.py -> spacedatanetwork_astro-0.1.0.dev0+modules.e4612363998b.af1dde329812d/src/spacedatanetwork_astro/sds/REC
copying src/spacedatanetwork_astro/sds/REC/PAPGainCut.py -> spacedatanetwork_astro-0.1.0.dev0+modules.e4612363998b.af1dde329812d/src/spacedatanetwork_astro/sds/REC
copying src/spacedatanetwork_astro/sds/REC/PAPNull.py -> spacedatanetwork_astro-0.1.0.dev0+modules.e4612363998b.af1dde329812d/src/spacedatanetwork_astro/sds/REC
copying src/spacedatanetwork_astro/sds/REC/PCE.py -> spacedatanetwork_astro-0.1.0.dev0+modules.e4612363998b.af1dde329812d/src/spacedatanetwork_astro/sds/REC
copying src/spacedatanetwork_astro/sds/REC/PCEEvaluationContext.py -> spacedatanetwork_astro-0.1.0.dev0+modules.e4612363998b.af1dde329812d/src/spacedatanetwork_astro/sds/REC
copying src/spacedatanetwork_astro/sds/REC/PCEEvaluationRequest.py -> spacedatanetwork_astro-0.1.0.dev0+modules.e4612363998b.af1dde329812d/src/spacedatanetwork_astro/sds/REC
copying src/spacedatanetwork_astro/sds/REC/PCEEvaluationResult.py -> spacedatanetwork_astro-0.1.0.dev0+modules.e4612363998b.af1dde329812d/src/spacedatanetwork_astro/sds/REC
copying src/spacedatanetwork_astro/sds/REC/PCEParameterCatalog.py -> spacedatanetwork_astro-0.1.0.dev0+modules.e4612363998b.af1dde329812d/src/spacedatanetwork_astro/sds/REC
copying src/spacedatanetwork_astro/sds/REC/PCEParameterCondition.py -> spacedatanetwork_astro-0.1.0.dev0+modules.e4612363998b.af1dde329812d/src/spacedatanetwork_astro/sds/REC
copying src/spacedatanetwork_astro/sds/REC/PCEParameterDescriptor.py -> spacedatanetwork_astro-0.1.0.dev0+modules.e4612363998b.af1dde329812d/src/spacedatanetwork_astro/sds/REC
copying src/spacedatanetwork_astro/sds/REC/PCEParameterRef.py -> spacedatanetwork_astro-0.1.0.dev0+modules.e4612363998b.af1dde329812d/src/spacedatanetwork_astro/sds/REC
copying src/spacedatanetwork_astro/sds/REC/PCEParameterSample.py -> spacedatanetwork_astro-0.1.0.dev0+modules.e4612363998b.af1dde329812d/src/spacedatanetwork_astro/sds/REC
copying src/spacedatanetwork_astro/sds/REC/PCEParameterValue.py -> spacedatanetwork_astro-0.1.0.dev0+modules.e4612363998b.af1dde329812d/src/spacedatanetwork_astro/sds/REC
copying src/spacedatanetwork_astro/sds/REC/PCEStopReport.py -> spacedatanetwork_astro-0.1.0.dev0+modules.e4612363998b.af1dde329812d/src/spacedatanetwork_astro/sds/REC
copying src/spacedatanetwork_astro/sds/REC/PCEStopRequest.py -> spacedatanetwork_astro-0.1.0.dev0+modules.e4612363998b.af1dde329812d/src/spacedatanetwork_astro/sds/REC
copying src/spacedatanetwork_astro/sds/REC/PCF.py -> spacedatanetwork_astro-0.1.0.dev0+modules.e4612363998b.af1dde329812d/src/spacedatanetwork_astro/sds/REC
copying src/spacedatanetwork_astro/sds/REC/PGM.py -> spacedatanetwork_astro-0.1.0.dev0+modules.e4612363998b.af1dde329812d/src/spacedatanetwork_astro/sds/REC
copying src/spacedatanetwork_astro/sds/REC/PGMMetadataEntry.py -> spacedatanetwork_astro-0.1.0.dev0+modules.e4612363998b.af1dde329812d/src/spacedatanetwork_astro/sds/REC
copying src/spacedatanetwork_astro/sds/REC/PHY.py -> spacedatanetwork_astro-0.1.0.dev0+modules.e4612363998b.af1dde329812d/src/spacedatanetwork_astro/sds/REC
copying src/spacedatanetwork_astro/sds/REC/PIV.py -> spacedatanetwork_astro-0.1.0.dev0+modules.e4612363998b.af1dde329812d/src/spacedatanetwork_astro/sds/REC
copying src/spacedatanetwork_astro/sds/REC/PIVRequest.py -> spacedatanetwork_astro-0.1.0.dev0+modules.e4612363998b.af1dde329812d/src/spacedatanetwork_astro/sds/REC
copying src/spacedatanetwork_astro/sds/REC/PIVResponse.py -> spacedatanetwork_astro-0.1.0.dev0+modules.e4612363998b.af1dde329812d/src/spacedatanetwork_astro/sds/REC
copying src/spacedatanetwork_astro/sds/REC/PKB.py -> spacedatanetwork_astro-0.1.0.dev0+modules.e4612363998b.af1dde329812d/src/spacedatanetwork_astro/sds/REC
copying src/spacedatanetwork_astro/sds/REC/PLD.py -> spacedatanetwork_astro-0.1.0.dev0+modules.e4612363998b.af1dde329812d/src/spacedatanetwork_astro/sds/REC
copying src/spacedatanetwork_astro/sds/REC/PLG.py -> spacedatanetwork_astro-0.1.0.dev0+modules.e4612363998b.af1dde329812d/src/spacedatanetwork_astro/sds/REC
copying src/spacedatanetwork_astro/sds/REC/PLGAcceptedTypeSet.py -> spacedatanetwork_astro-0.1.0.dev0+modules.e4612363998b.af1dde329812d/src/spacedatanetwork_astro/sds/REC
copying src/spacedatanetwork_astro/sds/REC/PLGBuildArtifact.py -> spacedatanetwork_astro-0.1.0.dev0+modules.e4612363998b.af1dde329812d/src/spacedatanetwork_astro/sds/REC
copying src/spacedatanetwork_astro/sds/REC/PLGFlowEdge.py -> spacedatanetwork_astro-0.1.0.dev0+modules.e4612363998b.af1dde329812d/src/spacedatanetwork_astro/sds/REC
copying src/spacedatanetwork_astro/sds/REC/PLGFlowEdgeContract.py -> spacedatanetwork_astro-0.1.0.dev0+modules.e4612363998b.af1dde329812d/src/spacedatanetwork_astro/sds/REC
copying src/spacedatanetwork_astro/sds/REC/PLGFlowNode.py -> spacedatanetwork_astro-0.1.0.dev0+modules.e4612363998b.af1dde329812d/src/spacedatanetwork_astro/sds/REC
copying src/spacedatanetwork_astro/sds/REC/PLGFlowTrigger.py -> spacedatanetwork_astro-0.1.0.dev0+modules.e4612363998b.af1dde329812d/src/spacedatanetwork_astro/sds/REC
copying src/spacedatanetwork_astro/sds/REC/PLGFlowTriggerBinding.py -> spacedatanetwork_astro-0.1.0.dev0+modules.e4612363998b.af1dde329812d/src/spacedatanetwork_astro/sds/REC
copying src/spacedatanetwork_astro/sds/REC/PLGHostCapability.py -> spacedatanetwork_astro-0.1.0.dev0+modules.e4612363998b.af1dde329812d/src/spacedatanetwork_astro/sds/REC
copying src/spacedatanetwork_astro/sds/REC/PLGMethodManifest.py -> spacedatanetwork_astro-0.1.0.dev0+modules.e4612363998b.af1dde329812d/src/spacedatanetwork_astro/sds/REC
copying src/spacedatanetwork_astro/sds/REC/PLGPortManifest.py -> spacedatanetwork_astro-0.1.0.dev0+modules.e4612363998b.af1dde329812d/src/spacedatanetwork_astro/sds/REC
copying src/spacedatanetwork_astro/sds/REC/PLGProtocolSpec.py -> spacedatanetwork_astro-0.1.0.dev0+modules.e4612363998b.af1dde329812d/src/spacedatanetwork_astro/sds/REC
copying src/spacedatanetwork_astro/sds/REC/PLGTimerSpec.py -> spacedatanetwork_astro-0.1.0.dev0+modules.e4612363998b.af1dde329812d/src/spacedatanetwork_astro/sds/REC
copying src/spacedatanetwork_astro/sds/REC/PLK.py -> spacedatanetwork_astro-0.1.0.dev0+modules.e4612363998b.af1dde329812d/src/spacedatanetwork_astro/sds/REC
copying src/spacedatanetwork_astro/sds/REC/PMM.py -> spacedatanetwork_astro-0.1.0.dev0+modules.e4612363998b.af1dde329812d/src/spacedatanetwork_astro/sds/REC
copying src/spacedatanetwork_astro/sds/REC/PMMModuleEntry.py -> spacedatanetwork_astro-0.1.0.dev0+modules.e4612363998b.af1dde329812d/src/spacedatanetwork_astro/sds/REC
copying src/spacedatanetwork_astro/sds/REC/PMMTrustAnchor.py -> spacedatanetwork_astro-0.1.0.dev0+modules.e4612363998b.af1dde329812d/src/spacedatanetwork_astro/sds/REC
copying src/spacedatanetwork_astro/sds/REC/PNL.py -> spacedatanetwork_astro-0.1.0.dev0+modules.e4612363998b.af1dde329812d/src/spacedatanetwork_astro/sds/REC
copying src/spacedatanetwork_astro/sds/REC/PNLPanel.py -> spacedatanetwork_astro-0.1.0.dev0+modules.e4612363998b.af1dde329812d/src/spacedatanetwork_astro/sds/REC
copying src/spacedatanetwork_astro/sds/REC/PNM.py -> spacedatanetwork_astro-0.1.0.dev0+modules.e4612363998b.af1dde329812d/src/spacedatanetwork_astro/sds/REC
copying src/spacedatanetwork_astro/sds/REC/PPE.py -> spacedatanetwork_astro-0.1.0.dev0+modules.e4612363998b.af1dde329812d/src/spacedatanetwork_astro/sds/REC
copying src/spacedatanetwork_astro/sds/REC/PPEOrbitalElementRecord.py -> spacedatanetwork_astro-0.1.0.dev0+modules.e4612363998b.af1dde329812d/src/spacedatanetwork_astro/sds/REC
copying src/spacedatanetwork_astro/sds/REC/PPEPositionRecord.py -> spacedatanetwork_astro-0.1.0.dev0+modules.e4612363998b.af1dde329812d/src/spacedatanetwork_astro/sds/REC
copying src/spacedatanetwork_astro/sds/REC/PRG.py -> spacedatanetwork_astro-0.1.0.dev0+modules.e4612363998b.af1dde329812d/src/spacedatanetwork_astro/sds/REC
copying src/spacedatanetwork_astro/sds/REC/PRR.py -> spacedatanetwork_astro-0.1.0.dev0+modules.e4612363998b.af1dde329812d/src/spacedatanetwork_astro/sds/REC
copying src/spacedatanetwork_astro/sds/REC/PRRMetadataEntry.py -> spacedatanetwork_astro-0.1.0.dev0+modules.e4612363998b.af1dde329812d/src/spacedatanetwork_astro/sds/REC
copying src/spacedatanetwork_astro/sds/REC/PRW.py -> spacedatanetwork_astro-0.1.0.dev0+modules.e4612363998b.af1dde329812d/src/spacedatanetwork_astro/sds/REC
copying src/spacedatanetwork_astro/sds/REC/PRWBatchRequest.py -> spacedatanetwork_astro-0.1.0.dev0+modules.e4612363998b.af1dde329812d/src/spacedatanetwork_astro/sds/REC
copying src/spacedatanetwork_astro/sds/REC/PRWBatchResponse.py -> spacedatanetwork_astro-0.1.0.dev0+modules.e4612363998b.af1dde329812d/src/spacedatanetwork_astro/sds/REC
copying src/spacedatanetwork_astro/sds/REC/PRWInit.py -> spacedatanetwork_astro-0.1.0.dev0+modules.e4612363998b.af1dde329812d/src/spacedatanetwork_astro/sds/REC
copying src/spacedatanetwork_astro/sds/REC/PRWInitSource.py -> spacedatanetwork_astro-0.1.0.dev0+modules.e4612363998b.af1dde329812d/src/spacedatanetwork_astro/sds/REC
copying src/spacedatanetwork_astro/sds/REC/PRWKeplerianElements.py -> spacedatanetwork_astro-0.1.0.dev0+modules.e4612363998b.af1dde329812d/src/spacedatanetwork_astro/sds/REC
copying src/spacedatanetwork_astro/sds/REC/PRWTleLines.py -> spacedatanetwork_astro-0.1.0.dev0+modules.e4612363998b.af1dde329812d/src/spacedatanetwork_astro/sds/REC
copying src/spacedatanetwork_astro/sds/REC/PSS.py -> spacedatanetwork_astro-0.1.0.dev0+modules.e4612363998b.af1dde329812d/src/spacedatanetwork_astro/sds/REC
copying src/spacedatanetwork_astro/sds/REC/PSSAttestation.py -> spacedatanetwork_astro-0.1.0.dev0+modules.e4612363998b.af1dde329812d/src/spacedatanetwork_astro/sds/REC
copying src/spacedatanetwork_astro/sds/REC/PSSConstraintValue.py -> spacedatanetwork_astro-0.1.0.dev0+modules.e4612363998b.af1dde329812d/src/spacedatanetwork_astro/sds/REC
copying src/spacedatanetwork_astro/sds/REC/PSSObjectiveValue.py -> spacedatanetwork_astro-0.1.0.dev0+modules.e4612363998b.af1dde329812d/src/spacedatanetwork_astro/sds/REC
copying src/spacedatanetwork_astro/sds/REC/PSSProvenance.py -> spacedatanetwork_astro-0.1.0.dev0+modules.e4612363998b.af1dde329812d/src/spacedatanetwork_astro/sds/REC
copying src/spacedatanetwork_astro/sds/REC/PSSSolution.py -> spacedatanetwork_astro-0.1.0.dev0+modules.e4612363998b.af1dde329812d/src/spacedatanetwork_astro/sds/REC
copying src/spacedatanetwork_astro/sds/REC/PSSVariableValue.py -> spacedatanetwork_astro-0.1.0.dev0+modules.e4612363998b.af1dde329812d/src/spacedatanetwork_astro/sds/REC
copying src/spacedatanetwork_astro/sds/REC/PUR.py -> spacedatanetwork_astro-0.1.0.dev0+modules.e4612363998b.af1dde329812d/src/spacedatanetwork_astro/sds/REC
copying src/spacedatanetwork_astro/sds/REC/Parameter.py -> spacedatanetwork_astro-0.1.0.dev0+modules.e4612363998b.af1dde329812d/src/spacedatanetwork_astro/sds/REC
copying src/spacedatanetwork_astro/sds/REC/ParameterComparison.py -> spacedatanetwork_astro-0.1.0.dev0+modules.e4612363998b.af1dde329812d/src/spacedatanetwork_astro/sds/REC
copying src/spacedatanetwork_astro/sds/REC/ParameterProperties.py -> spacedatanetwork_astro-0.1.0.dev0+modules.e4612363998b.af1dde329812d/src/spacedatanetwork_astro/sds/REC
copying src/spacedatanetwork_astro/sds/REC/ParameterRefEntry.py -> spacedatanetwork_astro-0.1.0.dev0+modules.e4612363998b.af1dde329812d/src/spacedatanetwork_astro/sds/REC
copying src/spacedatanetwork_astro/sds/REC/ParameterSet.py -> spacedatanetwork_astro-0.1.0.dev0+modules.e4612363998b.af1dde329812d/src/spacedatanetwork_astro/sds/REC
copying src/spacedatanetwork_astro/sds/REC/ParameterTypeSet.py -> spacedatanetwork_astro-0.1.0.dev0+modules.e4612363998b.af1dde329812d/src/spacedatanetwork_astro/sds/REC
copying src/spacedatanetwork_astro/sds/REC/PenResult.py -> spacedatanetwork_astro-0.1.0.dev0+modules.e4612363998b.af1dde329812d/src/spacedatanetwork_astro/sds/REC
copying src/spacedatanetwork_astro/sds/REC/PenetrationModel.py -> spacedatanetwork_astro-0.1.0.dev0+modules.e4612363998b.af1dde329812d/src/spacedatanetwork_astro/sds/REC
copying src/spacedatanetwork_astro/sds/REC/Perturbations.py -> spacedatanetwork_astro-0.1.0.dev0+modules.e4612363998b.af1dde329812d/src/spacedatanetwork_astro/sds/REC
copying src/spacedatanetwork_astro/sds/REC/PhysicalProperties.py -> spacedatanetwork_astro-0.1.0.dev0+modules.e4612363998b.af1dde329812d/src/spacedatanetwork_astro/sds/REC
copying src/spacedatanetwork_astro/sds/REC/PluginCapability.py -> spacedatanetwork_astro-0.1.0.dev0+modules.e4612363998b.af1dde329812d/src/spacedatanetwork_astro/sds/REC
copying src/spacedatanetwork_astro/sds/REC/PluginDependency.py -> spacedatanetwork_astro-0.1.0.dev0+modules.e4612363998b.af1dde329812d/src/spacedatanetwork_astro/sds/REC
copying src/spacedatanetwork_astro/sds/REC/PolarizationType.py -> spacedatanetwork_astro-0.1.0.dev0+modules.e4612363998b.af1dde329812d/src/spacedatanetwork_astro/sds/REC
copying src/spacedatanetwork_astro/sds/REC/PolynomialCalibrator.py -> spacedatanetwork_astro-0.1.0.dev0+modules.e4612363998b.af1dde329812d/src/spacedatanetwork_astro/sds/REC
copying src/spacedatanetwork_astro/sds/REC/PricingTier.py -> spacedatanetwork_astro-0.1.0.dev0+modules.e4612363998b.af1dde329812d/src/spacedatanetwork_astro/sds/REC
copying src/spacedatanetwork_astro/sds/REC/ProjectilePhase.py -> spacedatanetwork_astro-0.1.0.dev0+modules.e4612363998b.af1dde329812d/src/spacedatanetwork_astro/sds/REC
copying src/spacedatanetwork_astro/sds/REC/ProjectileType.py -> spacedatanetwork_astro-0.1.0.dev0+modules.e4612363998b.af1dde329812d/src/spacedatanetwork_astro/sds/REC
copying src/spacedatanetwork_astro/sds/REC/PropagationModel.py -> spacedatanetwork_astro-0.1.0.dev0+modules.e4612363998b.af1dde329812d/src/spacedatanetwork_astro/sds/REC
copying src/spacedatanetwork_astro/sds/REC/PropagatorMethod.py -> spacedatanetwork_astro-0.1.0.dev0+modules.e4612363998b.af1dde329812d/src/spacedatanetwork_astro/sds/REC
copying src/spacedatanetwork_astro/sds/REC/PropulsionType.py -> spacedatanetwork_astro-0.1.0.dev0+modules.e4612363998b.af1dde329812d/src/spacedatanetwork_astro/sds/REC
copying src/spacedatanetwork_astro/sds/REC/ProtectedDeliveryBinding.py -> spacedatanetwork_astro-0.1.0.dev0+modules.e4612363998b.af1dde329812d/src/spacedatanetwork_astro/sds/REC
copying src/spacedatanetwork_astro/sds/REC/ProviderReputation.py -> spacedatanetwork_astro-0.1.0.dev0+modules.e4612363998b.af1dde329812d/src/spacedatanetwork_astro/sds/REC
copying src/spacedatanetwork_astro/sds/REC/QEM.py -> spacedatanetwork_astro-0.1.0.dev0+modules.e4612363998b.af1dde329812d/src/spacedatanetwork_astro/sds/REC
copying src/spacedatanetwork_astro/sds/REC/QEMTokenVector.py -> spacedatanetwork_astro-0.1.0.dev0+modules.e4612363998b.af1dde329812d/src/spacedatanetwork_astro/sds/REC
copying src/spacedatanetwork_astro/sds/REC/QRP.py -> spacedatanetwork_astro-0.1.0.dev0+modules.e4612363998b.af1dde329812d/src/spacedatanetwork_astro/sds/REC
copying src/spacedatanetwork_astro/sds/REC/QRPColumn.py -> spacedatanetwork_astro-0.1.0.dev0+modules.e4612363998b.af1dde329812d/src/spacedatanetwork_astro/sds/REC
copying src/spacedatanetwork_astro/sds/REC/QRPFilter.py -> spacedatanetwork_astro-0.1.0.dev0+modules.e4612363998b.af1dde329812d/src/spacedatanetwork_astro/sds/REC
copying src/spacedatanetwork_astro/sds/REC/RAF.py -> spacedatanetwork_astro-0.1.0.dev0+modules.e4612363998b.af1dde329812d/src/spacedatanetwork_astro/sds/REC
copying src/spacedatanetwork_astro/sds/REC/RBK.py -> spacedatanetwork_astro-0.1.0.dev0+modules.e4612363998b.af1dde329812d/src/spacedatanetwork_astro/sds/REC
copying src/spacedatanetwork_astro/sds/REC/RBKMatrix3.py -> spacedatanetwork_astro-0.1.0.dev0+modules.e4612363998b.af1dde329812d/src/spacedatanetwork_astro/sds/REC
copying src/spacedatanetwork_astro/sds/REC/RBKQuaternion.py -> spacedatanetwork_astro-0.1.0.dev0+modules.e4612363998b.af1dde329812d/src/spacedatanetwork_astro/sds/REC
copying src/spacedatanetwork_astro/sds/REC/RBKRigidBodyKinematicsRequest.py -> spacedatanetwork_astro-0.1.0.dev0+modules.e4612363998b.af1dde329812d/src/spacedatanetwork_astro/sds/REC
copying src/spacedatanetwork_astro/sds/REC/RBKRigidBodyKinematicsResult.py -> spacedatanetwork_astro-0.1.0.dev0+modules.e4612363998b.af1dde329812d/src/spacedatanetwork_astro/sds/REC
copying src/spacedatanetwork_astro/sds/REC/RBKVector3.py -> spacedatanetwork_astro-0.1.0.dev0+modules.e4612363998b.af1dde329812d/src/spacedatanetwork_astro/sds/REC
copying src/spacedatanetwork_astro/sds/REC/RCF.py -> spacedatanetwork_astro-0.1.0.dev0+modules.e4612363998b.af1dde329812d/src/spacedatanetwork_astro/sds/REC
copying src/spacedatanetwork_astro/sds/REC/RDM.py -> spacedatanetwork_astro-0.1.0.dev0+modules.e4612363998b.af1dde329812d/src/spacedatanetwork_astro/sds/REC
copying src/spacedatanetwork_astro/sds/REC/RDO.py -> spacedatanetwork_astro-0.1.0.dev0+modules.e4612363998b.af1dde329812d/src/spacedatanetwork_astro/sds/REC
copying src/spacedatanetwork_astro/sds/REC/REC.py -> spacedatanetwork_astro-0.1.0.dev0+modules.e4612363998b.af1dde329812d/src/spacedatanetwork_astro/sds/REC
copying src/spacedatanetwork_astro/sds/REC/REM.py -> spacedatanetwork_astro-0.1.0.dev0+modules.e4612363998b.af1dde329812d/src/spacedatanetwork_astro/sds/REC
copying src/spacedatanetwork_astro/sds/REC/REV.py -> spacedatanetwork_astro-0.1.0.dev0+modules.e4612363998b.af1dde329812d/src/spacedatanetwork_astro/sds/REC
copying src/spacedatanetwork_astro/sds/REC/RFB.py -> spacedatanetwork_astro-0.1.0.dev0+modules.e4612363998b.af1dde329812d/src/spacedatanetwork_astro/sds/REC
copying src/spacedatanetwork_astro/sds/REC/RFE.py -> spacedatanetwork_astro-0.1.0.dev0+modules.e4612363998b.af1dde329812d/src/spacedatanetwork_astro/sds/REC
copying src/spacedatanetwork_astro/sds/REC/RFEEmissionMask.py -> spacedatanetwork_astro-0.1.0.dev0+modules.e4612363998b.af1dde329812d/src/spacedatanetwork_astro/sds/REC
copying src/spacedatanetwork_astro/sds/REC/RFEEmissionMaskPoint.py -> spacedatanetwork_astro-0.1.0.dev0+modules.e4612363998b.af1dde329812d/src/spacedatanetwork_astro/sds/REC
copying src/spacedatanetwork_astro/sds/REC/RFEProvenance.py -> spacedatanetwork_astro-0.1.0.dev0+modules.e4612363998b.af1dde329812d/src/spacedatanetwork_astro/sds/REC
copying src/spacedatanetwork_astro/sds/REC/RFL.py -> spacedatanetwork_astro-0.1.0.dev0+modules.e4612363998b.af1dde329812d/src/spacedatanetwork_astro/sds/REC
copying src/spacedatanetwork_astro/sds/REC/RFLEndpoint.py -> spacedatanetwork_astro-0.1.0.dev0+modules.e4612363998b.af1dde329812d/src/spacedatanetwork_astro/sds/REC
copying src/spacedatanetwork_astro/sds/REC/RFLInterferenceContribution.py -> spacedatanetwork_astro-0.1.0.dev0+modules.e4612363998b.af1dde329812d/src/spacedatanetwork_astro/sds/REC
copying src/spacedatanetwork_astro/sds/REC/RFLLink.py -> spacedatanetwork_astro-0.1.0.dev0+modules.e4612363998b.af1dde329812d/src/spacedatanetwork_astro/sds/REC
copying src/spacedatanetwork_astro/sds/REC/RFLModCod.py -> spacedatanetwork_astro-0.1.0.dev0+modules.e4612363998b.af1dde329812d/src/spacedatanetwork_astro/sds/REC
copying src/spacedatanetwork_astro/sds/REC/RFLModelBinding.py -> spacedatanetwork_astro-0.1.0.dev0+modules.e4612363998b.af1dde329812d/src/spacedatanetwork_astro/sds/REC
copying src/spacedatanetwork_astro/sds/REC/RFLModelParameter.py -> spacedatanetwork_astro-0.1.0.dev0+modules.e4612363998b.af1dde329812d/src/spacedatanetwork_astro/sds/REC
copying src/spacedatanetwork_astro/sds/REC/RFLObstruction.py -> spacedatanetwork_astro-0.1.0.dev0+modules.e4612363998b.af1dde329812d/src/spacedatanetwork_astro/sds/REC
copying src/spacedatanetwork_astro/sds/REC/RFLProvenance.py -> spacedatanetwork_astro-0.1.0.dev0+modules.e4612363998b.af1dde329812d/src/spacedatanetwork_astro/sds/REC
copying src/spacedatanetwork_astro/sds/REC/RFM.py -> spacedatanetwork_astro-0.1.0.dev0+modules.e4612363998b.af1dde329812d/src/spacedatanetwork_astro/sds/REC
copying src/spacedatanetwork_astro/sds/REC/RFMCoordinateSystem.py -> spacedatanetwork_astro-0.1.0.dev0+modules.e4612363998b.af1dde329812d/src/spacedatanetwork_astro/sds/REC
copying src/spacedatanetwork_astro/sds/REC/RFMCoordinateSystemWrapper.py -> spacedatanetwork_astro-0.1.0.dev0+modules.e4612363998b.af1dde329812d/src/spacedatanetwork_astro/sds/REC
copying src/spacedatanetwork_astro/sds/REC/RFMLocalAlignedConstrainedAxes.py -> spacedatanetwork_astro-0.1.0.dev0+modules.e4612363998b.af1dde329812d/src/spacedatanetwork_astro/sds/REC
copying src/spacedatanetwork_astro/sds/REC/RFMObjectReferencedAxes.py -> spacedatanetwork_astro-0.1.0.dev0+modules.e4612363998b.af1dde329812d/src/spacedatanetwork_astro/sds/REC
copying src/spacedatanetwork_astro/sds/REC/RFMOrigin.py -> spacedatanetwork_astro-0.1.0.dev0+modules.e4612363998b.af1dde329812d/src/spacedatanetwork_astro/sds/REC
copying src/spacedatanetwork_astro/sds/REC/RFMUnion.py -> spacedatanetwork_astro-0.1.0.dev0+modules.e4612363998b.af1dde329812d/src/spacedatanetwork_astro/sds/REC
copying src/spacedatanetwork_astro/sds/REC/RFO.py -> spacedatanetwork_astro-0.1.0.dev0+modules.e4612363998b.af1dde329812d/src/spacedatanetwork_astro/sds/REC
copying src/spacedatanetwork_astro/sds/REC/RFS.py -> spacedatanetwork_astro-0.1.0.dev0+modules.e4612363998b.af1dde329812d/src/spacedatanetwork_astro/sds/REC
copying src/spacedatanetwork_astro/sds/REC/RFSFrequencySample.py -> spacedatanetwork_astro-0.1.0.dev0+modules.e4612363998b.af1dde329812d/src/spacedatanetwork_astro/sds/REC
copying src/spacedatanetwork_astro/sds/REC/RFSGeometryRef.py -> spacedatanetwork_astro-0.1.0.dev0+modules.e4612363998b.af1dde329812d/src/spacedatanetwork_astro/sds/REC
copying src/spacedatanetwork_astro/sds/REC/RFSProvenance.py -> spacedatanetwork_astro-0.1.0.dev0+modules.e4612363998b.af1dde329812d/src/spacedatanetwork_astro/sds/REC
copying src/spacedatanetwork_astro/sds/REC/RFSReflectionEntry.py -> spacedatanetwork_astro-0.1.0.dev0+modules.e4612363998b.af1dde329812d/src/spacedatanetwork_astro/sds/REC
copying src/spacedatanetwork_astro/sds/REC/ROC.py -> spacedatanetwork_astro-0.1.0.dev0+modules.e4612363998b.af1dde329812d/src/spacedatanetwork_astro/sds/REC
copying src/spacedatanetwork_astro/sds/REC/RPT.py -> spacedatanetwork_astro-0.1.0.dev0+modules.e4612363998b.af1dde329812d/src/spacedatanetwork_astro/sds/REC
copying src/spacedatanetwork_astro/sds/REC/RSD.py -> spacedatanetwork_astro-0.1.0.dev0+modules.e4612363998b.af1dde329812d/src/spacedatanetwork_astro/sds/REC
copying src/spacedatanetwork_astro/sds/REC/RangefinderType.py -> spacedatanetwork_astro-0.1.0.dev0+modules.e4612363998b.af1dde329812d/src/spacedatanetwork_astro/sds/REC
copying src/spacedatanetwork_astro/sds/REC/RateBasisType.py -> spacedatanetwork_astro-0.1.0.dev0+modules.e4612363998b.af1dde329812d/src/spacedatanetwork_astro/sds/REC
copying src/spacedatanetwork_astro/sds/REC/RateInStream.py -> spacedatanetwork_astro-0.1.0.dev0+modules.e4612363998b.af1dde329812d/src/spacedatanetwork_astro/sds/REC
copying src/spacedatanetwork_astro/sds/REC/Record.py -> spacedatanetwork_astro-0.1.0.dev0+modules.e4612363998b.af1dde329812d/src/spacedatanetwork_astro/sds/REC
copying src/spacedatanetwork_astro/sds/REC/RecordType.py -> spacedatanetwork_astro-0.1.0.dev0+modules.e4612363998b.af1dde329812d/src/spacedatanetwork_astro/sds/REC
copying src/spacedatanetwork_astro/sds/REC/ReferenceFrame.py -> spacedatanetwork_astro-0.1.0.dev0+modules.e4612363998b.af1dde329812d/src/spacedatanetwork_astro/sds/REC
copying src/spacedatanetwork_astro/sds/REC/ReferenceLocationType.py -> spacedatanetwork_astro-0.1.0.dev0+modules.e4612363998b.af1dde329812d/src/spacedatanetwork_astro/sds/REC
copying src/spacedatanetwork_astro/sds/REC/RelativeTimeParameterType.py -> spacedatanetwork_astro-0.1.0.dev0+modules.e4612363998b.af1dde329812d/src/spacedatanetwork_astro/sds/REC
copying src/spacedatanetwork_astro/sds/REC/RepeatEntry.py -> spacedatanetwork_astro-0.1.0.dev0+modules.e4612363998b.af1dde329812d/src/spacedatanetwork_astro/sds/REC
copying src/spacedatanetwork_astro/sds/REC/RevenueSplit.py -> spacedatanetwork_astro-0.1.0.dev0+modules.e4612363998b.af1dde329812d/src/spacedatanetwork_astro/sds/REC
copying src/spacedatanetwork_astro/sds/REC/RotorFlags.py -> spacedatanetwork_astro-0.1.0.dev0+modules.e4612363998b.af1dde329812d/src/spacedatanetwork_astro/sds/REC
copying src/spacedatanetwork_astro/sds/REC/RotorType.py -> spacedatanetwork_astro-0.1.0.dev0+modules.e4612363998b.af1dde329812d/src/spacedatanetwork_astro/sds/REC
copying src/spacedatanetwork_astro/sds/REC/SAR.py -> spacedatanetwork_astro-0.1.0.dev0+modules.e4612363998b.af1dde329812d/src/spacedatanetwork_astro/sds/REC
copying src/spacedatanetwork_astro/sds/REC/SBM.py -> spacedatanetwork_astro-0.1.0.dev0+modules.e4612363998b.af1dde329812d/src/spacedatanetwork_astro/sds/REC
copying src/spacedatanetwork_astro/sds/REC/SCC.py -> spacedatanetwork_astro-0.1.0.dev0+modules.e4612363998b.af1dde329812d/src/spacedatanetwork_astro/sds/REC
copying src/spacedatanetwork_astro/sds/REC/SCCAssetPicker.py -> spacedatanetwork_astro-0.1.0.dev0+modules.e4612363998b.af1dde329812d/src/spacedatanetwork_astro/sds/REC
copying src/spacedatanetwork_astro/sds/REC/SCCReady.py -> spacedatanetwork_astro-0.1.0.dev0+modules.e4612363998b.af1dde329812d/src/spacedatanetwork_astro/sds/REC
copying src/spacedatanetwork_astro/sds/REC/SCCRequestState.py -> spacedatanetwork_astro-0.1.0.dev0+modules.e4612363998b.af1dde329812d/src/spacedatanetwork_astro/sds/REC
copying src/spacedatanetwork_astro/sds/REC/SCCStateResponse.py -> spacedatanetwork_astro-0.1.0.dev0+modules.e4612363998b.af1dde329812d/src/spacedatanetwork_astro/sds/REC
copying src/spacedatanetwork_astro/sds/REC/SCHEMA_STANDARD.py -> spacedatanetwork_astro-0.1.0.dev0+modules.e4612363998b.af1dde329812d/src/spacedatanetwork_astro/sds/REC
copying src/spacedatanetwork_astro/sds/REC/SCM.py -> spacedatanetwork_astro-0.1.0.dev0+modules.e4612363998b.af1dde329812d/src/spacedatanetwork_astro/sds/REC
copying src/spacedatanetwork_astro/sds/REC/SCN.py -> spacedatanetwork_astro-0.1.0.dev0+modules.e4612363998b.af1dde329812d/src/spacedatanetwork_astro/sds/REC
copying src/spacedatanetwork_astro/sds/REC/SCNAssetsChanged.py -> spacedatanetwork_astro-0.1.0.dev0+modules.e4612363998b.af1dde329812d/src/spacedatanetwork_astro/sds/REC
copying src/spacedatanetwork_astro/sds/REC/SCNEvent.py -> spacedatanetwork_astro-0.1.0.dev0+modules.e4612363998b.af1dde329812d/src/spacedatanetwork_astro/sds/REC
copying src/spacedatanetwork_astro/sds/REC/SCNExclusionZone.py -> spacedatanetwork_astro-0.1.0.dev0+modules.e4612363998b.af1dde329812d/src/spacedatanetwork_astro/sds/REC
copying src/spacedatanetwork_astro/sds/REC/SCNPointOfInterest.py -> spacedatanetwork_astro-0.1.0.dev0+modules.e4612363998b.af1dde329812d/src/spacedatanetwork_astro/sds/REC
copying src/spacedatanetwork_astro/sds/REC/SCNReference.py -> spacedatanetwork_astro-0.1.0.dev0+modules.e4612363998b.af1dde329812d/src/spacedatanetwork_astro/sds/REC
copying src/spacedatanetwork_astro/sds/REC/SCNSunAdvantageTarget.py -> spacedatanetwork_astro-0.1.0.dev0+modules.e4612363998b.af1dde329812d/src/spacedatanetwork_astro/sds/REC
copying src/spacedatanetwork_astro/sds/REC/SCNViewCone.py -> spacedatanetwork_astro-0.1.0.dev0+modules.e4612363998b.af1dde329812d/src/spacedatanetwork_astro/sds/REC
copying src/spacedatanetwork_astro/sds/REC/SCV.py -> spacedatanetwork_astro-0.1.0.dev0+modules.e4612363998b.af1dde329812d/src/spacedatanetwork_astro/sds/REC
copying src/spacedatanetwork_astro/sds/REC/SCVAggregateStatistics.py -> spacedatanetwork_astro-0.1.0.dev0+modules.e4612363998b.af1dde329812d/src/spacedatanetwork_astro/sds/REC
copying src/spacedatanetwork_astro/sds/REC/SCVCancel.py -> spacedatanetwork_astro-0.1.0.dev0+modules.e4612363998b.af1dde329812d/src/spacedatanetwork_astro/sds/REC
copying src/spacedatanetwork_astro/sds/REC/SCVCoverageGrid.py -> spacedatanetwork_astro-0.1.0.dev0+modules.e4612363998b.af1dde329812d/src/spacedatanetwork_astro/sds/REC
copying src/spacedatanetwork_astro/sds/REC/SCVCoverageRequest.py -> spacedatanetwork_astro-0.1.0.dev0+modules.e4612363998b.af1dde329812d/src/spacedatanetwork_astro/sds/REC
copying src/spacedatanetwork_astro/sds/REC/SCVEllipsoid.py -> spacedatanetwork_astro-0.1.0.dev0+modules.e4612363998b.af1dde329812d/src/spacedatanetwork_astro/sds/REC
copying src/spacedatanetwork_astro/sds/REC/SCVHistogramBin.py -> spacedatanetwork_astro-0.1.0.dev0+modules.e4612363998b.af1dde329812d/src/spacedatanetwork_astro/sds/REC
copying src/spacedatanetwork_astro/sds/REC/SCVMemoryRegion.py -> spacedatanetwork_astro-0.1.0.dev0+modules.e4612363998b.af1dde329812d/src/spacedatanetwork_astro/sds/REC
copying src/spacedatanetwork_astro/sds/REC/SCVPackedGeometryChunk.py -> spacedatanetwork_astro-0.1.0.dev0+modules.e4612363998b.af1dde329812d/src/spacedatanetwork_astro/sds/REC
copying src/spacedatanetwork_astro/sds/REC/SCVPackedRasterBand.py -> spacedatanetwork_astro-0.1.0.dev0+modules.e4612363998b.af1dde329812d/src/spacedatanetwork_astro/sds/REC
copying src/spacedatanetwork_astro/sds/REC/SCVPackedRasterProducts.py -> spacedatanetwork_astro-0.1.0.dev0+modules.e4612363998b.af1dde329812d/src/spacedatanetwork_astro/sds/REC
copying src/spacedatanetwork_astro/sds/REC/SCVProgress.py -> spacedatanetwork_astro-0.1.0.dev0+modules.e4612363998b.af1dde329812d/src/spacedatanetwork_astro/sds/REC
copying src/spacedatanetwork_astro/sds/REC/SCVResult.py -> spacedatanetwork_astro-0.1.0.dev0+modules.e4612363998b.af1dde329812d/src/spacedatanetwork_astro/sds/REC
copying src/spacedatanetwork_astro/sds/REC/SCVSensor.py -> spacedatanetwork_astro-0.1.0.dev0+modules.e4612363998b.af1dde329812d/src/spacedatanetwork_astro/sds/REC
copying src/spacedatanetwork_astro/sds/REC/SCVSensorContribution.py -> spacedatanetwork_astro-0.1.0.dev0+modules.e4612363998b.af1dde329812d/src/spacedatanetwork_astro/sds/REC
copying src/spacedatanetwork_astro/sds/REC/SCVSensorShapeContract.py -> spacedatanetwork_astro-0.1.0.dev0+modules.e4612363998b.af1dde329812d/src/spacedatanetwork_astro/sds/REC
copying src/spacedatanetwork_astro/sds/REC/SCVStateSample.py -> spacedatanetwork_astro-0.1.0.dev0+modules.e4612363998b.af1dde329812d/src/spacedatanetwork_astro/sds/REC
copying src/spacedatanetwork_astro/sds/REC/SCVSwathSegment.py -> spacedatanetwork_astro-0.1.0.dev0+modules.e4612363998b.af1dde329812d/src/spacedatanetwork_astro/sds/REC
copying src/spacedatanetwork_astro/sds/REC/SCVTarget.py -> spacedatanetwork_astro-0.1.0.dev0+modules.e4612363998b.af1dde329812d/src/spacedatanetwork_astro/sds/REC
copying src/spacedatanetwork_astro/sds/REC/SCVTargetResult.py -> spacedatanetwork_astro-0.1.0.dev0+modules.e4612363998b.af1dde329812d/src/spacedatanetwork_astro/sds/REC
copying src/spacedatanetwork_astro/sds/REC/SCVTargetStateSample.py -> spacedatanetwork_astro-0.1.0.dev0+modules.e4612363998b.af1dde329812d/src/spacedatanetwork_astro/sds/REC
copying src/spacedatanetwork_astro/sds/REC/SCVTimeGrid.py -> spacedatanetwork_astro-0.1.0.dev0+modules.e4612363998b.af1dde329812d/src/spacedatanetwork_astro/sds/REC
copying src/spacedatanetwork_astro/sds/REC/SCVVec3.py -> spacedatanetwork_astro-0.1.0.dev0+modules.e4612363998b.af1dde329812d/src/spacedatanetwork_astro/sds/REC
copying src/spacedatanetwork_astro/sds/REC/SCX.py -> spacedatanetwork_astro-0.1.0.dev0+modules.e4612363998b.af1dde329812d/src/spacedatanetwork_astro/sds/REC
copying src/spacedatanetwork_astro/sds/REC/SDF.py -> spacedatanetwork_astro-0.1.0.dev0+modules.e4612363998b.af1dde329812d/src/spacedatanetwork_astro/sds/REC
copying src/spacedatanetwork_astro/sds/REC/SDFBatchRequest.py -> spacedatanetwork_astro-0.1.0.dev0+modules.e4612363998b.af1dde329812d/src/spacedatanetwork_astro/sds/REC
copying src/spacedatanetwork_astro/sds/REC/SDFBatchResponse.py -> spacedatanetwork_astro-0.1.0.dev0+modules.e4612363998b.af1dde329812d/src/spacedatanetwork_astro/sds/REC
copying src/spacedatanetwork_astro/sds/REC/SDFComponent.py -> spacedatanetwork_astro-0.1.0.dev0+modules.e4612363998b.af1dde329812d/src/spacedatanetwork_astro/sds/REC
copying src/spacedatanetwork_astro/sds/REC/SDFComposition.py -> spacedatanetwork_astro-0.1.0.dev0+modules.e4612363998b.af1dde329812d/src/spacedatanetwork_astro/sds/REC
copying src/spacedatanetwork_astro/sds/REC/SDFConfig.py -> spacedatanetwork_astro-0.1.0.dev0+modules.e4612363998b.af1dde329812d/src/spacedatanetwork_astro/sds/REC
copying src/spacedatanetwork_astro/sds/REC/SDFConical.py -> spacedatanetwork_astro-0.1.0.dev0+modules.e4612363998b.af1dde329812d/src/spacedatanetwork_astro/sds/REC
copying src/spacedatanetwork_astro/sds/REC/SDFCustom.py -> spacedatanetwork_astro-0.1.0.dev0+modules.e4612363998b.af1dde329812d/src/spacedatanetwork_astro/sds/REC
copying src/spacedatanetwork_astro/sds/REC/SDFCylindrical.py -> spacedatanetwork_astro-0.1.0.dev0+modules.e4612363998b.af1dde329812d/src/spacedatanetwork_astro/sds/REC
copying src/spacedatanetwork_astro/sds/REC/SDFRectangular.py -> spacedatanetwork_astro-0.1.0.dev0+modules.e4612363998b.af1dde329812d/src/spacedatanetwork_astro/sds/REC
copying src/spacedatanetwork_astro/sds/REC/SDFSpherical.py -> spacedatanetwork_astro-0.1.0.dev0+modules.e4612363998b.af1dde329812d/src/spacedatanetwork_astro/sds/REC
copying src/spacedatanetwork_astro/sds/REC/SDL.py -> spacedatanetwork_astro-0.1.0.dev0+modules.e4612363998b.af1dde329812d/src/spacedatanetwork_astro/sds/REC
copying src/spacedatanetwork_astro/sds/REC/SDR.py -> spacedatanetwork_astro-0.1.0.dev0+modules.e4612363998b.af1dde329812d/src/spacedatanetwork_astro/sds/REC
copying src/spacedatanetwork_astro/sds/REC/SDRBatchRequest.py -> spacedatanetwork_astro-0.1.0.dev0+modules.e4612363998b.af1dde329812d/src/spacedatanetwork_astro/sds/REC
copying src/spacedatanetwork_astro/sds/REC/SDRBatchResponse.py -> spacedatanetwork_astro-0.1.0.dev0+modules.e4612363998b.af1dde329812d/src/spacedatanetwork_astro/sds/REC
copying src/spacedatanetwork_astro/sds/REC/SDRRadarConfig.py -> spacedatanetwork_astro-0.1.0.dev0+modules.e4612363998b.af1dde329812d/src/spacedatanetwork_astro/sds/REC
copying src/spacedatanetwork_astro/sds/REC/SDRSensorConfig.py -> spacedatanetwork_astro-0.1.0.dev0+modules.e4612363998b.af1dde329812d/src/spacedatanetwork_astro/sds/REC
copying src/spacedatanetwork_astro/sds/REC/SDRSingleInput.py -> spacedatanetwork_astro-0.1.0.dev0+modules.e4612363998b.af1dde329812d/src/spacedatanetwork_astro/sds/REC
copying src/spacedatanetwork_astro/sds/REC/SDRSingleResult.py -> spacedatanetwork_astro-0.1.0.dev0+modules.e4612363998b.af1dde329812d/src/spacedatanetwork_astro/sds/REC
copying src/spacedatanetwork_astro/sds/REC/SEN.py -> spacedatanetwork_astro-0.1.0.dev0+modules.e4612363998b.af1dde329812d/src/spacedatanetwork_astro/sds/REC
copying src/spacedatanetwork_astro/sds/REC/SEO.py -> spacedatanetwork_astro-0.1.0.dev0+modules.e4612363998b.af1dde329812d/src/spacedatanetwork_astro/sds/REC
copying src/spacedatanetwork_astro/sds/REC/SEV.py -> spacedatanetwork_astro-0.1.0.dev0+modules.e4612363998b.af1dde329812d/src/spacedatanetwork_astro/sds/REC
copying src/spacedatanetwork_astro/sds/REC/SHC.py -> spacedatanetwork_astro-0.1.0.dev0+modules.e4612363998b.af1dde329812d/src/spacedatanetwork_astro/sds/REC
copying src/spacedatanetwork_astro/sds/REC/SHCVariableTerm.py -> spacedatanetwork_astro-0.1.0.dev0+modules.e4612363998b.af1dde329812d/src/spacedatanetwork_astro/sds/REC
copying src/spacedatanetwork_astro/sds/REC/SHW.py -> spacedatanetwork_astro-0.1.0.dev0+modules.e4612363998b.af1dde329812d/src/spacedatanetwork_astro/sds/REC
copying src/spacedatanetwork_astro/sds/REC/SHWCompileRequest.py -> spacedatanetwork_astro-0.1.0.dev0+modules.e4612363998b.af1dde329812d/src/spacedatanetwork_astro/sds/REC
copying src/spacedatanetwork_astro/sds/REC/SHWCompileResponse.py -> spacedatanetwork_astro-0.1.0.dev0+modules.e4612363998b.af1dde329812d/src/spacedatanetwork_astro/sds/REC
copying src/spacedatanetwork_astro/sds/REC/SHWUniform.py -> spacedatanetwork_astro-0.1.0.dev0+modules.e4612363998b.af1dde329812d/src/spacedatanetwork_astro/sds/REC
copying src/spacedatanetwork_astro/sds/REC/SIT.py -> spacedatanetwork_astro-0.1.0.dev0+modules.e4612363998b.af1dde329812d/src/spacedatanetwork_astro/sds/REC
copying src/spacedatanetwork_astro/sds/REC/SKI.py -> spacedatanetwork_astro-0.1.0.dev0+modules.e4612363998b.af1dde329812d/src/spacedatanetwork_astro/sds/REC
copying src/spacedatanetwork_astro/sds/REC/SLP.py -> spacedatanetwork_astro-0.1.0.dev0+modules.e4612363998b.af1dde329812d/src/spacedatanetwork_astro/sds/REC
copying src/spacedatanetwork_astro/sds/REC/SLPAttestation.py -> spacedatanetwork_astro-0.1.0.dev0+modules.e4612363998b.af1dde329812d/src/spacedatanetwork_astro/sds/REC
copying src/spacedatanetwork_astro/sds/REC/SLPGoal.py -> spacedatanetwork_astro-0.1.0.dev0+modules.e4612363998b.af1dde329812d/src/spacedatanetwork_astro/sds/REC
copying src/spacedatanetwork_astro/sds/REC/SLPIteration.py -> spacedatanetwork_astro-0.1.0.dev0+modules.e4612363998b.af1dde329812d/src/spacedatanetwork_astro/sds/REC
copying src/spacedatanetwork_astro/sds/REC/SLPNonlinearConstraint.py -> spacedatanetwork_astro-0.1.0.dev0+modules.e4612363998b.af1dde329812d/src/spacedatanetwork_astro/sds/REC
copying src/spacedatanetwork_astro/sds/REC/SLPObjective.py -> spacedatanetwork_astro-0.1.0.dev0+modules.e4612363998b.af1dde329812d/src/spacedatanetwork_astro/sds/REC
copying src/spacedatanetwork_astro/sds/REC/SLPSolverReport.py -> spacedatanetwork_astro-0.1.0.dev0+modules.e4612363998b.af1dde329812d/src/spacedatanetwork_astro/sds/REC
copying src/spacedatanetwork_astro/sds/REC/SLPSolverSettings.py -> spacedatanetwork_astro-0.1.0.dev0+modules.e4612363998b.af1dde329812d/src/spacedatanetwork_astro/sds/REC
copying src/spacedatanetwork_astro/sds/REC/SLPVariable.py -> spacedatanetwork_astro-0.1.0.dev0+modules.e4612363998b.af1dde329812d/src/spacedatanetwork_astro/sds/REC
copying src/spacedatanetwork_astro/sds/REC/SNR.py -> spacedatanetwork_astro-0.1.0.dev0+modules.e4612363998b.af1dde329812d/src/spacedatanetwork_astro/sds/REC
copying src/spacedatanetwork_astro/sds/REC/SNW.py -> spacedatanetwork_astro-0.1.0.dev0+modules.e4612363998b.af1dde329812d/src/spacedatanetwork_astro/sds/REC
copying src/spacedatanetwork_astro/sds/REC/SNWBatchRequest.py -> spacedatanetwork_astro-0.1.0.dev0+modules.e4612363998b.af1dde329812d/src/spacedatanetwork_astro/sds/REC
copying src/spacedatanetwork_astro/sds/REC/SNWBatchResponse.py -> spacedatanetwork_astro-0.1.0.dev0+modules.e4612363998b.af1dde329812d/src/spacedatanetwork_astro/sds/REC
copying src/spacedatanetwork_astro/sds/REC/SOI.py -> spacedatanetwork_astro-0.1.0.dev0+modules.e4612363998b.af1dde329812d/src/spacedatanetwork_astro/sds/REC
copying src/spacedatanetwork_astro/sds/REC/SON.py -> spacedatanetwork_astro-0.1.0.dev0+modules.e4612363998b.af1dde329812d/src/spacedatanetwork_astro/sds/REC
copying src/spacedatanetwork_astro/sds/REC/SONPropagationModel.py -> spacedatanetwork_astro-0.1.0.dev0+modules.e4612363998b.af1dde329812d/src/spacedatanetwork_astro/sds/REC
copying src/spacedatanetwork_astro/sds/REC/SPP.py -> spacedatanetwork_astro-0.1.0.dev0+modules.e4612363998b.af1dde329812d/src/spacedatanetwork_astro/sds/REC
copying src/spacedatanetwork_astro/sds/REC/SPW.py -> spacedatanetwork_astro-0.1.0.dev0+modules.e4612363998b.af1dde329812d/src/spacedatanetwork_astro/sds/REC
copying src/spacedatanetwork_astro/sds/REC/SPWCOLLECTION.py -> spacedatanetwork_astro-0.1.0.dev0+modules.e4612363998b.af1dde329812d/src/spacedatanetwork_astro/sds/REC
copying src/spacedatanetwork_astro/sds/REC/SRI.py -> spacedatanetwork_astro-0.1.0.dev0+modules.e4612363998b.af1dde329812d/src/spacedatanetwork_astro/sds/REC
copying src/spacedatanetwork_astro/sds/REC/STAGE.py -> spacedatanetwork_astro-0.1.0.dev0+modules.e4612363998b.af1dde329812d/src/spacedatanetwork_astro/sds/REC
copying src/spacedatanetwork_astro/sds/REC/STF.py -> spacedatanetwork_astro-0.1.0.dev0+modules.e4612363998b.af1dde329812d/src/spacedatanetwork_astro/sds/REC
copying src/spacedatanetwork_astro/sds/REC/STO.py -> spacedatanetwork_astro-0.1.0.dev0+modules.e4612363998b.af1dde329812d/src/spacedatanetwork_astro/sds/REC
copying src/spacedatanetwork_astro/sds/REC/STOModuleRef.py -> spacedatanetwork_astro-0.1.0.dev0+modules.e4612363998b.af1dde329812d/src/spacedatanetwork_astro/sds/REC
copying src/spacedatanetwork_astro/sds/REC/STR.py -> spacedatanetwork_astro-0.1.0.dev0+modules.e4612363998b.af1dde329812d/src/spacedatanetwork_astro/sds/REC
copying src/spacedatanetwork_astro/sds/REC/STV.py -> spacedatanetwork_astro-0.1.0.dev0+modules.e4612363998b.af1dde329812d/src/spacedatanetwork_astro/sds/REC
copying src/spacedatanetwork_astro/sds/REC/STVReferenceFrame.py -> spacedatanetwork_astro-0.1.0.dev0+modules.e4612363998b.af1dde329812d/src/spacedatanetwork_astro/sds/REC
copying src/spacedatanetwork_astro/sds/REC/STX.py -> spacedatanetwork_astro-0.1.0.dev0+modules.e4612363998b.af1dde329812d/src/spacedatanetwork_astro/sds/REC
copying src/spacedatanetwork_astro/sds/REC/SUB.py -> spacedatanetwork_astro-0.1.0.dev0+modules.e4612363998b.af1dde329812d/src/spacedatanetwork_astro/sds/REC
copying src/spacedatanetwork_astro/sds/REC/SUSTAINER.py -> spacedatanetwork_astro-0.1.0.dev0+modules.e4612363998b.af1dde329812d/src/spacedatanetwork_astro/sds/REC
copying src/spacedatanetwork_astro/sds/REC/SWR.py -> spacedatanetwork_astro-0.1.0.dev0+modules.e4612363998b.af1dde329812d/src/spacedatanetwork_astro/sds/REC
copying src/spacedatanetwork_astro/sds/REC/Score.py -> spacedatanetwork_astro-0.1.0.dev0+modules.e4612363998b.af1dde329812d/src/spacedatanetwork_astro/sds/REC
copying src/spacedatanetwork_astro/sds/REC/ScoreType.py -> spacedatanetwork_astro-0.1.0.dev0+modules.e4612363998b.af1dde329812d/src/spacedatanetwork_astro/sds/REC
copying src/spacedatanetwork_astro/sds/REC/SeaState.py -> spacedatanetwork_astro-0.1.0.dev0+modules.e4612363998b.af1dde329812d/src/spacedatanetwork_astro/sds/REC
copying src/spacedatanetwork_astro/sds/REC/SeekerStatus.py -> spacedatanetwork_astro-0.1.0.dev0+modules.e4612363998b.af1dde329812d/src/spacedatanetwork_astro/sds/REC
copying src/spacedatanetwork_astro/sds/REC/SeekerType.py -> spacedatanetwork_astro-0.1.0.dev0+modules.e4612363998b.af1dde329812d/src/spacedatanetwork_astro/sds/REC
copying src/spacedatanetwork_astro/sds/REC/SensorMode.py -> spacedatanetwork_astro-0.1.0.dev0+modules.e4612363998b.af1dde329812d/src/spacedatanetwork_astro/sds/REC
copying src/spacedatanetwork_astro/sds/REC/SensorType.py -> spacedatanetwork_astro-0.1.0.dev0+modules.e4612363998b.af1dde329812d/src/spacedatanetwork_astro/sds/REC
copying src/spacedatanetwork_astro/sds/REC/SequenceContainer.py -> spacedatanetwork_astro-0.1.0.dev0+modules.e4612363998b.af1dde329812d/src/spacedatanetwork_astro/sds/REC
copying src/spacedatanetwork_astro/sds/REC/Service.py -> spacedatanetwork_astro-0.1.0.dev0+modules.e4612363998b.af1dde329812d/src/spacedatanetwork_astro/sds/REC
copying src/spacedatanetwork_astro/sds/REC/ServiceSet.py -> spacedatanetwork_astro-0.1.0.dev0+modules.e4612363998b.af1dde329812d/src/spacedatanetwork_astro/sds/REC
copying src/spacedatanetwork_astro/sds/REC/SimplePolarization.py -> spacedatanetwork_astro-0.1.0.dev0+modules.e4612363998b.af1dde329812d/src/spacedatanetwork_astro/sds/REC
copying src/spacedatanetwork_astro/sds/REC/SiteType.py -> spacedatanetwork_astro-0.1.0.dev0+modules.e4612363998b.af1dde329812d/src/spacedatanetwork_astro/sds/REC
copying src/spacedatanetwork_astro/sds/REC/SonarType.py -> spacedatanetwork_astro-0.1.0.dev0+modules.e4612363998b.af1dde329812d/src/spacedatanetwork_astro/sds/REC
copying src/spacedatanetwork_astro/sds/REC/SpacecraftFrame.py -> spacedatanetwork_astro-0.1.0.dev0+modules.e4612363998b.af1dde329812d/src/spacedatanetwork_astro/sds/REC
copying src/spacedatanetwork_astro/sds/REC/SpacecraftFrameWrapper.py -> spacedatanetwork_astro-0.1.0.dev0+modules.e4612363998b.af1dde329812d/src/spacedatanetwork_astro/sds/REC
copying src/spacedatanetwork_astro/sds/REC/SpatialCoverage.py -> spacedatanetwork_astro-0.1.0.dev0+modules.e4612363998b.af1dde329812d/src/spacedatanetwork_astro/sds/REC
copying src/spacedatanetwork_astro/sds/REC/SplineCalibrator.py -> spacedatanetwork_astro-0.1.0.dev0+modules.e4612363998b.af1dde329812d/src/spacedatanetwork_astro/sds/REC
copying src/spacedatanetwork_astro/sds/REC/SplinePoint.py -> spacedatanetwork_astro-0.1.0.dev0+modules.e4612363998b.af1dde329812d/src/spacedatanetwork_astro/sds/REC
copying src/spacedatanetwork_astro/sds/REC/SplitRecipient.py -> spacedatanetwork_astro-0.1.0.dev0+modules.e4612363998b.af1dde329812d/src/spacedatanetwork_astro/sds/REC
copying src/spacedatanetwork_astro/sds/REC/StateVector.py -> spacedatanetwork_astro-0.1.0.dev0+modules.e4612363998b.af1dde329812d/src/spacedatanetwork_astro/sds/REC
copying src/spacedatanetwork_astro/sds/REC/StaticAlarmRanges.py -> spacedatanetwork_astro-0.1.0.dev0+modules.e4612363998b.af1dde329812d/src/spacedatanetwork_astro/sds/REC
copying src/spacedatanetwork_astro/sds/REC/StokesParameters.py -> spacedatanetwork_astro-0.1.0.dev0+modules.e4612363998b.af1dde329812d/src/spacedatanetwork_astro/sds/REC
copying src/spacedatanetwork_astro/sds/REC/StreamSet.py -> spacedatanetwork_astro-0.1.0.dev0+modules.e4612363998b.af1dde329812d/src/spacedatanetwork_astro/sds/REC
copying src/spacedatanetwork_astro/sds/REC/StringArgumentType.py -> spacedatanetwork_astro-0.1.0.dev0+modules.e4612363998b.af1dde329812d/src/spacedatanetwork_astro/sds/REC
copying src/spacedatanetwork_astro/sds/REC/StringDataEncoding.py -> spacedatanetwork_astro-0.1.0.dev0+modules.e4612363998b.af1dde329812d/src/spacedatanetwork_astro/sds/REC
copying src/spacedatanetwork_astro/sds/REC/StringEncodingType.py -> spacedatanetwork_astro-0.1.0.dev0+modules.e4612363998b.af1dde329812d/src/spacedatanetwork_astro/sds/REC
copying src/spacedatanetwork_astro/sds/REC/StringParameterType.py -> spacedatanetwork_astro-0.1.0.dev0+modules.e4612363998b.af1dde329812d/src/spacedatanetwork_astro/sds/REC
copying src/spacedatanetwork_astro/sds/REC/StringSizeType.py -> spacedatanetwork_astro-0.1.0.dev0+modules.e4612363998b.af1dde329812d/src/spacedatanetwork_astro/sds/REC
copying src/spacedatanetwork_astro/sds/REC/SymmetricAlgo.py -> spacedatanetwork_astro-0.1.0.dev0+modules.e4612363998b.af1dde329812d/src/spacedatanetwork_astro/sds/REC
copying src/spacedatanetwork_astro/sds/REC/TAB.py -> spacedatanetwork_astro-0.1.0.dev0+modules.e4612363998b.af1dde329812d/src/spacedatanetwork_astro/sds/REC
copying src/spacedatanetwork_astro/sds/REC/TBS.py -> spacedatanetwork_astro-0.1.0.dev0+modules.e4612363998b.af1dde329812d/src/spacedatanetwork_astro/sds/REC
copying src/spacedatanetwork_astro/sds/REC/TBSConsensus.py -> spacedatanetwork_astro-0.1.0.dev0+modules.e4612363998b.af1dde329812d/src/spacedatanetwork_astro/sds/REC
copying src/spacedatanetwork_astro/sds/REC/TBSProvenance.py -> spacedatanetwork_astro-0.1.0.dev0+modules.e4612363998b.af1dde329812d/src/spacedatanetwork_astro/sds/REC
copying src/spacedatanetwork_astro/sds/REC/TCF.py -> spacedatanetwork_astro-0.1.0.dev0+modules.e4612363998b.af1dde329812d/src/spacedatanetwork_astro/sds/REC
copying src/spacedatanetwork_astro/sds/REC/TCT.py -> spacedatanetwork_astro-0.1.0.dev0+modules.e4612363998b.af1dde329812d/src/spacedatanetwork_astro/sds/REC
copying src/spacedatanetwork_astro/sds/REC/TCTPoint.py -> spacedatanetwork_astro-0.1.0.dev0+modules.e4612363998b.af1dde329812d/src/spacedatanetwork_astro/sds/REC
copying src/spacedatanetwork_astro/sds/REC/TCTRadii.py -> spacedatanetwork_astro-0.1.0.dev0+modules.e4612363998b.af1dde329812d/src/spacedatanetwork_astro/sds/REC
copying src/spacedatanetwork_astro/sds/REC/TDM.py -> spacedatanetwork_astro-0.1.0.dev0+modules.e4612363998b.af1dde329812d/src/spacedatanetwork_astro/sds/REC
copying src/spacedatanetwork_astro/sds/REC/TDMObservation.py -> spacedatanetwork_astro-0.1.0.dev0+modules.e4612363998b.af1dde329812d/src/spacedatanetwork_astro/sds/REC
copying src/spacedatanetwork_astro/sds/REC/TDMSegment.py -> spacedatanetwork_astro-0.1.0.dev0+modules.e4612363998b.af1dde329812d/src/spacedatanetwork_astro/sds/REC
copying src/spacedatanetwork_astro/sds/REC/TDMTransmitRamp.py -> spacedatanetwork_astro-0.1.0.dev0+modules.e4612363998b.af1dde329812d/src/spacedatanetwork_astro/sds/REC
copying src/spacedatanetwork_astro/sds/REC/TFN.py -> spacedatanetwork_astro-0.1.0.dev0+modules.e4612363998b.af1dde329812d/src/spacedatanetwork_astro/sds/REC
copying src/spacedatanetwork_astro/sds/REC/TFNDesignator.py -> spacedatanetwork_astro-0.1.0.dev0+modules.e4612363998b.af1dde329812d/src/spacedatanetwork_astro/sds/REC
copying src/spacedatanetwork_astro/sds/REC/TFNOperatingSurface.py -> spacedatanetwork_astro-0.1.0.dev0+modules.e4612363998b.af1dde329812d/src/spacedatanetwork_astro/sds/REC
copying src/spacedatanetwork_astro/sds/REC/TFNProvenance.py -> spacedatanetwork_astro-0.1.0.dev0+modules.e4612363998b.af1dde329812d/src/spacedatanetwork_astro/sds/REC
copying src/spacedatanetwork_astro/sds/REC/TIM.py -> spacedatanetwork_astro-0.1.0.dev0+modules.e4612363998b.af1dde329812d/src/spacedatanetwork_astro/sds/REC
copying src/spacedatanetwork_astro/sds/REC/TIMCcsdsTimeCode.py -> spacedatanetwork_astro-0.1.0.dev0+modules.e4612363998b.af1dde329812d/src/spacedatanetwork_astro/sds/REC
copying src/spacedatanetwork_astro/sds/REC/TIMConversionRequest.py -> spacedatanetwork_astro-0.1.0.dev0+modules.e4612363998b.af1dde329812d/src/spacedatanetwork_astro/sds/REC
copying src/spacedatanetwork_astro/sds/REC/TIMConversionResult.py -> spacedatanetwork_astro-0.1.0.dev0+modules.e4612363998b.af1dde329812d/src/spacedatanetwork_astro/sds/REC
copying src/spacedatanetwork_astro/sds/REC/TIMInstant.py -> spacedatanetwork_astro-0.1.0.dev0+modules.e4612363998b.af1dde329812d/src/spacedatanetwork_astro/sds/REC
copying src/spacedatanetwork_astro/sds/REC/TKG.py -> spacedatanetwork_astro-0.1.0.dev0+modules.e4612363998b.af1dde329812d/src/spacedatanetwork_astro/sds/REC
copying src/spacedatanetwork_astro/sds/REC/TME.py -> spacedatanetwork_astro-0.1.0.dev0+modules.e4612363998b.af1dde329812d/src/spacedatanetwork_astro/sds/REC
copying src/spacedatanetwork_astro/sds/REC/TMF.py -> spacedatanetwork_astro-0.1.0.dev0+modules.e4612363998b.af1dde329812d/src/spacedatanetwork_astro/sds/REC
copying src/spacedatanetwork_astro/sds/REC/TMS.py -> spacedatanetwork_astro-0.1.0.dev0+modules.e4612363998b.af1dde329812d/src/spacedatanetwork_astro/sds/REC
copying src/spacedatanetwork_astro/sds/REC/TMSIdentifier.py -> spacedatanetwork_astro-0.1.0.dev0+modules.e4612363998b.af1dde329812d/src/spacedatanetwork_astro/sds/REC
copying src/spacedatanetwork_astro/sds/REC/TMSModelParameter.py -> spacedatanetwork_astro-0.1.0.dev0+modules.e4612363998b.af1dde329812d/src/spacedatanetwork_astro/sds/REC
copying src/spacedatanetwork_astro/sds/REC/TMSProvenance.py -> spacedatanetwork_astro-0.1.0.dev0+modules.e4612363998b.af1dde329812d/src/spacedatanetwork_astro/sds/REC
copying src/spacedatanetwork_astro/sds/REC/TNR.py -> spacedatanetwork_astro-0.1.0.dev0+modules.e4612363998b.af1dde329812d/src/spacedatanetwork_astro/sds/REC
copying src/spacedatanetwork_astro/sds/REC/TPN.py -> spacedatanetwork_astro-0.1.0.dev0+modules.e4612363998b.af1dde329812d/src/spacedatanetwork_astro/sds/REC
copying src/spacedatanetwork_astro/sds/REC/TRE.py -> spacedatanetwork_astro-0.1.0.dev0+modules.e4612363998b.af1dde329812d/src/spacedatanetwork_astro/sds/REC
copying src/spacedatanetwork_astro/sds/REC/TRH.py -> spacedatanetwork_astro-0.1.0.dev0+modules.e4612363998b.af1dde329812d/src/spacedatanetwork_astro/sds/REC
copying src/spacedatanetwork_astro/sds/REC/TRHAntenna.py -> spacedatanetwork_astro-0.1.0.dev0+modules.e4612363998b.af1dde329812d/src/spacedatanetwork_astro/sds/REC
copying src/spacedatanetwork_astro/sds/REC/TRHAttestation.py -> spacedatanetwork_astro-0.1.0.dev0+modules.e4612363998b.af1dde329812d/src/spacedatanetwork_astro/sds/REC
copying src/spacedatanetwork_astro/sds/REC/TRHHardwareRef.py -> spacedatanetwork_astro-0.1.0.dev0+modules.e4612363998b.af1dde329812d/src/spacedatanetwork_astro/sds/REC
copying src/spacedatanetwork_astro/sds/REC/TRHInstallation.py -> spacedatanetwork_astro-0.1.0.dev0+modules.e4612363998b.af1dde329812d/src/spacedatanetwork_astro/sds/REC
copying src/spacedatanetwork_astro/sds/REC/TRHReceiver.py -> spacedatanetwork_astro-0.1.0.dev0+modules.e4612363998b.af1dde329812d/src/spacedatanetwork_astro/sds/REC
copying src/spacedatanetwork_astro/sds/REC/TRHTransmitter.py -> spacedatanetwork_astro-0.1.0.dev0+modules.e4612363998b.af1dde329812d/src/spacedatanetwork_astro/sds/REC
copying src/spacedatanetwork_astro/sds/REC/TRHTransponder.py -> spacedatanetwork_astro-0.1.0.dev0+modules.e4612363998b.af1dde329812d/src/spacedatanetwork_astro/sds/REC
copying src/spacedatanetwork_astro/sds/REC/TRK.py -> spacedatanetwork_astro-0.1.0.dev0+modules.e4612363998b.af1dde329812d/src/spacedatanetwork_astro/sds/REC
copying src/spacedatanetwork_astro/sds/REC/TRN.py -> spacedatanetwork_astro-0.1.0.dev0+modules.e4612363998b.af1dde329812d/src/spacedatanetwork_astro/sds/REC
copying src/spacedatanetwork_astro/sds/REC/TRP.py -> spacedatanetwork_astro-0.1.0.dev0+modules.e4612363998b.af1dde329812d/src/spacedatanetwork_astro/sds/REC
copying src/spacedatanetwork_astro/sds/REC/TRPAsset.py -> spacedatanetwork_astro-0.1.0.dev0+modules.e4612363998b.af1dde329812d/src/spacedatanetwork_astro/sds/REC
copying src/spacedatanetwork_astro/sds/REC/TRPGroup.py -> spacedatanetwork_astro-0.1.0.dev0+modules.e4612363998b.af1dde329812d/src/spacedatanetwork_astro/sds/REC
copying src/spacedatanetwork_astro/sds/REC/TRPPredicate.py -> spacedatanetwork_astro-0.1.0.dev0+modules.e4612363998b.af1dde329812d/src/spacedatanetwork_astro/sds/REC
copying src/spacedatanetwork_astro/sds/REC/TRS.py -> spacedatanetwork_astro-0.1.0.dev0+modules.e4612363998b.af1dde329812d/src/spacedatanetwork_astro/sds/REC
copying src/spacedatanetwork_astro/sds/REC/TRSRequest.py -> spacedatanetwork_astro-0.1.0.dev0+modules.e4612363998b.af1dde329812d/src/spacedatanetwork_astro/sds/REC
copying src/spacedatanetwork_astro/sds/REC/TRSResult.py -> spacedatanetwork_astro-0.1.0.dev0+modules.e4612363998b.af1dde329812d/src/spacedatanetwork_astro/sds/REC
copying src/spacedatanetwork_astro/sds/REC/TRV.py -> spacedatanetwork_astro-0.1.0.dev0+modules.e4612363998b.af1dde329812d/src/spacedatanetwork_astro/sds/REC
copying src/spacedatanetwork_astro/sds/REC/TRVBondEvidence.py -> spacedatanetwork_astro-0.1.0.dev0+modules.e4612363998b.af1dde329812d/src/spacedatanetwork_astro/sds/REC
copying src/spacedatanetwork_astro/sds/REC/TRVPredicateResult.py -> spacedatanetwork_astro-0.1.0.dev0+modules.e4612363998b.af1dde329812d/src/spacedatanetwork_astro/sds/REC
copying src/spacedatanetwork_astro/sds/REC/TXS.py -> spacedatanetwork_astro-0.1.0.dev0+modules.e4612363998b.af1dde329812d/src/spacedatanetwork_astro/sds/REC
copying src/spacedatanetwork_astro/sds/REC/TXSConsensus.py -> spacedatanetwork_astro-0.1.0.dev0+modules.e4612363998b.af1dde329812d/src/spacedatanetwork_astro/sds/REC
copying src/spacedatanetwork_astro/sds/REC/TXSEmission.py -> spacedatanetwork_astro-0.1.0.dev0+modules.e4612363998b.af1dde329812d/src/spacedatanetwork_astro/sds/REC
copying src/spacedatanetwork_astro/sds/REC/TXSPriorPosition.py -> spacedatanetwork_astro-0.1.0.dev0+modules.e4612363998b.af1dde329812d/src/spacedatanetwork_astro/sds/REC
copying src/spacedatanetwork_astro/sds/REC/TXSProvenance.py -> spacedatanetwork_astro-0.1.0.dev0+modules.e4612363998b.af1dde329812d/src/spacedatanetwork_astro/sds/REC
copying src/spacedatanetwork_astro/sds/REC/TargetType.py -> spacedatanetwork_astro-0.1.0.dev0+modules.e4612363998b.af1dde329812d/src/spacedatanetwork_astro/sds/REC
copying src/spacedatanetwork_astro/sds/REC/TelemetryMetaData.py -> spacedatanetwork_astro-0.1.0.dev0+modules.e4612363998b.af1dde329812d/src/spacedatanetwork_astro/sds/REC
copying src/spacedatanetwork_astro/sds/REC/TemporalCoverage.py -> spacedatanetwork_astro-0.1.0.dev0+modules.e4612363998b.af1dde329812d/src/spacedatanetwork_astro/sds/REC
copying src/spacedatanetwork_astro/sds/REC/TerrainDataSource.py -> spacedatanetwork_astro-0.1.0.dev0+modules.e4612363998b.af1dde329812d/src/spacedatanetwork_astro/sds/REC
copying src/spacedatanetwork_astro/sds/REC/TerrainInterpolation.py -> spacedatanetwork_astro-0.1.0.dev0+modules.e4612363998b.af1dde329812d/src/spacedatanetwork_astro/sds/REC
copying src/spacedatanetwork_astro/sds/REC/TerrainType.py -> spacedatanetwork_astro-0.1.0.dev0+modules.e4612363998b.af1dde329812d/src/spacedatanetwork_astro/sds/REC
copying src/spacedatanetwork_astro/sds/REC/ThreatCategory.py -> spacedatanetwork_astro-0.1.0.dev0+modules.e4612363998b.af1dde329812d/src/spacedatanetwork_astro/sds/REC
copying src/spacedatanetwork_astro/sds/REC/TimeReference.py -> spacedatanetwork_astro-0.1.0.dev0+modules.e4612363998b.af1dde329812d/src/spacedatanetwork_astro/sds/REC
copying src/spacedatanetwork_astro/sds/REC/TimeScale.py -> spacedatanetwork_astro-0.1.0.dev0+modules.e4612363998b.af1dde329812d/src/spacedatanetwork_astro/sds/REC
copying src/spacedatanetwork_astro/sds/REC/TimeWindowRefType.py -> spacedatanetwork_astro-0.1.0.dev0+modules.e4612363998b.af1dde329812d/src/spacedatanetwork_astro/sds/REC
copying src/spacedatanetwork_astro/sds/REC/TkgTrackStatus.py -> spacedatanetwork_astro-0.1.0.dev0+modules.e4612363998b.af1dde329812d/src/spacedatanetwork_astro/sds/REC
copying src/spacedatanetwork_astro/sds/REC/TorpedoGuidanceMode.py -> spacedatanetwork_astro-0.1.0.dev0+modules.e4612363998b.af1dde329812d/src/spacedatanetwork_astro/sds/REC
copying src/spacedatanetwork_astro/sds/REC/TrackQuality.py -> spacedatanetwork_astro-0.1.0.dev0+modules.e4612363998b.af1dde329812d/src/spacedatanetwork_astro/sds/REC
copying src/spacedatanetwork_astro/sds/REC/TrkTrackStatus.py -> spacedatanetwork_astro-0.1.0.dev0+modules.e4612363998b.af1dde329812d/src/spacedatanetwork_astro/sds/REC
copying src/spacedatanetwork_astro/sds/REC/USR.py -> spacedatanetwork_astro-0.1.0.dev0+modules.e4612363998b.af1dde329812d/src/spacedatanetwork_astro/sds/REC
copying src/spacedatanetwork_astro/sds/REC/Unit.py -> spacedatanetwork_astro-0.1.0.dev0+modules.e4612363998b.af1dde329812d/src/spacedatanetwork_astro/sds/REC
copying src/spacedatanetwork_astro/sds/REC/UserDefinedParameters.py -> spacedatanetwork_astro-0.1.0.dev0+modules.e4612363998b.af1dde329812d/src/spacedatanetwork_astro/sds/REC
copying src/spacedatanetwork_astro/sds/REC/VAM.py -> spacedatanetwork_astro-0.1.0.dev0+modules.e4612363998b.af1dde329812d/src/spacedatanetwork_astro/sds/REC
copying src/spacedatanetwork_astro/sds/REC/VAMAnnotation.py -> spacedatanetwork_astro-0.1.0.dev0+modules.e4612363998b.af1dde329812d/src/spacedatanetwork_astro/sds/REC
copying src/spacedatanetwork_astro/sds/REC/VAMApprovedAlternate.py -> spacedatanetwork_astro-0.1.0.dev0+modules.e4612363998b.af1dde329812d/src/spacedatanetwork_astro/sds/REC
copying src/spacedatanetwork_astro/sds/REC/VAMMetadataOnlyReview.py -> spacedatanetwork_astro-0.1.0.dev0+modules.e4612363998b.af1dde329812d/src/spacedatanetwork_astro/sds/REC
copying src/spacedatanetwork_astro/sds/REC/VAMMetrics.py -> spacedatanetwork_astro-0.1.0.dev0+modules.e4612363998b.af1dde329812d/src/spacedatanetwork_astro/sds/REC
copying src/spacedatanetwork_astro/sds/REC/VAMQualityDimension.py -> spacedatanetwork_astro-0.1.0.dev0+modules.e4612363998b.af1dde329812d/src/spacedatanetwork_astro/sds/REC
copying src/spacedatanetwork_astro/sds/REC/VAMQuaternion.py -> spacedatanetwork_astro-0.1.0.dev0+modules.e4612363998b.af1dde329812d/src/spacedatanetwork_astro/sds/REC
copying src/spacedatanetwork_astro/sds/REC/VAMReview.py -> spacedatanetwork_astro-0.1.0.dev0+modules.e4612363998b.af1dde329812d/src/spacedatanetwork_astro/sds/REC
copying src/spacedatanetwork_astro/sds/REC/VAMScale3.py -> spacedatanetwork_astro-0.1.0.dev0+modules.e4612363998b.af1dde329812d/src/spacedatanetwork_astro/sds/REC
copying src/spacedatanetwork_astro/sds/REC/VAMSource.py -> spacedatanetwork_astro-0.1.0.dev0+modules.e4612363998b.af1dde329812d/src/spacedatanetwork_astro/sds/REC
copying src/spacedatanetwork_astro/sds/REC/VAMTransform.py -> spacedatanetwork_astro-0.1.0.dev0+modules.e4612363998b.af1dde329812d/src/spacedatanetwork_astro/sds/REC
copying src/spacedatanetwork_astro/sds/REC/VAMValidation.py -> spacedatanetwork_astro-0.1.0.dev0+modules.e4612363998b.af1dde329812d/src/spacedatanetwork_astro/sds/REC
copying src/spacedatanetwork_astro/sds/REC/VAMVariant.py -> spacedatanetwork_astro-0.1.0.dev0+modules.e4612363998b.af1dde329812d/src/spacedatanetwork_astro/sds/REC
copying src/spacedatanetwork_astro/sds/REC/VAMVector3.py -> spacedatanetwork_astro-0.1.0.dev0+modules.e4612363998b.af1dde329812d/src/spacedatanetwork_astro/sds/REC
copying src/spacedatanetwork_astro/sds/REC/VCF.py -> spacedatanetwork_astro-0.1.0.dev0+modules.e4612363998b.af1dde329812d/src/spacedatanetwork_astro/sds/REC
copying src/spacedatanetwork_astro/sds/REC/VCFAlias.py -> spacedatanetwork_astro-0.1.0.dev0+modules.e4612363998b.af1dde329812d/src/spacedatanetwork_astro/sds/REC
copying src/spacedatanetwork_astro/sds/REC/VCFConformance.py -> spacedatanetwork_astro-0.1.0.dev0+modules.e4612363998b.af1dde329812d/src/spacedatanetwork_astro/sds/REC
copying src/spacedatanetwork_astro/sds/REC/VCFProperty.py -> spacedatanetwork_astro-0.1.0.dev0+modules.e4612363998b.af1dde329812d/src/spacedatanetwork_astro/sds/REC
copying src/spacedatanetwork_astro/sds/REC/VCFSubject.py -> spacedatanetwork_astro-0.1.0.dev0+modules.e4612363998b.af1dde329812d/src/spacedatanetwork_astro/sds/REC
copying src/spacedatanetwork_astro/sds/REC/VCM.py -> spacedatanetwork_astro-0.1.0.dev0+modules.e4612363998b.af1dde329812d/src/spacedatanetwork_astro/sds/REC
copying src/spacedatanetwork_astro/sds/REC/VCMAtmosphericModelData.py -> spacedatanetwork_astro-0.1.0.dev0+modules.e4612363998b.af1dde329812d/src/spacedatanetwork_astro/sds/REC
copying src/spacedatanetwork_astro/sds/REC/VCMStateVector.py -> spacedatanetwork_astro-0.1.0.dev0+modules.e4612363998b.af1dde329812d/src/spacedatanetwork_astro/sds/REC
copying src/spacedatanetwork_astro/sds/REC/VEP.py -> spacedatanetwork_astro-0.1.0.dev0+modules.e4612363998b.af1dde329812d/src/spacedatanetwork_astro/sds/REC
copying src/spacedatanetwork_astro/sds/REC/VEPPerformancePoint.py -> spacedatanetwork_astro-0.1.0.dev0+modules.e4612363998b.af1dde329812d/src/spacedatanetwork_astro/sds/REC
copying src/spacedatanetwork_astro/sds/REC/VEPProvenance.py -> spacedatanetwork_astro-0.1.0.dev0+modules.e4612363998b.af1dde329812d/src/spacedatanetwork_astro/sds/REC
copying src/spacedatanetwork_astro/sds/REC/VEPReplenishment.py -> spacedatanetwork_astro-0.1.0.dev0+modules.e4612363998b.af1dde329812d/src/spacedatanetwork_astro/sds/REC
copying src/spacedatanetwork_astro/sds/REC/VST.py -> spacedatanetwork_astro-0.1.0.dev0+modules.e4612363998b.af1dde329812d/src/spacedatanetwork_astro/sds/REC
copying src/spacedatanetwork_astro/sds/REC/VSTCameraOptions.py -> spacedatanetwork_astro-0.1.0.dev0+modules.e4612363998b.af1dde329812d/src/spacedatanetwork_astro/sds/REC
copying src/spacedatanetwork_astro/sds/REC/VSTCameraRotation.py -> spacedatanetwork_astro-0.1.0.dev0+modules.e4612363998b.af1dde329812d/src/spacedatanetwork_astro/sds/REC
copying src/spacedatanetwork_astro/sds/REC/VSTDisplaySettings.py -> spacedatanetwork_astro-0.1.0.dev0+modules.e4612363998b.af1dde329812d/src/spacedatanetwork_astro/sds/REC
copying src/spacedatanetwork_astro/sds/REC/VariableFrameStream.py -> spacedatanetwork_astro-0.1.0.dev0+modules.e4612363998b.af1dde329812d/src/spacedatanetwork_astro/sds/REC
copying src/spacedatanetwork_astro/sds/REC/VehicleType.py -> spacedatanetwork_astro-0.1.0.dev0+modules.e4612363998b.af1dde329812d/src/spacedatanetwork_astro/sds/REC
copying src/spacedatanetwork_astro/sds/REC/VerifierType.py -> spacedatanetwork_astro-0.1.0.dev0+modules.e4612363998b.af1dde329812d/src/spacedatanetwork_astro/sds/REC
copying src/spacedatanetwork_astro/sds/REC/VesselType.py -> spacedatanetwork_astro-0.1.0.dev0+modules.e4612363998b.af1dde329812d/src/spacedatanetwork_astro/sds/REC
copying src/spacedatanetwork_astro/sds/REC/WKS.py -> spacedatanetwork_astro-0.1.0.dev0+modules.e4612363998b.af1dde329812d/src/spacedatanetwork_astro/sds/REC
copying src/spacedatanetwork_astro/sds/REC/WKSQuery.py -> spacedatanetwork_astro-0.1.0.dev0+modules.e4612363998b.af1dde329812d/src/spacedatanetwork_astro/sds/REC
copying src/spacedatanetwork_astro/sds/REC/WPN.py -> spacedatanetwork_astro-0.1.0.dev0+modules.e4612363998b.af1dde329812d/src/spacedatanetwork_astro/sds/REC
copying src/spacedatanetwork_astro/sds/REC/WTH.py -> spacedatanetwork_astro-0.1.0.dev0+modules.e4612363998b.af1dde329812d/src/spacedatanetwork_astro/sds/REC
copying src/spacedatanetwork_astro/sds/REC/WXF.py -> spacedatanetwork_astro-0.1.0.dev0+modules.e4612363998b.af1dde329812d/src/spacedatanetwork_astro/sds/REC
copying src/spacedatanetwork_astro/sds/REC/WXFGrid.py -> spacedatanetwork_astro-0.1.0.dev0+modules.e4612363998b.af1dde329812d/src/spacedatanetwork_astro/sds/REC
copying src/spacedatanetwork_astro/sds/REC/WaveformType.py -> spacedatanetwork_astro-0.1.0.dev0+modules.e4612363998b.af1dde329812d/src/spacedatanetwork_astro/sds/REC
copying src/spacedatanetwork_astro/sds/REC/WeaponType.py -> spacedatanetwork_astro-0.1.0.dev0+modules.e4612363998b.af1dde329812d/src/spacedatanetwork_astro/sds/REC
copying src/spacedatanetwork_astro/sds/REC/WeatherCondition.py -> spacedatanetwork_astro-0.1.0.dev0+modules.e4612363998b.af1dde329812d/src/spacedatanetwork_astro/sds/REC
copying src/spacedatanetwork_astro/sds/REC/XTC.py -> spacedatanetwork_astro-0.1.0.dev0+modules.e4612363998b.af1dde329812d/src/spacedatanetwork_astro/sds/REC
copying src/spacedatanetwork_astro/sds/REC/XTCHeader.py -> spacedatanetwork_astro-0.1.0.dev0+modules.e4612363998b.af1dde329812d/src/spacedatanetwork_astro/sds/REC
copying src/spacedatanetwork_astro/sds/REC/__init__.py -> spacedatanetwork_astro-0.1.0.dev0+modules.e4612363998b.af1dde329812d/src/spacedatanetwork_astro/sds/REC
copying src/spacedatanetwork_astro/sds/REC/accessCategory.py -> spacedatanetwork_astro-0.1.0.dev0+modules.e4612363998b.af1dde329812d/src/spacedatanetwork_astro/sds/REC
copying src/spacedatanetwork_astro/sds/REC/aciHandoverKind.py -> spacedatanetwork_astro-0.1.0.dev0+modules.e4612363998b.af1dde329812d/src/spacedatanetwork_astro/sds/REC
copying src/spacedatanetwork_astro/sds/REC/aciIntervalKind.py -> spacedatanetwork_astro-0.1.0.dev0+modules.e4612363998b.af1dde329812d/src/spacedatanetwork_astro/sds/REC
copying src/spacedatanetwork_astro/sds/REC/actKind.py -> spacedatanetwork_astro-0.1.0.dev0+modules.e4612363998b.af1dde329812d/src/spacedatanetwork_astro/sds/REC
copying src/spacedatanetwork_astro/sds/REC/acwOperationCode.py -> spacedatanetwork_astro-0.1.0.dev0+modules.e4612363998b.af1dde329812d/src/spacedatanetwork_astro/sds/REC
copying src/spacedatanetwork_astro/sds/REC/acwRefractionModelKind.py -> spacedatanetwork_astro-0.1.0.dev0+modules.e4612363998b.af1dde329812d/src/spacedatanetwork_astro/sds/REC
copying src/spacedatanetwork_astro/sds/REC/acwResultStatus.py -> spacedatanetwork_astro-0.1.0.dev0+modules.e4612363998b.af1dde329812d/src/spacedatanetwork_astro/sds/REC
copying src/spacedatanetwork_astro/sds/REC/agrKind.py -> spacedatanetwork_astro-0.1.0.dev0+modules.e4612363998b.af1dde329812d/src/spacedatanetwork_astro/sds/REC
copying src/spacedatanetwork_astro/sds/REC/analyticProfile.py -> spacedatanetwork_astro-0.1.0.dev0+modules.e4612363998b.af1dde329812d/src/spacedatanetwork_astro/sds/REC
copying src/spacedatanetwork_astro/sds/REC/anomalyConvention.py -> spacedatanetwork_astro-0.1.0.dev0+modules.e4612363998b.af1dde329812d/src/spacedatanetwork_astro/sds/REC
copying src/spacedatanetwork_astro/sds/REC/aouCategory.py -> spacedatanetwork_astro-0.1.0.dev0+modules.e4612363998b.af1dde329812d/src/spacedatanetwork_astro/sds/REC
copying src/spacedatanetwork_astro/sds/REC/aouReportType.py -> spacedatanetwork_astro-0.1.0.dev0+modules.e4612363998b.af1dde329812d/src/spacedatanetwork_astro/sds/REC
copying src/spacedatanetwork_astro/sds/REC/appContentEncoding.py -> spacedatanetwork_astro-0.1.0.dev0+modules.e4612363998b.af1dde329812d/src/spacedatanetwork_astro/sds/REC
copying src/spacedatanetwork_astro/sds/REC/appDataDirection.py -> spacedatanetwork_astro-0.1.0.dev0+modules.e4612363998b.af1dde329812d/src/spacedatanetwork_astro/sds/REC
copying src/spacedatanetwork_astro/sds/REC/appFlowDirection.py -> spacedatanetwork_astro-0.1.0.dev0+modules.e4612363998b.af1dde329812d/src/spacedatanetwork_astro/sds/REC
copying src/spacedatanetwork_astro/sds/REC/appFlowTransport.py -> spacedatanetwork_astro-0.1.0.dev0+modules.e4612363998b.af1dde329812d/src/spacedatanetwork_astro/sds/REC
copying src/spacedatanetwork_astro/sds/REC/appRuntimeTarget.py -> spacedatanetwork_astro-0.1.0.dev0+modules.e4612363998b.af1dde329812d/src/spacedatanetwork_astro/sds/REC
copying src/spacedatanetwork_astro/sds/REC/appSourceKind.py -> spacedatanetwork_astro-0.1.0.dev0+modules.e4612363998b.af1dde329812d/src/spacedatanetwork_astro/sds/REC
copying src/spacedatanetwork_astro/sds/REC/assetCatalogTab.py -> spacedatanetwork_astro-0.1.0.dev0+modules.e4612363998b.af1dde329812d/src/spacedatanetwork_astro/sds/REC
copying src/spacedatanetwork_astro/sds/REC/atmosphericSource.py -> spacedatanetwork_astro-0.1.0.dev0+modules.e4612363998b.af1dde329812d/src/spacedatanetwork_astro/sds/REC
copying src/spacedatanetwork_astro/sds/REC/attCovType.py -> spacedatanetwork_astro-0.1.0.dev0+modules.e4612363998b.af1dde329812d/src/spacedatanetwork_astro/sds/REC
copying src/spacedatanetwork_astro/sds/REC/attCovariance.py -> spacedatanetwork_astro-0.1.0.dev0+modules.e4612363998b.af1dde329812d/src/spacedatanetwork_astro/sds/REC
copying src/spacedatanetwork_astro/sds/REC/attManeuver.py -> spacedatanetwork_astro-0.1.0.dev0+modules.e4612363998b.af1dde329812d/src/spacedatanetwork_astro/sds/REC
copying src/spacedatanetwork_astro/sds/REC/attMotionType.py -> spacedatanetwork_astro-0.1.0.dev0+modules.e4612363998b.af1dde329812d/src/spacedatanetwork_astro/sds/REC
copying src/spacedatanetwork_astro/sds/REC/attPhysicalProperties.py -> spacedatanetwork_astro-0.1.0.dev0+modules.e4612363998b.af1dde329812d/src/spacedatanetwork_astro/sds/REC
copying src/spacedatanetwork_astro/sds/REC/attRepresentation.py -> spacedatanetwork_astro-0.1.0.dev0+modules.e4612363998b.af1dde329812d/src/spacedatanetwork_astro/sds/REC
copying src/spacedatanetwork_astro/sds/REC/attitudeDataLine.py -> spacedatanetwork_astro-0.1.0.dev0+modules.e4612363998b.af1dde329812d/src/spacedatanetwork_astro/sds/REC
copying src/spacedatanetwork_astro/sds/REC/attitudeState.py -> spacedatanetwork_astro-0.1.0.dev0+modules.e4612363998b.af1dde329812d/src/spacedatanetwork_astro/sds/REC
copying src/spacedatanetwork_astro/sds/REC/attitudeStateType.py -> spacedatanetwork_astro-0.1.0.dev0+modules.e4612363998b.af1dde329812d/src/spacedatanetwork_astro/sds/REC
copying src/spacedatanetwork_astro/sds/REC/avlAirspaceClass.py -> spacedatanetwork_astro-0.1.0.dev0+modules.e4612363998b.af1dde329812d/src/spacedatanetwork_astro/sds/REC
copying src/spacedatanetwork_astro/sds/REC/avlRingRole.py -> spacedatanetwork_astro-0.1.0.dev0+modules.e4612363998b.af1dde329812d/src/spacedatanetwork_astro/sds/REC
copying src/spacedatanetwork_astro/sds/REC/avlVerticalDatum.py -> spacedatanetwork_astro-0.1.0.dev0+modules.e4612363998b.af1dde329812d/src/spacedatanetwork_astro/sds/REC
copying src/spacedatanetwork_astro/sds/REC/avlVolumeType.py -> spacedatanetwork_astro-0.1.0.dev0+modules.e4612363998b.af1dde329812d/src/spacedatanetwork_astro/sds/REC
copying src/spacedatanetwork_astro/sds/REC/beamContour.py -> spacedatanetwork_astro-0.1.0.dev0+modules.e4612363998b.af1dde329812d/src/spacedatanetwork_astro/sds/REC
copying src/spacedatanetwork_astro/sds/REC/beamContourPoint.py -> spacedatanetwork_astro-0.1.0.dev0+modules.e4612363998b.af1dde329812d/src/spacedatanetwork_astro/sds/REC
copying src/spacedatanetwork_astro/sds/REC/beamPolarization.py -> spacedatanetwork_astro-0.1.0.dev0+modules.e4612363998b.af1dde329812d/src/spacedatanetwork_astro/sds/REC
copying src/spacedatanetwork_astro/sds/REC/beamType.py -> spacedatanetwork_astro-0.1.0.dev0+modules.e4612363998b.af1dde329812d/src/spacedatanetwork_astro/sds/REC
copying src/spacedatanetwork_astro/sds/REC/bemHopSlotState.py -> spacedatanetwork_astro-0.1.0.dev0+modules.e4612363998b.af1dde329812d/src/spacedatanetwork_astro/sds/REC
copying src/spacedatanetwork_astro/sds/REC/bpfLicenseMode.py -> spacedatanetwork_astro-0.1.0.dev0+modules.e4612363998b.af1dde329812d/src/spacedatanetwork_astro/sds/REC
copying src/spacedatanetwork_astro/sds/REC/bpfPartKind.py -> spacedatanetwork_astro-0.1.0.dev0+modules.e4612363998b.af1dde329812d/src/spacedatanetwork_astro/sds/REC
copying src/spacedatanetwork_astro/sds/REC/bpfProtectionTier.py -> spacedatanetwork_astro-0.1.0.dev0+modules.e4612363998b.af1dde329812d/src/spacedatanetwork_astro/sds/REC
copying src/spacedatanetwork_astro/sds/REC/brokerCustodyModel.py -> spacedatanetwork_astro-0.1.0.dev0+modules.e4612363998b.af1dde329812d/src/spacedatanetwork_astro/sds/REC
copying src/spacedatanetwork_astro/sds/REC/brokerLiveness.py -> spacedatanetwork_astro-0.1.0.dev0+modules.e4612363998b.af1dde329812d/src/spacedatanetwork_astro/sds/REC
copying src/spacedatanetwork_astro/sds/REC/bspInterpolationStatus.py -> spacedatanetwork_astro-0.1.0.dev0+modules.e4612363998b.af1dde329812d/src/spacedatanetwork_astro/sds/REC
copying src/spacedatanetwork_astro/sds/REC/bufferMutability.py -> spacedatanetwork_astro-0.1.0.dev0+modules.e4612363998b.af1dde329812d/src/spacedatanetwork_astro/sds/REC
copying src/spacedatanetwork_astro/sds/REC/bufferOwnership.py -> spacedatanetwork_astro-0.1.0.dev0+modules.e4612363998b.af1dde329812d/src/spacedatanetwork_astro/sds/REC
copying src/spacedatanetwork_astro/sds/REC/busSize.py -> spacedatanetwork_astro-0.1.0.dev0+modules.e4612363998b.af1dde329812d/src/spacedatanetwork_astro/sds/REC
copying src/spacedatanetwork_astro/sds/REC/capabilityClass.py -> spacedatanetwork_astro-0.1.0.dev0+modules.e4612363998b.af1dde329812d/src/spacedatanetwork_astro/sds/REC
copying src/spacedatanetwork_astro/sds/REC/catalogQueryKind.py -> spacedatanetwork_astro-0.1.0.dev0+modules.e4612363998b.af1dde329812d/src/spacedatanetwork_astro/sds/REC
copying src/spacedatanetwork_astro/sds/REC/cesNormalizationKind.py -> spacedatanetwork_astro-0.1.0.dev0+modules.e4612363998b.af1dde329812d/src/spacedatanetwork_astro/sds/REC
copying src/spacedatanetwork_astro/sds/REC/cesPoolingKind.py -> spacedatanetwork_astro-0.1.0.dev0+modules.e4612363998b.af1dde329812d/src/spacedatanetwork_astro/sds/REC
copying src/spacedatanetwork_astro/sds/REC/cesSimilarityKind.py -> spacedatanetwork_astro-0.1.0.dev0+modules.e4612363998b.af1dde329812d/src/spacedatanetwork_astro/sds/REC
copying src/spacedatanetwork_astro/sds/REC/cesVectorEncoding.py -> spacedatanetwork_astro-0.1.0.dev0+modules.e4612363998b.af1dde329812d/src/spacedatanetwork_astro/sds/REC
copying src/spacedatanetwork_astro/sds/REC/clmClaimRole.py -> spacedatanetwork_astro-0.1.0.dev0+modules.e4612363998b.af1dde329812d/src/spacedatanetwork_astro/sds/REC
copying src/spacedatanetwork_astro/sds/REC/clmObjectKind.py -> spacedatanetwork_astro-0.1.0.dev0+modules.e4612363998b.af1dde329812d/src/spacedatanetwork_astro/sds/REC
copying src/spacedatanetwork_astro/sds/REC/cltuPduType.py -> spacedatanetwork_astro-0.1.0.dev0+modules.e4612363998b.af1dde329812d/src/spacedatanetwork_astro/sds/REC
copying src/spacedatanetwork_astro/sds/REC/cmrEvidenceRole.py -> spacedatanetwork_astro-0.1.0.dev0+modules.e4612363998b.af1dde329812d/src/spacedatanetwork_astro/sds/REC
copying src/spacedatanetwork_astro/sds/REC/cmrMembershipState.py -> spacedatanetwork_astro-0.1.0.dev0+modules.e4612363998b.af1dde329812d/src/spacedatanetwork_astro/sds/REC
copying src/spacedatanetwork_astro/sds/REC/cnpMethod.py -> spacedatanetwork_astro-0.1.0.dev0+modules.e4612363998b.af1dde329812d/src/spacedatanetwork_astro/sds/REC
copying src/spacedatanetwork_astro/sds/REC/cnpMetricKind.py -> spacedatanetwork_astro-0.1.0.dev0+modules.e4612363998b.af1dde329812d/src/spacedatanetwork_astro/sds/REC
copying src/spacedatanetwork_astro/sds/REC/cnpPeriod.py -> spacedatanetwork_astro-0.1.0.dev0+modules.e4612363998b.af1dde329812d/src/spacedatanetwork_astro/sds/REC
copying src/spacedatanetwork_astro/sds/REC/cnpReduction.py -> spacedatanetwork_astro-0.1.0.dev0+modules.e4612363998b.af1dde329812d/src/spacedatanetwork_astro/sds/REC
copying src/spacedatanetwork_astro/sds/REC/cnpRegionKind.py -> spacedatanetwork_astro-0.1.0.dev0+modules.e4612363998b.af1dde329812d/src/spacedatanetwork_astro/sds/REC
copying src/spacedatanetwork_astro/sds/REC/commissionEnforcement.py -> spacedatanetwork_astro-0.1.0.dev0+modules.e4612363998b.af1dde329812d/src/spacedatanetwork_astro/sds/REC
copying src/spacedatanetwork_astro/sds/REC/commissionScope.py -> spacedatanetwork_astro-0.1.0.dev0+modules.e4612363998b.af1dde329812d/src/spacedatanetwork_astro/sds/REC
copying src/spacedatanetwork_astro/sds/REC/commsChannel.py -> spacedatanetwork_astro-0.1.0.dev0+modules.e4612363998b.af1dde329812d/src/spacedatanetwork_astro/sds/REC
copying src/spacedatanetwork_astro/sds/REC/commsTransponder.py -> spacedatanetwork_astro-0.1.0.dev0+modules.e4612363998b.af1dde329812d/src/spacedatanetwork_astro/sds/REC
copying src/spacedatanetwork_astro/sds/REC/controlMessageKind.py -> spacedatanetwork_astro-0.1.0.dev0+modules.e4612363998b.af1dde329812d/src/spacedatanetwork_astro/sds/REC
copying src/spacedatanetwork_astro/sds/REC/covarianceAlgorithm.py -> spacedatanetwork_astro-0.1.0.dev0+modules.e4612363998b.af1dde329812d/src/spacedatanetwork_astro/sds/REC
copying src/spacedatanetwork_astro/sds/REC/covarianceMatrixLine.py -> spacedatanetwork_astro-0.1.0.dev0+modules.e4612363998b.af1dde329812d/src/spacedatanetwork_astro/sds/REC
copying src/spacedatanetwork_astro/sds/REC/cvpAltitudeReference.py -> spacedatanetwork_astro-0.1.0.dev0+modules.e4612363998b.af1dde329812d/src/spacedatanetwork_astro/sds/REC
copying src/spacedatanetwork_astro/sds/REC/cvpEmitterRole.py -> spacedatanetwork_astro-0.1.0.dev0+modules.e4612363998b.af1dde329812d/src/spacedatanetwork_astro/sds/REC
copying src/spacedatanetwork_astro/sds/REC/cvpGeometryKind.py -> spacedatanetwork_astro-0.1.0.dev0+modules.e4612363998b.af1dde329812d/src/spacedatanetwork_astro/sds/REC
copying src/spacedatanetwork_astro/sds/REC/cvpRingRole.py -> spacedatanetwork_astro-0.1.0.dev0+modules.e4612363998b.af1dde329812d/src/spacedatanetwork_astro/sds/REC
copying src/spacedatanetwork_astro/sds/REC/dataAvailability.py -> spacedatanetwork_astro-0.1.0.dev0+modules.e4612363998b.af1dde329812d/src/spacedatanetwork_astro/sds/REC
copying src/spacedatanetwork_astro/sds/REC/detectionResult.py -> spacedatanetwork_astro-0.1.0.dev0+modules.e4612363998b.af1dde329812d/src/spacedatanetwork_astro/sds/REC
copying src/spacedatanetwork_astro/sds/REC/detectionResultFlags.py -> spacedatanetwork_astro-0.1.0.dev0+modules.e4612363998b.af1dde329812d/src/spacedatanetwork_astro/sds/REC
copying src/spacedatanetwork_astro/sds/REC/doaCollectionMode.py -> spacedatanetwork_astro-0.1.0.dev0+modules.e4612363998b.af1dde329812d/src/spacedatanetwork_astro/sds/REC
copying src/spacedatanetwork_astro/sds/REC/dpmTransportKind.py -> spacedatanetwork_astro-0.1.0.dev0+modules.e4612363998b.af1dde329812d/src/spacedatanetwork_astro/sds/REC
copying src/spacedatanetwork_astro/sds/REC/drainBehavior.py -> spacedatanetwork_astro-0.1.0.dev0+modules.e4612363998b.af1dde329812d/src/spacedatanetwork_astro/sds/REC
copying src/spacedatanetwork_astro/sds/REC/driftRecord.py -> spacedatanetwork_astro-0.1.0.dev0+modules.e4612363998b.af1dde329812d/src/spacedatanetwork_astro/sds/REC
copying src/spacedatanetwork_astro/sds/REC/dssAction.py -> spacedatanetwork_astro-0.1.0.dev0+modules.e4612363998b.af1dde329812d/src/spacedatanetwork_astro/sds/REC
copying src/spacedatanetwork_astro/sds/REC/dssPinPolicy.py -> spacedatanetwork_astro-0.1.0.dev0+modules.e4612363998b.af1dde329812d/src/spacedatanetwork_astro/sds/REC
copying src/spacedatanetwork_astro/sds/REC/dssRetention.py -> spacedatanetwork_astro-0.1.0.dev0+modules.e4612363998b.af1dde329812d/src/spacedatanetwork_astro/sds/REC
copying src/spacedatanetwork_astro/sds/REC/dssSyncState.py -> spacedatanetwork_astro-0.1.0.dev0+modules.e4612363998b.af1dde329812d/src/spacedatanetwork_astro/sds/REC
copying src/spacedatanetwork_astro/sds/REC/dttPayloadFormat.py -> spacedatanetwork_astro-0.1.0.dev0+modules.e4612363998b.af1dde329812d/src/spacedatanetwork_astro/sds/REC
copying src/spacedatanetwork_astro/sds/REC/dttSourceClass.py -> spacedatanetwork_astro-0.1.0.dev0+modules.e4612363998b.af1dde329812d/src/spacedatanetwork_astro/sds/REC
copying src/spacedatanetwork_astro/sds/REC/dttTilingScheme.py -> spacedatanetwork_astro-0.1.0.dev0+modules.e4612363998b.af1dde329812d/src/spacedatanetwork_astro/sds/REC
copying src/spacedatanetwork_astro/sds/REC/dttVerticalDatum.py -> spacedatanetwork_astro-0.1.0.dev0+modules.e4612363998b.af1dde329812d/src/spacedatanetwork_astro/sds/REC
copying src/spacedatanetwork_astro/sds/REC/dttWaterMask.py -> spacedatanetwork_astro-0.1.0.dev0+modules.e4612363998b.af1dde329812d/src/spacedatanetwork_astro/sds/REC
copying src/spacedatanetwork_astro/sds/REC/egpMembershipMode.py -> spacedatanetwork_astro-0.1.0.dev0+modules.e4612363998b.af1dde329812d/src/spacedatanetwork_astro/sds/REC
copying src/spacedatanetwork_astro/sds/REC/elementType.py -> spacedatanetwork_astro-0.1.0.dev0+modules.e4612363998b.af1dde329812d/src/spacedatanetwork_astro/sds/REC
copying src/spacedatanetwork_astro/sds/REC/emcCouplingPath.py -> spacedatanetwork_astro-0.1.0.dev0+modules.e4612363998b.af1dde329812d/src/spacedatanetwork_astro/sds/REC
copying src/spacedatanetwork_astro/sds/REC/emcMechanismCategory.py -> spacedatanetwork_astro-0.1.0.dev0+modules.e4612363998b.af1dde329812d/src/spacedatanetwork_astro/sds/REC
copying src/spacedatanetwork_astro/sds/REC/emcResolutionState.py -> spacedatanetwork_astro-0.1.0.dev0+modules.e4612363998b.af1dde329812d/src/spacedatanetwork_astro/sds/REC
copying src/spacedatanetwork_astro/sds/REC/emitterType.py -> spacedatanetwork_astro-0.1.0.dev0+modules.e4612363998b.af1dde329812d/src/spacedatanetwork_astro/sds/REC
copying src/spacedatanetwork_astro/sds/REC/encryptionType.py -> spacedatanetwork_astro-0.1.0.dev0+modules.e4612363998b.af1dde329812d/src/spacedatanetwork_astro/sds/REC
copying src/spacedatanetwork_astro/sds/REC/entitlementLifecycleStatus.py -> spacedatanetwork_astro-0.1.0.dev0+modules.e4612363998b.af1dde329812d/src/spacedatanetwork_astro/sds/REC
copying src/spacedatanetwork_astro/sds/REC/entityKind.py -> spacedatanetwork_astro-0.1.0.dev0+modules.e4612363998b.af1dde329812d/src/spacedatanetwork_astro/sds/REC
copying src/spacedatanetwork_astro/sds/REC/eopSeries.py -> spacedatanetwork_astro-0.1.0.dev0+modules.e4612363998b.af1dde329812d/src/spacedatanetwork_astro/sds/REC
copying src/spacedatanetwork_astro/sds/REC/epfLimitCategory.py -> spacedatanetwork_astro-0.1.0.dev0+modules.e4612363998b.af1dde329812d/src/spacedatanetwork_astro/sds/REC
copying src/spacedatanetwork_astro/sds/REC/ephemerisDataBlock.py -> spacedatanetwork_astro-0.1.0.dev0+modules.e4612363998b.af1dde329812d/src/spacedatanetwork_astro/sds/REC
copying src/spacedatanetwork_astro/sds/REC/ephemerisDataLine.py -> spacedatanetwork_astro-0.1.0.dev0+modules.e4612363998b.af1dde329812d/src/spacedatanetwork_astro/sds/REC
copying src/spacedatanetwork_astro/sds/REC/ephemerisFormat.py -> spacedatanetwork_astro-0.1.0.dev0+modules.e4612363998b.af1dde329812d/src/spacedatanetwork_astro/sds/REC
copying src/spacedatanetwork_astro/sds/REC/equinoctialElements.py -> spacedatanetwork_astro-0.1.0.dev0+modules.e4612363998b.af1dde329812d/src/spacedatanetwork_astro/sds/REC
copying src/spacedatanetwork_astro/sds/REC/estimatorCategory.py -> spacedatanetwork_astro-0.1.0.dev0+modules.e4612363998b.af1dde329812d/src/spacedatanetwork_astro/sds/REC
copying src/spacedatanetwork_astro/sds/REC/eventCategory.py -> spacedatanetwork_astro-0.1.0.dev0+modules.e4612363998b.af1dde329812d/src/spacedatanetwork_astro/sds/REC
copying src/spacedatanetwork_astro/sds/REC/eventResult.py -> spacedatanetwork_astro-0.1.0.dev0+modules.e4612363998b.af1dde329812d/src/spacedatanetwork_astro/sds/REC
copying src/spacedatanetwork_astro/sds/REC/evlAberrationCorrection.py -> spacedatanetwork_astro-0.1.0.dev0+modules.e4612363998b.af1dde329812d/src/spacedatanetwork_astro/sds/REC
copying src/spacedatanetwork_astro/sds/REC/evlEventType.py -> spacedatanetwork_astro-0.1.0.dev0+modules.e4612363998b.af1dde329812d/src/spacedatanetwork_astro/sds/REC
copying src/spacedatanetwork_astro/sds/REC/evlFieldOfViewShape.py -> spacedatanetwork_astro-0.1.0.dev0+modules.e4612363998b.af1dde329812d/src/spacedatanetwork_astro/sds/REC
copying src/spacedatanetwork_astro/sds/REC/evlLocatorClass.py -> spacedatanetwork_astro-0.1.0.dev0+modules.e4612363998b.af1dde329812d/src/spacedatanetwork_astro/sds/REC
copying src/spacedatanetwork_astro/sds/REC/evlResultStatus.py -> spacedatanetwork_astro-0.1.0.dev0+modules.e4612363998b.af1dde329812d/src/spacedatanetwork_astro/sds/REC
copying src/spacedatanetwork_astro/sds/REC/evlSamplePoint.py -> spacedatanetwork_astro-0.1.0.dev0+modules.e4612363998b.af1dde329812d/src/spacedatanetwork_astro/sds/REC
copying src/spacedatanetwork_astro/sds/REC/evlShadowModel.py -> spacedatanetwork_astro-0.1.0.dev0+modules.e4612363998b.af1dde329812d/src/spacedatanetwork_astro/sds/REC
copying src/spacedatanetwork_astro/sds/REC/fieldStreamAudienceCategory.py -> spacedatanetwork_astro-0.1.0.dev0+modules.e4612363998b.af1dde329812d/src/spacedatanetwork_astro/sds/REC
copying src/spacedatanetwork_astro/sds/REC/fieldStreamDecisionCategory.py -> spacedatanetwork_astro-0.1.0.dev0+modules.e4612363998b.af1dde329812d/src/spacedatanetwork_astro/sds/REC
copying src/spacedatanetwork_astro/sds/REC/fieldStreamOperationCategory.py -> spacedatanetwork_astro-0.1.0.dev0+modules.e4612363998b.af1dde329812d/src/spacedatanetwork_astro/sds/REC
copying src/spacedatanetwork_astro/sds/REC/fieldStreamRevocationCategory.py -> spacedatanetwork_astro-0.1.0.dev0+modules.e4612363998b.af1dde329812d/src/spacedatanetwork_astro/sds/REC
copying src/spacedatanetwork_astro/sds/REC/fieldStreamValueEncodingCategory.py -> spacedatanetwork_astro-0.1.0.dev0+modules.e4612363998b.af1dde329812d/src/spacedatanetwork_astro/sds/REC
copying src/spacedatanetwork_astro/sds/REC/fieldStreamValueStateCategory.py -> spacedatanetwork_astro-0.1.0.dev0+modules.e4612363998b.af1dde329812d/src/spacedatanetwork_astro/sds/REC
copying src/spacedatanetwork_astro/sds/REC/flatSqlByteStreamKind.py -> spacedatanetwork_astro-0.1.0.dev0+modules.e4612363998b.af1dde329812d/src/spacedatanetwork_astro/sds/REC
copying src/spacedatanetwork_astro/sds/REC/flatSqlNodeOperation.py -> spacedatanetwork_astro-0.1.0.dev0+modules.e4612363998b.af1dde329812d/src/spacedatanetwork_astro/sds/REC
copying src/spacedatanetwork_astro/sds/REC/flatSqlNodeStatus.py -> spacedatanetwork_astro-0.1.0.dev0+modules.e4612363998b.af1dde329812d/src/spacedatanetwork_astro/sds/REC
copying src/spacedatanetwork_astro/sds/REC/flowEdgeRoutePolicy.py -> spacedatanetwork_astro-0.1.0.dev0+modules.e4612363998b.af1dde329812d/src/spacedatanetwork_astro/sds/REC
copying src/spacedatanetwork_astro/sds/REC/frmOperationCode.py -> spacedatanetwork_astro-0.1.0.dev0+modules.e4612363998b.af1dde329812d/src/spacedatanetwork_astro/sds/REC
copying src/spacedatanetwork_astro/sds/REC/frmResultStatus.py -> spacedatanetwork_astro-0.1.0.dev0+modules.e4612363998b.af1dde329812d/src/spacedatanetwork_astro/sds/REC
copying src/spacedatanetwork_astro/sds/REC/frmStateRepresentation.py -> spacedatanetwork_astro-0.1.0.dev0+modules.e4612363998b.af1dde329812d/src/spacedatanetwork_astro/sds/REC
copying src/spacedatanetwork_astro/sds/REC/gctCloudGenus.py -> spacedatanetwork_astro-0.1.0.dev0+modules.e4612363998b.af1dde329812d/src/spacedatanetwork_astro/sds/REC
copying src/spacedatanetwork_astro/sds/REC/gctFieldQuantity.py -> spacedatanetwork_astro-0.1.0.dev0+modules.e4612363998b.af1dde329812d/src/spacedatanetwork_astro/sds/REC
copying src/spacedatanetwork_astro/sds/REC/gctLevelDerivation.py -> spacedatanetwork_astro-0.1.0.dev0+modules.e4612363998b.af1dde329812d/src/spacedatanetwork_astro/sds/REC
copying src/spacedatanetwork_astro/sds/REC/gctRefinement.py -> spacedatanetwork_astro-0.1.0.dev0+modules.e4612363998b.af1dde329812d/src/spacedatanetwork_astro/sds/REC
copying src/spacedatanetwork_astro/sds/REC/gctSampleEncoding.py -> spacedatanetwork_astro-0.1.0.dev0+modules.e4612363998b.af1dde329812d/src/spacedatanetwork_astro/sds/REC
copying src/spacedatanetwork_astro/sds/REC/gctTilingScheme.py -> spacedatanetwork_astro-0.1.0.dev0+modules.e4612363998b.af1dde329812d/src/spacedatanetwork_astro/sds/REC
copying src/spacedatanetwork_astro/sds/REC/gctVariantScope.py -> spacedatanetwork_astro-0.1.0.dev0+modules.e4612363998b.af1dde329812d/src/spacedatanetwork_astro/sds/REC
copying src/spacedatanetwork_astro/sds/REC/gelObservationDisposition.py -> spacedatanetwork_astro-0.1.0.dev0+modules.e4612363998b.af1dde329812d/src/spacedatanetwork_astro/sds/REC
copying src/spacedatanetwork_astro/sds/REC/gelTechniqueClass.py -> spacedatanetwork_astro-0.1.0.dev0+modules.e4612363998b.af1dde329812d/src/spacedatanetwork_astro/sds/REC
copying src/spacedatanetwork_astro/sds/REC/geoConfidence.py -> spacedatanetwork_astro-0.1.0.dev0+modules.e4612363998b.af1dde329812d/src/spacedatanetwork_astro/sds/REC
copying src/spacedatanetwork_astro/sds/REC/geoStationKeeping.py -> spacedatanetwork_astro-0.1.0.dev0+modules.e4612363998b.af1dde329812d/src/spacedatanetwork_astro/sds/REC
copying src/spacedatanetwork_astro/sds/REC/geopotentialSource.py -> spacedatanetwork_astro-0.1.0.dev0+modules.e4612363998b.af1dde329812d/src/spacedatanetwork_astro/sds/REC
copying src/spacedatanetwork_astro/sds/REC/glslStage.py -> spacedatanetwork_astro-0.1.0.dev0+modules.e4612363998b.af1dde329812d/src/spacedatanetwork_astro/sds/REC
copying src/spacedatanetwork_astro/sds/REC/gnpFeatureClass.py -> spacedatanetwork_astro-0.1.0.dev0+modules.e4612363998b.af1dde329812d/src/spacedatanetwork_astro/sds/REC
copying src/spacedatanetwork_astro/sds/REC/gnssConstellation.py -> spacedatanetwork_astro-0.1.0.dev0+modules.e4612363998b.af1dde329812d/src/spacedatanetwork_astro/sds/REC
copying src/spacedatanetwork_astro/sds/REC/gnssObsData.py -> spacedatanetwork_astro-0.1.0.dev0+modules.e4612363998b.af1dde329812d/src/spacedatanetwork_astro/sds/REC
copying src/spacedatanetwork_astro/sds/REC/gnssObsType.py -> spacedatanetwork_astro-0.1.0.dev0+modules.e4612363998b.af1dde329812d/src/spacedatanetwork_astro/sds/REC
copying src/spacedatanetwork_astro/sds/REC/gnssSatObs.py -> spacedatanetwork_astro-0.1.0.dev0+modules.e4612363998b.af1dde329812d/src/spacedatanetwork_astro/sds/REC
copying src/spacedatanetwork_astro/sds/REC/grantLifecycleStatus.py -> spacedatanetwork_astro-0.1.0.dev0+modules.e4612363998b.af1dde329812d/src/spacedatanetwork_astro/sds/REC
copying src/spacedatanetwork_astro/sds/REC/gstAntennaAxisType.py -> spacedatanetwork_astro-0.1.0.dev0+modules.e4612363998b.af1dde329812d/src/spacedatanetwork_astro/sds/REC
copying src/spacedatanetwork_astro/sds/REC/gstFrameRealization.py -> spacedatanetwork_astro-0.1.0.dev0+modules.e4612363998b.af1dde329812d/src/spacedatanetwork_astro/sds/REC
copying src/spacedatanetwork_astro/sds/REC/gstNetwork.py -> spacedatanetwork_astro-0.1.0.dev0+modules.e4612363998b.af1dde329812d/src/spacedatanetwork_astro/sds/REC
copying src/spacedatanetwork_astro/sds/REC/hfcAtmosphereCouplingMode.py -> spacedatanetwork_astro-0.1.0.dev0+modules.e4612363998b.af1dde329812d/src/spacedatanetwork_astro/sds/REC
copying src/spacedatanetwork_astro/sds/REC/hfcFlowRegime.py -> spacedatanetwork_astro-0.1.0.dev0+modules.e4612363998b.af1dde329812d/src/spacedatanetwork_astro/sds/REC
copying src/spacedatanetwork_astro/sds/REC/hostCapabilityKind.py -> spacedatanetwork_astro-0.1.0.dev0+modules.e4612363998b.af1dde329812d/src/spacedatanetwork_astro/sds/REC
copying src/spacedatanetwork_astro/sds/REC/iauPrecessionNutationModel.py -> spacedatanetwork_astro-0.1.0.dev0+modules.e4612363998b.af1dde329812d/src/spacedatanetwork_astro/sds/REC
copying src/spacedatanetwork_astro/sds/REC/icnAuthKind.py -> spacedatanetwork_astro-0.1.0.dev0+modules.e4612363998b.af1dde329812d/src/spacedatanetwork_astro/sds/REC
copying src/spacedatanetwork_astro/sds/REC/icnConnectorKind.py -> spacedatanetwork_astro-0.1.0.dev0+modules.e4612363998b.af1dde329812d/src/spacedatanetwork_astro/sds/REC
copying src/spacedatanetwork_astro/sds/REC/icnConnectorStatus.py -> spacedatanetwork_astro-0.1.0.dev0+modules.e4612363998b.af1dde329812d/src/spacedatanetwork_astro/sds/REC
copying src/spacedatanetwork_astro/sds/REC/icnPostIngestAction.py -> spacedatanetwork_astro-0.1.0.dev0+modules.e4612363998b.af1dde329812d/src/spacedatanetwork_astro/sds/REC
copying src/spacedatanetwork_astro/sds/REC/imageCategory.py -> spacedatanetwork_astro-0.1.0.dev0+modules.e4612363998b.af1dde329812d/src/spacedatanetwork_astro/sds/REC
copying src/spacedatanetwork_astro/sds/REC/imageFormat.py -> spacedatanetwork_astro-0.1.0.dev0+modules.e4612363998b.af1dde329812d/src/spacedatanetwork_astro/sds/REC
copying src/spacedatanetwork_astro/sds/REC/invokeSurfaceKind.py -> spacedatanetwork_astro-0.1.0.dev0+modules.e4612363998b.af1dde329812d/src/spacedatanetwork_astro/sds/REC
copying src/spacedatanetwork_astro/sds/REC/ionoDataPoint.py -> spacedatanetwork_astro-0.1.0.dev0+modules.e4612363998b.af1dde329812d/src/spacedatanetwork_astro/sds/REC
copying src/spacedatanetwork_astro/sds/REC/ionoDensityProfile.py -> spacedatanetwork_astro-0.1.0.dev0+modules.e4612363998b.af1dde329812d/src/spacedatanetwork_astro/sds/REC
copying src/spacedatanetwork_astro/sds/REC/ionoLayer.py -> spacedatanetwork_astro-0.1.0.dev0+modules.e4612363998b.af1dde329812d/src/spacedatanetwork_astro/sds/REC
copying src/spacedatanetwork_astro/sds/REC/ionoSource.py -> spacedatanetwork_astro-0.1.0.dev0+modules.e4612363998b.af1dde329812d/src/spacedatanetwork_astro/sds/REC
copying src/spacedatanetwork_astro/sds/REC/iqcCustody.py -> spacedatanetwork_astro-0.1.0.dev0+modules.e4612363998b.af1dde329812d/src/spacedatanetwork_astro/sds/REC
copying src/spacedatanetwork_astro/sds/REC/iqcPayloadRole.py -> spacedatanetwork_astro-0.1.0.dev0+modules.e4612363998b.af1dde329812d/src/spacedatanetwork_astro/sds/REC
copying src/spacedatanetwork_astro/sds/REC/irBand.py -> spacedatanetwork_astro-0.1.0.dev0+modules.e4612363998b.af1dde329812d/src/spacedatanetwork_astro/sds/REC
copying src/spacedatanetwork_astro/sds/REC/irDetectionType.py -> spacedatanetwork_astro-0.1.0.dev0+modules.e4612363998b.af1dde329812d/src/spacedatanetwork_astro/sds/REC
copying src/spacedatanetwork_astro/sds/REC/irmJobState.py -> spacedatanetwork_astro-0.1.0.dev0+modules.e4612363998b.af1dde329812d/src/spacedatanetwork_astro/sds/REC
copying src/spacedatanetwork_astro/sds/REC/irmRangeMode.py -> spacedatanetwork_astro-0.1.0.dev0+modules.e4612363998b.af1dde329812d/src/spacedatanetwork_astro/sds/REC
copying src/spacedatanetwork_astro/sds/REC/irmValidatorMatch.py -> spacedatanetwork_astro-0.1.0.dev0+modules.e4612363998b.af1dde329812d/src/spacedatanetwork_astro/sds/REC
copying src/spacedatanetwork_astro/sds/REC/keplerianElements.py -> spacedatanetwork_astro-0.1.0.dev0+modules.e4612363998b.af1dde329812d/src/spacedatanetwork_astro/sds/REC
copying src/spacedatanetwork_astro/sds/REC/keyMaterialAlgorithm.py -> spacedatanetwork_astro-0.1.0.dev0+modules.e4612363998b.af1dde329812d/src/spacedatanetwork_astro/sds/REC
copying src/spacedatanetwork_astro/sds/REC/keyMaterialEncoding.py -> spacedatanetwork_astro-0.1.0.dev0+modules.e4612363998b.af1dde329812d/src/spacedatanetwork_astro/sds/REC
copying src/spacedatanetwork_astro/sds/REC/keyMaterialRole.py -> spacedatanetwork_astro-0.1.0.dev0+modules.e4612363998b.af1dde329812d/src/spacedatanetwork_astro/sds/REC
copying src/spacedatanetwork_astro/sds/REC/keyReferenceAlgorithm.py -> spacedatanetwork_astro-0.1.0.dev0+modules.e4612363998b.af1dde329812d/src/spacedatanetwork_astro/sds/REC
copying src/spacedatanetwork_astro/sds/REC/keyReferenceRole.py -> spacedatanetwork_astro-0.1.0.dev0+modules.e4612363998b.af1dde329812d/src/spacedatanetwork_astro/sds/REC
copying src/spacedatanetwork_astro/sds/REC/lamAscentEvent.py -> spacedatanetwork_astro-0.1.0.dev0+modules.e4612363998b.af1dde329812d/src/spacedatanetwork_astro/sds/REC
copying src/spacedatanetwork_astro/sds/REC/lamConstraintStatus.py -> spacedatanetwork_astro-0.1.0.dev0+modules.e4612363998b.af1dde329812d/src/spacedatanetwork_astro/sds/REC
copying src/spacedatanetwork_astro/sds/REC/lamConstraintViolation.py -> spacedatanetwork_astro-0.1.0.dev0+modules.e4612363998b.af1dde329812d/src/spacedatanetwork_astro/sds/REC
copying src/spacedatanetwork_astro/sds/REC/lamMissionPhase.py -> spacedatanetwork_astro-0.1.0.dev0+modules.e4612363998b.af1dde329812d/src/spacedatanetwork_astro/sds/REC
copying src/spacedatanetwork_astro/sds/REC/lambertBranchKind.py -> spacedatanetwork_astro-0.1.0.dev0+modules.e4612363998b.af1dde329812d/src/spacedatanetwork_astro/sds/REC
copying src/spacedatanetwork_astro/sds/REC/lambertSolutionBranch.py -> spacedatanetwork_astro-0.1.0.dev0+modules.e4612363998b.af1dde329812d/src/spacedatanetwork_astro/sds/REC
copying src/spacedatanetwork_astro/sds/REC/lambertSolveState.py -> spacedatanetwork_astro-0.1.0.dev0+modules.e4612363998b.af1dde329812d/src/spacedatanetwork_astro/sds/REC
copying src/spacedatanetwork_astro/sds/REC/lambertTransferPath.py -> spacedatanetwork_astro-0.1.0.dev0+modules.e4612363998b.af1dde329812d/src/spacedatanetwork_astro/sds/REC
copying src/spacedatanetwork_astro/sds/REC/lambertVector3.py -> spacedatanetwork_astro-0.1.0.dev0+modules.e4612363998b.af1dde329812d/src/spacedatanetwork_astro/sds/REC
copying src/spacedatanetwork_astro/sds/REC/launchDetectionType.py -> spacedatanetwork_astro-0.1.0.dev0+modules.e4612363998b.af1dde329812d/src/spacedatanetwork_astro/sds/REC
copying src/spacedatanetwork_astro/sds/REC/launchOutcome.py -> spacedatanetwork_astro-0.1.0.dev0+modules.e4612363998b.af1dde329812d/src/spacedatanetwork_astro/sds/REC
copying src/spacedatanetwork_astro/sds/REC/legacyCountryCode.py -> spacedatanetwork_astro-0.1.0.dev0+modules.e4612363998b.af1dde329812d/src/spacedatanetwork_astro/sds/REC
copying src/spacedatanetwork_astro/sds/REC/licenseCategory.py -> spacedatanetwork_astro-0.1.0.dev0+modules.e4612363998b.af1dde329812d/src/spacedatanetwork_astro/sds/REC
copying src/spacedatanetwork_astro/sds/REC/licensingChallengeMessageType.py -> spacedatanetwork_astro-0.1.0.dev0+modules.e4612363998b.af1dde329812d/src/spacedatanetwork_astro/sds/REC
copying src/spacedatanetwork_astro/sds/REC/licensingChallengeRole.py -> spacedatanetwork_astro-0.1.0.dev0+modules.e4612363998b.af1dde329812d/src/spacedatanetwork_astro/sds/REC
copying src/spacedatanetwork_astro/sds/REC/licensingConfigMessageType.py -> spacedatanetwork_astro-0.1.0.dev0+modules.e4612363998b.af1dde329812d/src/spacedatanetwork_astro/sds/REC
copying src/spacedatanetwork_astro/sds/REC/licensingConfigRole.py -> spacedatanetwork_astro-0.1.0.dev0+modules.e4612363998b.af1dde329812d/src/spacedatanetwork_astro/sds/REC
copying src/spacedatanetwork_astro/sds/REC/licensingGrantMessageType.py -> spacedatanetwork_astro-0.1.0.dev0+modules.e4612363998b.af1dde329812d/src/spacedatanetwork_astro/sds/REC
copying src/spacedatanetwork_astro/sds/REC/licensingModuleRequestAction.py -> spacedatanetwork_astro-0.1.0.dev0+modules.e4612363998b.af1dde329812d/src/spacedatanetwork_astro/sds/REC
copying src/spacedatanetwork_astro/sds/REC/licensingProofMessageType.py -> spacedatanetwork_astro-0.1.0.dev0+modules.e4612363998b.af1dde329812d/src/spacedatanetwork_astro/sds/REC
copying src/spacedatanetwork_astro/sds/REC/licensingWrappedKeyAlgorithm.py -> spacedatanetwork_astro-0.1.0.dev0+modules.e4612363998b.af1dde329812d/src/spacedatanetwork_astro/sds/REC
copying src/spacedatanetwork_astro/sds/REC/linkCategory.py -> spacedatanetwork_astro-0.1.0.dev0+modules.e4612363998b.af1dde329812d/src/spacedatanetwork_astro/sds/REC
copying src/spacedatanetwork_astro/sds/REC/linkCondition.py -> spacedatanetwork_astro-0.1.0.dev0+modules.e4612363998b.af1dde329812d/src/spacedatanetwork_astro/sds/REC
copying src/spacedatanetwork_astro/sds/REC/listingCategory.py -> spacedatanetwork_astro-0.1.0.dev0+modules.e4612363998b.af1dde329812d/src/spacedatanetwork_astro/sds/REC
copying src/spacedatanetwork_astro/sds/REC/lunarPerturbationSource.py -> spacedatanetwork_astro-0.1.0.dev0+modules.e4612363998b.af1dde329812d/src/spacedatanetwork_astro/sds/REC
copying src/spacedatanetwork_astro/sds/REC/maintenanceType.py -> spacedatanetwork_astro-0.1.0.dev0+modules.e4612363998b.af1dde329812d/src/spacedatanetwork_astro/sds/REC
copying src/spacedatanetwork_astro/sds/REC/maneuverCharacterization.py -> spacedatanetwork_astro-0.1.0.dev0+modules.e4612363998b.af1dde329812d/src/spacedatanetwork_astro/sds/REC
copying src/spacedatanetwork_astro/sds/REC/maneuverStatus.py -> spacedatanetwork_astro-0.1.0.dev0+modules.e4612363998b.af1dde329812d/src/spacedatanetwork_astro/sds/REC
copying src/spacedatanetwork_astro/sds/REC/maneuverableFlag.py -> spacedatanetwork_astro-0.1.0.dev0+modules.e4612363998b.af1dde329812d/src/spacedatanetwork_astro/sds/REC
copying src/spacedatanetwork_astro/sds/REC/manifoldElset.py -> spacedatanetwork_astro-0.1.0.dev0+modules.e4612363998b.af1dde329812d/src/spacedatanetwork_astro/sds/REC
copying src/spacedatanetwork_astro/sds/REC/manifoldStatus.py -> spacedatanetwork_astro-0.1.0.dev0+modules.e4612363998b.af1dde329812d/src/spacedatanetwork_astro/sds/REC
copying src/spacedatanetwork_astro/sds/REC/massCategory.py -> spacedatanetwork_astro-0.1.0.dev0+modules.e4612363998b.af1dde329812d/src/spacedatanetwork_astro/sds/REC
copying src/spacedatanetwork_astro/sds/REC/mdpDsmMode.py -> spacedatanetwork_astro-0.1.0.dev0+modules.e4612363998b.af1dde329812d/src/spacedatanetwork_astro/sds/REC
copying src/spacedatanetwork_astro/sds/REC/mdpTransferDirection.py -> spacedatanetwork_astro-0.1.0.dev0+modules.e4612363998b.af1dde329812d/src/spacedatanetwork_astro/sds/REC
copying src/spacedatanetwork_astro/sds/REC/meanElementSource.py -> spacedatanetwork_astro-0.1.0.dev0+modules.e4612363998b.af1dde329812d/src/spacedatanetwork_astro/sds/REC
copying src/spacedatanetwork_astro/sds/REC/memEditingAction.py -> spacedatanetwork_astro-0.1.0.dev0+modules.e4612363998b.af1dde329812d/src/spacedatanetwork_astro/sds/REC
copying src/spacedatanetwork_astro/sds/REC/memEditingReason.py -> spacedatanetwork_astro-0.1.0.dev0+modules.e4612363998b.af1dde329812d/src/spacedatanetwork_astro/sds/REC
copying src/spacedatanetwork_astro/sds/REC/memIonosphereModel.py -> spacedatanetwork_astro-0.1.0.dev0+modules.e4612363998b.af1dde329812d/src/spacedatanetwork_astro/sds/REC
copying src/spacedatanetwork_astro/sds/REC/memMeasurementType.py -> spacedatanetwork_astro-0.1.0.dev0+modules.e4612363998b.af1dde329812d/src/spacedatanetwork_astro/sds/REC
copying src/spacedatanetwork_astro/sds/REC/memTroposphereModel.py -> spacedatanetwork_astro-0.1.0.dev0+modules.e4612363998b.af1dde329812d/src/spacedatanetwork_astro/sds/REC
copying src/spacedatanetwork_astro/sds/REC/memoBindingScheme.py -> spacedatanetwork_astro-0.1.0.dev0+modules.e4612363998b.af1dde329812d/src/spacedatanetwork_astro/sds/REC
copying src/spacedatanetwork_astro/sds/REC/missileEnvironment.py -> spacedatanetwork_astro-0.1.0.dev0+modules.e4612363998b.af1dde329812d/src/spacedatanetwork_astro/sds/REC
copying src/spacedatanetwork_astro/sds/REC/missileStatus.py -> spacedatanetwork_astro-0.1.0.dev0+modules.e4612363998b.af1dde329812d/src/spacedatanetwork_astro/sds/REC
copying src/spacedatanetwork_astro/sds/REC/mnvOrbitalState.py -> spacedatanetwork_astro-0.1.0.dev0+modules.e4612363998b.af1dde329812d/src/spacedatanetwork_astro/sds/REC
copying src/spacedatanetwork_astro/sds/REC/mtiStandard.py -> spacedatanetwork_astro-0.1.0.dev0+modules.e4612363998b.af1dde329812d/src/spacedatanetwork_astro/sds/REC
copying src/spacedatanetwork_astro/sds/REC/ncdContainerFormat.py -> spacedatanetwork_astro-0.1.0.dev0+modules.e4612363998b.af1dde329812d/src/spacedatanetwork_astro/sds/REC
copying src/spacedatanetwork_astro/sds/REC/ndsIngestEventKind.py -> spacedatanetwork_astro-0.1.0.dev0+modules.e4612363998b.af1dde329812d/src/spacedatanetwork_astro/sds/REC
copying src/spacedatanetwork_astro/sds/REC/ndsPublisherRung.py -> spacedatanetwork_astro-0.1.0.dev0+modules.e4612363998b.af1dde329812d/src/spacedatanetwork_astro/sds/REC
copying src/spacedatanetwork_astro/sds/REC/numDiscretizeRoundDirection.py -> spacedatanetwork_astro-0.1.0.dev0+modules.e4612363998b.af1dde329812d/src/spacedatanetwork_astro/sds/REC
copying src/spacedatanetwork_astro/sds/REC/numFunctionCode.py -> spacedatanetwork_astro-0.1.0.dev0+modules.e4612363998b.af1dde329812d/src/spacedatanetwork_astro/sds/REC
copying src/spacedatanetwork_astro/sds/REC/numOperationCode.py -> spacedatanetwork_astro-0.1.0.dev0+modules.e4612363998b.af1dde329812d/src/spacedatanetwork_astro/sds/REC
copying src/spacedatanetwork_astro/sds/REC/numResultStatus.py -> spacedatanetwork_astro-0.1.0.dev0+modules.e4612363998b.af1dde329812d/src/spacedatanetwork_astro/sds/REC
copying src/spacedatanetwork_astro/sds/REC/odMethod.py -> spacedatanetwork_astro-0.1.0.dev0+modules.e4612363998b.af1dde329812d/src/spacedatanetwork_astro/sds/REC
copying src/spacedatanetwork_astro/sds/REC/odSensorContribution.py -> spacedatanetwork_astro-0.1.0.dev0+modules.e4612363998b.af1dde329812d/src/spacedatanetwork_astro/sds/REC
copying src/spacedatanetwork_astro/sds/REC/odrConvergenceReason.py -> spacedatanetwork_astro-0.1.0.dev0+modules.e4612363998b.af1dde329812d/src/spacedatanetwork_astro/sds/REC
copying src/spacedatanetwork_astro/sds/REC/odrEstimatorKind.py -> spacedatanetwork_astro-0.1.0.dev0+modules.e4612363998b.af1dde329812d/src/spacedatanetwork_astro/sds/REC
copying src/spacedatanetwork_astro/sds/REC/odrParameterDisposition.py -> spacedatanetwork_astro-0.1.0.dev0+modules.e4612363998b.af1dde329812d/src/spacedatanetwork_astro/sds/REC
copying src/spacedatanetwork_astro/sds/REC/odrProcessNoiseKind.py -> spacedatanetwork_astro-0.1.0.dev0+modules.e4612363998b.af1dde329812d/src/spacedatanetwork_astro/sds/REC
copying src/spacedatanetwork_astro/sds/REC/ooiPriority.py -> spacedatanetwork_astro-0.1.0.dev0+modules.e4612363998b.af1dde329812d/src/spacedatanetwork_astro/sds/REC
copying src/spacedatanetwork_astro/sds/REC/ooiStatus.py -> spacedatanetwork_astro-0.1.0.dev0+modules.e4612363998b.af1dde329812d/src/spacedatanetwork_astro/sds/REC
copying src/spacedatanetwork_astro/sds/REC/operationalState.py -> spacedatanetwork_astro-0.1.0.dev0+modules.e4612363998b.af1dde329812d/src/spacedatanetwork_astro/sds/REC
copying src/spacedatanetwork_astro/sds/REC/oppDeterminationMethod.py -> spacedatanetwork_astro-0.1.0.dev0+modules.e4612363998b.af1dde329812d/src/spacedatanetwork_astro/sds/REC
copying src/spacedatanetwork_astro/sds/REC/oppMaterialClass.py -> spacedatanetwork_astro-0.1.0.dev0+modules.e4612363998b.af1dde329812d/src/spacedatanetwork_astro/sds/REC
copying src/spacedatanetwork_astro/sds/REC/oppRcsAspect.py -> spacedatanetwork_astro-0.1.0.dev0+modules.e4612363998b.af1dde329812d/src/spacedatanetwork_astro/sds/REC
copying src/spacedatanetwork_astro/sds/REC/oppSurfaceKind.py -> spacedatanetwork_astro-0.1.0.dev0+modules.e4612363998b.af1dde329812d/src/spacedatanetwork_astro/sds/REC
copying src/spacedatanetwork_astro/sds/REC/orbitObjectType.py -> spacedatanetwork_astro-0.1.0.dev0+modules.e4612363998b.af1dde329812d/src/spacedatanetwork_astro/sds/REC
copying src/spacedatanetwork_astro/sds/REC/orbitRegime.py -> spacedatanetwork_astro-0.1.0.dev0+modules.e4612363998b.af1dde329812d/src/spacedatanetwork_astro/sds/REC
copying src/spacedatanetwork_astro/sds/REC/packetCompressionAlgorithm.py -> spacedatanetwork_astro-0.1.0.dev0+modules.e4612363998b.af1dde329812d/src/spacedatanetwork_astro/sds/REC
copying src/spacedatanetwork_astro/sds/REC/packetKind.py -> spacedatanetwork_astro-0.1.0.dev0+modules.e4612363998b.af1dde329812d/src/spacedatanetwork_astro/sds/REC
copying src/spacedatanetwork_astro/sds/REC/papArrayGeometry.py -> spacedatanetwork_astro-0.1.0.dev0+modules.e4612363998b.af1dde329812d/src/spacedatanetwork_astro/sds/REC
copying src/spacedatanetwork_astro/sds/REC/papGainCutAxis.py -> spacedatanetwork_astro-0.1.0.dev0+modules.e4612363998b.af1dde329812d/src/spacedatanetwork_astro/sds/REC
copying src/spacedatanetwork_astro/sds/REC/papTaperFamily.py -> spacedatanetwork_astro-0.1.0.dev0+modules.e4612363998b.af1dde329812d/src/spacedatanetwork_astro/sds/REC
copying src/spacedatanetwork_astro/sds/REC/payloadWireFormat.py -> spacedatanetwork_astro-0.1.0.dev0+modules.e4612363998b.af1dde329812d/src/spacedatanetwork_astro/sds/REC
copying src/spacedatanetwork_astro/sds/REC/paymentMethod.py -> spacedatanetwork_astro-0.1.0.dev0+modules.e4612363998b.af1dde329812d/src/spacedatanetwork_astro/sds/REC
copying src/spacedatanetwork_astro/sds/REC/pceAvailability.py -> spacedatanetwork_astro-0.1.0.dev0+modules.e4612363998b.af1dde329812d/src/spacedatanetwork_astro/sds/REC
copying src/spacedatanetwork_astro/sds/REC/pceConditionDirection.py -> spacedatanetwork_astro-0.1.0.dev0+modules.e4612363998b.af1dde329812d/src/spacedatanetwork_astro/sds/REC
copying src/spacedatanetwork_astro/sds/REC/pceDataType.py -> spacedatanetwork_astro-0.1.0.dev0+modules.e4612363998b.af1dde329812d/src/spacedatanetwork_astro/sds/REC
copying src/spacedatanetwork_astro/sds/REC/pceFrameDependency.py -> spacedatanetwork_astro-0.1.0.dev0+modules.e4612363998b.af1dde329812d/src/spacedatanetwork_astro/sds/REC
copying src/spacedatanetwork_astro/sds/REC/pceOwnerClass.py -> spacedatanetwork_astro-0.1.0.dev0+modules.e4612363998b.af1dde329812d/src/spacedatanetwork_astro/sds/REC
copying src/spacedatanetwork_astro/sds/REC/pceParameter.py -> spacedatanetwork_astro-0.1.0.dev0+modules.e4612363998b.af1dde329812d/src/spacedatanetwork_astro/sds/REC
copying src/spacedatanetwork_astro/sds/REC/pcePropagationDirection.py -> spacedatanetwork_astro-0.1.0.dev0+modules.e4612363998b.af1dde329812d/src/spacedatanetwork_astro/sds/REC
copying src/spacedatanetwork_astro/sds/REC/pceResultStatus.py -> spacedatanetwork_astro-0.1.0.dev0+modules.e4612363998b.af1dde329812d/src/spacedatanetwork_astro/sds/REC
copying src/spacedatanetwork_astro/sds/REC/pceUnit.py -> spacedatanetwork_astro-0.1.0.dev0+modules.e4612363998b.af1dde329812d/src/spacedatanetwork_astro/sds/REC
copying src/spacedatanetwork_astro/sds/REC/pduKind.py -> spacedatanetwork_astro-0.1.0.dev0+modules.e4612363998b.af1dde329812d/src/spacedatanetwork_astro/sds/REC
copying src/spacedatanetwork_astro/sds/REC/peerGroupTrustCategory.py -> spacedatanetwork_astro-0.1.0.dev0+modules.e4612363998b.af1dde329812d/src/spacedatanetwork_astro/sds/REC
copying src/spacedatanetwork_astro/sds/REC/peerRegistryTrustCategory.py -> spacedatanetwork_astro-0.1.0.dev0+modules.e4612363998b.af1dde329812d/src/spacedatanetwork_astro/sds/REC
copying src/spacedatanetwork_astro/sds/REC/perturbationStatus.py -> spacedatanetwork_astro-0.1.0.dev0+modules.e4612363998b.af1dde329812d/src/spacedatanetwork_astro/sds/REC
copying src/spacedatanetwork_astro/sds/REC/pivStatus.py -> spacedatanetwork_astro-0.1.0.dev0+modules.e4612363998b.af1dde329812d/src/spacedatanetwork_astro/sds/REC
copying src/spacedatanetwork_astro/sds/REC/pluginCategory.py -> spacedatanetwork_astro-0.1.0.dev0+modules.e4612363998b.af1dde329812d/src/spacedatanetwork_astro/sds/REC
copying src/spacedatanetwork_astro/sds/REC/pmmAccessPolicy.py -> spacedatanetwork_astro-0.1.0.dev0+modules.e4612363998b.af1dde329812d/src/spacedatanetwork_astro/sds/REC
copying src/spacedatanetwork_astro/sds/REC/pmmEntryState.py -> spacedatanetwork_astro-0.1.0.dev0+modules.e4612363998b.af1dde329812d/src/spacedatanetwork_astro/sds/REC
copying src/spacedatanetwork_astro/sds/REC/pmmTrustTier.py -> spacedatanetwork_astro-0.1.0.dev0+modules.e4612363998b.af1dde329812d/src/spacedatanetwork_astro/sds/REC
copying src/spacedatanetwork_astro/sds/REC/pnlTrackingMode.py -> spacedatanetwork_astro-0.1.0.dev0+modules.e4612363998b.af1dde329812d/src/spacedatanetwork_astro/sds/REC
copying src/spacedatanetwork_astro/sds/REC/polynomialBasisType.py -> spacedatanetwork_astro-0.1.0.dev0+modules.e4612363998b.af1dde329812d/src/spacedatanetwork_astro/sds/REC
copying src/spacedatanetwork_astro/sds/REC/ppeAnomalyType.py -> spacedatanetwork_astro-0.1.0.dev0+modules.e4612363998b.af1dde329812d/src/spacedatanetwork_astro/sds/REC
copying src/spacedatanetwork_astro/sds/REC/propagatorConfig.py -> spacedatanetwork_astro-0.1.0.dev0+modules.e4612363998b.af1dde329812d/src/spacedatanetwork_astro/sds/REC
copying src/spacedatanetwork_astro/sds/REC/propagatorErrorCode.py -> spacedatanetwork_astro-0.1.0.dev0+modules.e4612363998b.af1dde329812d/src/spacedatanetwork_astro/sds/REC
copying src/spacedatanetwork_astro/sds/REC/propagatorFamily.py -> spacedatanetwork_astro-0.1.0.dev0+modules.e4612363998b.af1dde329812d/src/spacedatanetwork_astro/sds/REC
copying src/spacedatanetwork_astro/sds/REC/propagatorStateFlags.py -> spacedatanetwork_astro-0.1.0.dev0+modules.e4612363998b.af1dde329812d/src/spacedatanetwork_astro/sds/REC
copying src/spacedatanetwork_astro/sds/REC/prwSourceKind.py -> spacedatanetwork_astro-0.1.0.dev0+modules.e4612363998b.af1dde329812d/src/spacedatanetwork_astro/sds/REC
copying src/spacedatanetwork_astro/sds/REC/pssSolutionStatus.py -> spacedatanetwork_astro-0.1.0.dev0+modules.e4612363998b.af1dde329812d/src/spacedatanetwork_astro/sds/REC
copying src/spacedatanetwork_astro/sds/REC/publicationAssetKind.py -> spacedatanetwork_astro-0.1.0.dev0+modules.e4612363998b.af1dde329812d/src/spacedatanetwork_astro/sds/REC
copying src/spacedatanetwork_astro/sds/REC/publicationState.py -> spacedatanetwork_astro-0.1.0.dev0+modules.e4612363998b.af1dde329812d/src/spacedatanetwork_astro/sds/REC
copying src/spacedatanetwork_astro/sds/REC/purchaseLifecycleStatus.py -> spacedatanetwork_astro-0.1.0.dev0+modules.e4612363998b.af1dde329812d/src/spacedatanetwork_astro/sds/REC
copying src/spacedatanetwork_astro/sds/REC/purchaseTier.py -> spacedatanetwork_astro-0.1.0.dev0+modules.e4612363998b.af1dde329812d/src/spacedatanetwork_astro/sds/REC
copying src/spacedatanetwork_astro/sds/REC/qrpFilterOp.py -> spacedatanetwork_astro-0.1.0.dev0+modules.e4612363998b.af1dde329812d/src/spacedatanetwork_astro/sds/REC
copying src/spacedatanetwork_astro/sds/REC/qrpKind.py -> spacedatanetwork_astro-0.1.0.dev0+modules.e4612363998b.af1dde329812d/src/spacedatanetwork_astro/sds/REC
copying src/spacedatanetwork_astro/sds/REC/qrpStatus.py -> spacedatanetwork_astro-0.1.0.dev0+modules.e4612363998b.af1dde329812d/src/spacedatanetwork_astro/sds/REC
copying src/spacedatanetwork_astro/sds/REC/radarObsType.py -> spacedatanetwork_astro-0.1.0.dev0+modules.e4612363998b.af1dde329812d/src/spacedatanetwork_astro/sds/REC
copying src/spacedatanetwork_astro/sds/REC/rafPduType.py -> spacedatanetwork_astro-0.1.0.dev0+modules.e4612363998b.af1dde329812d/src/spacedatanetwork_astro/sds/REC
copying src/spacedatanetwork_astro/sds/REC/rbkEulerSequenceCode.py -> spacedatanetwork_astro-0.1.0.dev0+modules.e4612363998b.af1dde329812d/src/spacedatanetwork_astro/sds/REC
copying src/spacedatanetwork_astro/sds/REC/rbkOperationCode.py -> spacedatanetwork_astro-0.1.0.dev0+modules.e4612363998b.af1dde329812d/src/spacedatanetwork_astro/sds/REC
copying src/spacedatanetwork_astro/sds/REC/rbkResultStatus.py -> spacedatanetwork_astro-0.1.0.dev0+modules.e4612363998b.af1dde329812d/src/spacedatanetwork_astro/sds/REC
copying src/spacedatanetwork_astro/sds/REC/rcfPduType.py -> spacedatanetwork_astro-0.1.0.dev0+modules.e4612363998b.af1dde329812d/src/spacedatanetwork_astro/sds/REC
copying src/spacedatanetwork_astro/sds/REC/recurringChargeMethod.py -> spacedatanetwork_astro-0.1.0.dev0+modules.e4612363998b.af1dde329812d/src/spacedatanetwork_astro/sds/REC
copying src/spacedatanetwork_astro/sds/REC/reentryDisposition.py -> spacedatanetwork_astro-0.1.0.dev0+modules.e4612363998b.af1dde329812d/src/spacedatanetwork_astro/sds/REC
copying src/spacedatanetwork_astro/sds/REC/reentryImpact.py -> spacedatanetwork_astro-0.1.0.dev0+modules.e4612363998b.af1dde329812d/src/spacedatanetwork_astro/sds/REC
copying src/spacedatanetwork_astro/sds/REC/reentryReason.py -> spacedatanetwork_astro-0.1.0.dev0+modules.e4612363998b.af1dde329812d/src/spacedatanetwork_astro/sds/REC
copying src/spacedatanetwork_astro/sds/REC/reentryStateVector.py -> spacedatanetwork_astro-0.1.0.dev0+modules.e4612363998b.af1dde329812d/src/spacedatanetwork_astro/sds/REC
copying src/spacedatanetwork_astro/sds/REC/remBreakupMode.py -> spacedatanetwork_astro-0.1.0.dev0+modules.e4612363998b.af1dde329812d/src/spacedatanetwork_astro/sds/REC
copying src/spacedatanetwork_astro/sds/REC/remEvaluationOutcome.py -> spacedatanetwork_astro-0.1.0.dev0+modules.e4612363998b.af1dde329812d/src/spacedatanetwork_astro/sds/REC
copying src/spacedatanetwork_astro/sds/REC/remFragmentEvaluation.py -> spacedatanetwork_astro-0.1.0.dev0+modules.e4612363998b.af1dde329812d/src/spacedatanetwork_astro/sds/REC
copying src/spacedatanetwork_astro/sds/REC/resonanceSource.py -> spacedatanetwork_astro-0.1.0.dev0+modules.e4612363998b.af1dde329812d/src/spacedatanetwork_astro/sds/REC
copying src/spacedatanetwork_astro/sds/REC/reviewLifecycleStatus.py -> spacedatanetwork_astro-0.1.0.dev0+modules.e4612363998b.af1dde329812d/src/spacedatanetwork_astro/sds/REC
copying src/spacedatanetwork_astro/sds/REC/rfBandDesignation.py -> spacedatanetwork_astro-0.1.0.dev0+modules.e4612363998b.af1dde329812d/src/spacedatanetwork_astro/sds/REC
copying src/spacedatanetwork_astro/sds/REC/rfDetectionStatus.py -> spacedatanetwork_astro-0.1.0.dev0+modules.e4612363998b.af1dde329812d/src/spacedatanetwork_astro/sds/REC
copying src/spacedatanetwork_astro/sds/REC/rfEmitterDetail.py -> spacedatanetwork_astro-0.1.0.dev0+modules.e4612363998b.af1dde329812d/src/spacedatanetwork_astro/sds/REC
copying src/spacedatanetwork_astro/sds/REC/rfObsType.py -> spacedatanetwork_astro-0.1.0.dev0+modules.e4612363998b.af1dde329812d/src/spacedatanetwork_astro/sds/REC
copying src/spacedatanetwork_astro/sds/REC/rfPolarization.py -> spacedatanetwork_astro-0.1.0.dev0+modules.e4612363998b.af1dde329812d/src/spacedatanetwork_astro/sds/REC
copying src/spacedatanetwork_astro/sds/REC/rfTransmitterState.py -> spacedatanetwork_astro-0.1.0.dev0+modules.e4612363998b.af1dde329812d/src/spacedatanetwork_astro/sds/REC
copying src/spacedatanetwork_astro/sds/REC/rfeEmissionMaskClass.py -> spacedatanetwork_astro-0.1.0.dev0+modules.e4612363998b.af1dde329812d/src/spacedatanetwork_astro/sds/REC
copying src/spacedatanetwork_astro/sds/REC/rfeEmissionPath.py -> spacedatanetwork_astro-0.1.0.dev0+modules.e4612363998b.af1dde329812d/src/spacedatanetwork_astro/sds/REC
copying src/spacedatanetwork_astro/sds/REC/rflAccessState.py -> spacedatanetwork_astro-0.1.0.dev0+modules.e4612363998b.af1dde329812d/src/spacedatanetwork_astro/sds/REC
copying src/spacedatanetwork_astro/sds/REC/rflBudgetTerm.py -> spacedatanetwork_astro-0.1.0.dev0+modules.e4612363998b.af1dde329812d/src/spacedatanetwork_astro/sds/REC
copying src/spacedatanetwork_astro/sds/REC/rflComparison.py -> spacedatanetwork_astro-0.1.0.dev0+modules.e4612363998b.af1dde329812d/src/spacedatanetwork_astro/sds/REC
copying src/spacedatanetwork_astro/sds/REC/rflConstraint.py -> spacedatanetwork_astro-0.1.0.dev0+modules.e4612363998b.af1dde329812d/src/spacedatanetwork_astro/sds/REC
copying src/spacedatanetwork_astro/sds/REC/rflEndpointKind.py -> spacedatanetwork_astro-0.1.0.dev0+modules.e4612363998b.af1dde329812d/src/spacedatanetwork_astro/sds/REC
copying src/spacedatanetwork_astro/sds/REC/rflLinkKind.py -> spacedatanetwork_astro-0.1.0.dev0+modules.e4612363998b.af1dde329812d/src/spacedatanetwork_astro/sds/REC
copying src/spacedatanetwork_astro/sds/REC/rflMethod.py -> spacedatanetwork_astro-0.1.0.dev0+modules.e4612363998b.af1dde329812d/src/spacedatanetwork_astro/sds/REC
copying src/spacedatanetwork_astro/sds/REC/rflObstacleInteraction.py -> spacedatanetwork_astro-0.1.0.dev0+modules.e4612363998b.af1dde329812d/src/spacedatanetwork_astro/sds/REC
copying src/spacedatanetwork_astro/sds/REC/rfmAxisType.py -> spacedatanetwork_astro-0.1.0.dev0+modules.e4612363998b.af1dde329812d/src/spacedatanetwork_astro/sds/REC
copying src/spacedatanetwork_astro/sds/REC/rfmLibrationPoint.py -> spacedatanetwork_astro-0.1.0.dev0+modules.e4612363998b.af1dde329812d/src/spacedatanetwork_astro/sds/REC
copying src/spacedatanetwork_astro/sds/REC/rfmOriginKind.py -> spacedatanetwork_astro-0.1.0.dev0+modules.e4612363998b.af1dde329812d/src/spacedatanetwork_astro/sds/REC
copying src/spacedatanetwork_astro/sds/REC/rfmVectorSpecification.py -> spacedatanetwork_astro-0.1.0.dev0+modules.e4612363998b.af1dde329812d/src/spacedatanetwork_astro/sds/REC
copying src/spacedatanetwork_astro/sds/REC/rfsAnalyticShape.py -> spacedatanetwork_astro-0.1.0.dev0+modules.e4612363998b.af1dde329812d/src/spacedatanetwork_astro/sds/REC
copying src/spacedatanetwork_astro/sds/REC/rfsGeometryKind.py -> spacedatanetwork_astro-0.1.0.dev0+modules.e4612363998b.af1dde329812d/src/spacedatanetwork_astro/sds/REC
copying src/spacedatanetwork_astro/sds/REC/rfsIncidencePolarization.py -> spacedatanetwork_astro-0.1.0.dev0+modules.e4612363998b.af1dde329812d/src/spacedatanetwork_astro/sds/REC
copying src/spacedatanetwork_astro/sds/REC/rfsMaterialClass.py -> spacedatanetwork_astro-0.1.0.dev0+modules.e4612363998b.af1dde329812d/src/spacedatanetwork_astro/sds/REC
copying src/spacedatanetwork_astro/sds/REC/rfsPropertyMethod.py -> spacedatanetwork_astro-0.1.0.dev0+modules.e4612363998b.af1dde329812d/src/spacedatanetwork_astro/sds/REC
copying src/spacedatanetwork_astro/sds/REC/rfsScatteringClass.py -> spacedatanetwork_astro-0.1.0.dev0+modules.e4612363998b.af1dde329812d/src/spacedatanetwork_astro/sds/REC
copying src/spacedatanetwork_astro/sds/REC/rsdIntegrationStrategy.py -> spacedatanetwork_astro-0.1.0.dev0+modules.e4612363998b.af1dde329812d/src/spacedatanetwork_astro/sds/REC
copying src/spacedatanetwork_astro/sds/REC/rsdTargetFluctuation.py -> spacedatanetwork_astro-0.1.0.dev0+modules.e4612363998b.af1dde329812d/src/spacedatanetwork_astro/sds/REC
copying src/spacedatanetwork_astro/sds/REC/rsdThresholdStrategy.py -> spacedatanetwork_astro-0.1.0.dev0+modules.e4612363998b.af1dde329812d/src/spacedatanetwork_astro/sds/REC
copying src/spacedatanetwork_astro/sds/REC/rsdWaveformClass.py -> spacedatanetwork_astro-0.1.0.dev0+modules.e4612363998b.af1dde329812d/src/spacedatanetwork_astro/sds/REC
copying src/spacedatanetwork_astro/sds/REC/sarMission.py -> spacedatanetwork_astro-0.1.0.dev0+modules.e4612363998b.af1dde329812d/src/spacedatanetwork_astro/sds/REC
copying src/spacedatanetwork_astro/sds/REC/sarPolarization.py -> spacedatanetwork_astro-0.1.0.dev0+modules.e4612363998b.af1dde329812d/src/spacedatanetwork_astro/sds/REC
copying src/spacedatanetwork_astro/sds/REC/sbmEventType.py -> spacedatanetwork_astro-0.1.0.dev0+modules.e4612363998b.af1dde329812d/src/spacedatanetwork_astro/sds/REC
copying src/spacedatanetwork_astro/sds/REC/sbmFragment.py -> spacedatanetwork_astro-0.1.0.dev0+modules.e4612363998b.af1dde329812d/src/spacedatanetwork_astro/sds/REC
copying src/spacedatanetwork_astro/sds/REC/sbmFragmentOrigin.py -> spacedatanetwork_astro-0.1.0.dev0+modules.e4612363998b.af1dde329812d/src/spacedatanetwork_astro/sds/REC
copying src/spacedatanetwork_astro/sds/REC/sbmObjectClass.py -> spacedatanetwork_astro-0.1.0.dev0+modules.e4612363998b.af1dde329812d/src/spacedatanetwork_astro/sds/REC
copying src/spacedatanetwork_astro/sds/REC/scenarioActionCode.py -> spacedatanetwork_astro-0.1.0.dev0+modules.e4612363998b.af1dde329812d/src/spacedatanetwork_astro/sds/REC
copying src/spacedatanetwork_astro/sds/REC/scenarioReferenceKind.py -> spacedatanetwork_astro-0.1.0.dev0+modules.e4612363998b.af1dde329812d/src/spacedatanetwork_astro/sds/REC
copying src/spacedatanetwork_astro/sds/REC/screeningVolumeShape.py -> spacedatanetwork_astro-0.1.0.dev0+modules.e4612363998b.af1dde329812d/src/spacedatanetwork_astro/sds/REC
copying src/spacedatanetwork_astro/sds/REC/scvAnalysisMode.py -> spacedatanetwork_astro-0.1.0.dev0+modules.e4612363998b.af1dde329812d/src/spacedatanetwork_astro/sds/REC
copying src/spacedatanetwork_astro/sds/REC/scvBodyKind.py -> spacedatanetwork_astro-0.1.0.dev0+modules.e4612363998b.af1dde329812d/src/spacedatanetwork_astro/sds/REC
copying src/spacedatanetwork_astro/sds/REC/scvCoordinateFrame.py -> spacedatanetwork_astro-0.1.0.dev0+modules.e4612363998b.af1dde329812d/src/spacedatanetwork_astro/sds/REC
copying src/spacedatanetwork_astro/sds/REC/scvEnvelopeKind.py -> spacedatanetwork_astro-0.1.0.dev0+modules.e4612363998b.af1dde329812d/src/spacedatanetwork_astro/sds/REC
copying src/spacedatanetwork_astro/sds/REC/scvGeometryDomain.py -> spacedatanetwork_astro-0.1.0.dev0+modules.e4612363998b.af1dde329812d/src/spacedatanetwork_astro/sds/REC
copying src/spacedatanetwork_astro/sds/REC/scvGeometryEncoding.py -> spacedatanetwork_astro-0.1.0.dev0+modules.e4612363998b.af1dde329812d/src/spacedatanetwork_astro/sds/REC
copying src/spacedatanetwork_astro/sds/REC/scvMetricSeriesKind.py -> spacedatanetwork_astro-0.1.0.dev0+modules.e4612363998b.af1dde329812d/src/spacedatanetwork_astro/sds/REC
copying src/spacedatanetwork_astro/sds/REC/scvRasterProductEncoding.py -> spacedatanetwork_astro-0.1.0.dev0+modules.e4612363998b.af1dde329812d/src/spacedatanetwork_astro/sds/REC
copying src/spacedatanetwork_astro/sds/REC/scvRasterProductKind.py -> spacedatanetwork_astro-0.1.0.dev0+modules.e4612363998b.af1dde329812d/src/spacedatanetwork_astro/sds/REC
copying src/spacedatanetwork_astro/sds/REC/scvResultState.py -> spacedatanetwork_astro-0.1.0.dev0+modules.e4612363998b.af1dde329812d/src/spacedatanetwork_astro/sds/REC
copying src/spacedatanetwork_astro/sds/REC/scvSensorAxisConvention.py -> spacedatanetwork_astro-0.1.0.dev0+modules.e4612363998b.af1dde329812d/src/spacedatanetwork_astro/sds/REC
copying src/spacedatanetwork_astro/sds/REC/scvSensorRangeBoundaryKind.py -> spacedatanetwork_astro-0.1.0.dev0+modules.e4612363998b.af1dde329812d/src/spacedatanetwork_astro/sds/REC
copying src/spacedatanetwork_astro/sds/REC/scvSensorShapeKind.py -> spacedatanetwork_astro-0.1.0.dev0+modules.e4612363998b.af1dde329812d/src/spacedatanetwork_astro/sds/REC
copying src/spacedatanetwork_astro/sds/REC/scvTargetShape.py -> spacedatanetwork_astro-0.1.0.dev0+modules.e4612363998b.af1dde329812d/src/spacedatanetwork_astro/sds/REC
copying src/spacedatanetwork_astro/sds/REC/sdfOperation.py -> spacedatanetwork_astro-0.1.0.dev0+modules.e4612363998b.af1dde329812d/src/spacedatanetwork_astro/sds/REC
copying src/spacedatanetwork_astro/sds/REC/sdfPrimitive.py -> spacedatanetwork_astro-0.1.0.dev0+modules.e4612363998b.af1dde329812d/src/spacedatanetwork_astro/sds/REC
copying src/spacedatanetwork_astro/sds/REC/sdfResult.py -> spacedatanetwork_astro-0.1.0.dev0+modules.e4612363998b.af1dde329812d/src/spacedatanetwork_astro/sds/REC
copying src/spacedatanetwork_astro/sds/REC/sdfTimeRangeResult.py -> spacedatanetwork_astro-0.1.0.dev0+modules.e4612363998b.af1dde329812d/src/spacedatanetwork_astro/sds/REC
copying src/spacedatanetwork_astro/sds/REC/sensorCategory.py -> spacedatanetwork_astro-0.1.0.dev0+modules.e4612363998b.af1dde329812d/src/spacedatanetwork_astro/sds/REC
copying src/spacedatanetwork_astro/sds/REC/sensorMaintenanceEvent.py -> spacedatanetwork_astro-0.1.0.dev0+modules.e4612363998b.af1dde329812d/src/spacedatanetwork_astro/sds/REC
copying src/spacedatanetwork_astro/sds/REC/sensorOperationalFlags.py -> spacedatanetwork_astro-0.1.0.dev0+modules.e4612363998b.af1dde329812d/src/spacedatanetwork_astro/sds/REC
copying src/spacedatanetwork_astro/sds/REC/sensorPlan.py -> spacedatanetwork_astro-0.1.0.dev0+modules.e4612363998b.af1dde329812d/src/spacedatanetwork_astro/sds/REC
copying src/spacedatanetwork_astro/sds/REC/sensorStats.py -> spacedatanetwork_astro-0.1.0.dev0+modules.e4612363998b.af1dde329812d/src/spacedatanetwork_astro/sds/REC
copying src/spacedatanetwork_astro/sds/REC/sensorStatus.py -> spacedatanetwork_astro-0.1.0.dev0+modules.e4612363998b.af1dde329812d/src/spacedatanetwork_astro/sds/REC
copying src/spacedatanetwork_astro/sds/REC/seoDataType.py -> spacedatanetwork_astro-0.1.0.dev0+modules.e4612363998b.af1dde329812d/src/spacedatanetwork_astro/sds/REC
copying src/spacedatanetwork_astro/sds/REC/seoObservatoryType.py -> spacedatanetwork_astro-0.1.0.dev0+modules.e4612363998b.af1dde329812d/src/spacedatanetwork_astro/sds/REC
copying src/spacedatanetwork_astro/sds/REC/seoParticleType.py -> spacedatanetwork_astro-0.1.0.dev0+modules.e4612363998b.af1dde329812d/src/spacedatanetwork_astro/sds/REC
copying src/spacedatanetwork_astro/sds/REC/settlementMechanism.py -> spacedatanetwork_astro-0.1.0.dev0+modules.e4612363998b.af1dde329812d/src/spacedatanetwork_astro/sds/REC
copying src/spacedatanetwork_astro/sds/REC/shaderHookPoint.py -> spacedatanetwork_astro-0.1.0.dev0+modules.e4612363998b.af1dde329812d/src/spacedatanetwork_astro/sds/REC
copying src/spacedatanetwork_astro/sds/REC/shaderUniformType.py -> spacedatanetwork_astro-0.1.0.dev0+modules.e4612363998b.af1dde329812d/src/spacedatanetwork_astro/sds/REC
copying src/spacedatanetwork_astro/sds/REC/shcNormalization.py -> spacedatanetwork_astro-0.1.0.dev0+modules.e4612363998b.af1dde329812d/src/spacedatanetwork_astro/sds/REC
copying src/spacedatanetwork_astro/sds/REC/shcTideSystem.py -> spacedatanetwork_astro-0.1.0.dev0+modules.e4612363998b.af1dde329812d/src/spacedatanetwork_astro/sds/REC
copying src/spacedatanetwork_astro/sds/REC/shortestPathAlgorithm.py -> spacedatanetwork_astro-0.1.0.dev0+modules.e4612363998b.af1dde329812d/src/spacedatanetwork_astro/sds/REC
copying src/spacedatanetwork_astro/sds/REC/signalModulation.py -> spacedatanetwork_astro-0.1.0.dev0+modules.e4612363998b.af1dde329812d/src/spacedatanetwork_astro/sds/REC
copying src/spacedatanetwork_astro/sds/REC/sizeShapeProfile.py -> spacedatanetwork_astro-0.1.0.dev0+modules.e4612363998b.af1dde329812d/src/spacedatanetwork_astro/sds/REC
copying src/spacedatanetwork_astro/sds/REC/slpAlgorithm.py -> spacedatanetwork_astro-0.1.0.dev0+modules.e4612363998b.af1dde329812d/src/spacedatanetwork_astro/sds/REC
copying src/spacedatanetwork_astro/sds/REC/slpConstraintRelation.py -> spacedatanetwork_astro-0.1.0.dev0+modules.e4612363998b.af1dde329812d/src/spacedatanetwork_astro/sds/REC
copying src/spacedatanetwork_astro/sds/REC/slpDifferenceMode.py -> spacedatanetwork_astro-0.1.0.dev0+modules.e4612363998b.af1dde329812d/src/spacedatanetwork_astro/sds/REC
copying src/spacedatanetwork_astro/sds/REC/slpObjectiveDirection.py -> spacedatanetwork_astro-0.1.0.dev0+modules.e4612363998b.af1dde329812d/src/spacedatanetwork_astro/sds/REC
copying src/spacedatanetwork_astro/sds/REC/slpProblemKind.py -> spacedatanetwork_astro-0.1.0.dev0+modules.e4612363998b.af1dde329812d/src/spacedatanetwork_astro/sds/REC
copying src/spacedatanetwork_astro/sds/REC/slpSolveStatus.py -> spacedatanetwork_astro-0.1.0.dev0+modules.e4612363998b.af1dde329812d/src/spacedatanetwork_astro/sds/REC
copying src/spacedatanetwork_astro/sds/REC/snwErrorCode.py -> spacedatanetwork_astro-0.1.0.dev0+modules.e4612363998b.af1dde329812d/src/spacedatanetwork_astro/sds/REC
copying src/spacedatanetwork_astro/sds/REC/soiCalibrationType.py -> spacedatanetwork_astro-0.1.0.dev0+modules.e4612363998b.af1dde329812d/src/spacedatanetwork_astro/sds/REC
copying src/spacedatanetwork_astro/sds/REC/soiCollectionMode.py -> spacedatanetwork_astro-0.1.0.dev0+modules.e4612363998b.af1dde329812d/src/spacedatanetwork_astro/sds/REC
copying src/spacedatanetwork_astro/sds/REC/soiObsType.py -> spacedatanetwork_astro-0.1.0.dev0+modules.e4612363998b.af1dde329812d/src/spacedatanetwork_astro/sds/REC
copying src/spacedatanetwork_astro/sds/REC/solarPerturbationSource.py -> spacedatanetwork_astro-0.1.0.dev0+modules.e4612363998b.af1dde329812d/src/spacedatanetwork_astro/sds/REC
copying src/spacedatanetwork_astro/sds/REC/solarRadiationPressureModel.py -> spacedatanetwork_astro-0.1.0.dev0+modules.e4612363998b.af1dde329812d/src/spacedatanetwork_astro/sds/REC
copying src/spacedatanetwork_astro/sds/REC/spaceObjectClass.py -> spacedatanetwork_astro-0.1.0.dev0+modules.e4612363998b.af1dde329812d/src/spacedatanetwork_astro/sds/REC
copying src/spacedatanetwork_astro/sds/REC/splitRole.py -> spacedatanetwork_astro-0.1.0.dev0+modules.e4612363998b.af1dde329812d/src/spacedatanetwork_astro/sds/REC
copying src/spacedatanetwork_astro/sds/REC/stateRequestKind.py -> spacedatanetwork_astro-0.1.0.dev0+modules.e4612363998b.af1dde329812d/src/spacedatanetwork_astro/sds/REC
copying src/spacedatanetwork_astro/sds/REC/stfRetentionPolicy.py -> spacedatanetwork_astro-0.1.0.dev0+modules.e4612363998b.af1dde329812d/src/spacedatanetwork_astro/sds/REC
copying src/spacedatanetwork_astro/sds/REC/stxContentClass.py -> spacedatanetwork_astro-0.1.0.dev0+modules.e4612363998b.af1dde329812d/src/spacedatanetwork_astro/sds/REC
copying src/spacedatanetwork_astro/sds/REC/stxDayMask.py -> spacedatanetwork_astro-0.1.0.dev0+modules.e4612363998b.af1dde329812d/src/spacedatanetwork_astro/sds/REC
copying src/spacedatanetwork_astro/sds/REC/stxScheduleAuthorityClass.py -> spacedatanetwork_astro-0.1.0.dev0+modules.e4612363998b.af1dde329812d/src/spacedatanetwork_astro/sds/REC
copying src/spacedatanetwork_astro/sds/REC/stxScheduleStatus.py -> spacedatanetwork_astro-0.1.0.dev0+modules.e4612363998b.af1dde329812d/src/spacedatanetwork_astro/sds/REC
copying src/spacedatanetwork_astro/sds/REC/subscriptionLifecycleStatus.py -> spacedatanetwork_astro-0.1.0.dev0+modules.e4612363998b.af1dde329812d/src/spacedatanetwork_astro/sds/REC
copying src/spacedatanetwork_astro/sds/REC/survivingDebris.py -> spacedatanetwork_astro-0.1.0.dev0+modules.e4612363998b.af1dde329812d/src/spacedatanetwork_astro/sds/REC
copying src/spacedatanetwork_astro/sds/REC/targetState.py -> spacedatanetwork_astro-0.1.0.dev0+modules.e4612363998b.af1dde329812d/src/spacedatanetwork_astro/sds/REC
copying src/spacedatanetwork_astro/sds/REC/tbsMergeMethod.py -> spacedatanetwork_astro-0.1.0.dev0+modules.e4612363998b.af1dde329812d/src/spacedatanetwork_astro/sds/REC
copying src/spacedatanetwork_astro/sds/REC/tbsRadioClass.py -> spacedatanetwork_astro-0.1.0.dev0+modules.e4612363998b.af1dde329812d/src/spacedatanetwork_astro/sds/REC
copying src/spacedatanetwork_astro/sds/REC/tctBasin.py -> spacedatanetwork_astro-0.1.0.dev0+modules.e4612363998b.af1dde329812d/src/spacedatanetwork_astro/sds/REC
copying src/spacedatanetwork_astro/sds/REC/tctIntensityCategory.py -> spacedatanetwork_astro-0.1.0.dev0+modules.e4612363998b.af1dde329812d/src/spacedatanetwork_astro/sds/REC
copying src/spacedatanetwork_astro/sds/REC/tctTrackKind.py -> spacedatanetwork_astro-0.1.0.dev0+modules.e4612363998b.af1dde329812d/src/spacedatanetwork_astro/sds/REC
copying src/spacedatanetwork_astro/sds/REC/tctTrackOrigin.py -> spacedatanetwork_astro-0.1.0.dev0+modules.e4612363998b.af1dde329812d/src/spacedatanetwork_astro/sds/REC
copying src/spacedatanetwork_astro/sds/REC/tfnFacilityType.py -> spacedatanetwork_astro-0.1.0.dev0+modules.e4612363998b.af1dde329812d/src/spacedatanetwork_astro/sds/REC
copying src/spacedatanetwork_astro/sds/REC/tfnSurfaceKind.py -> spacedatanetwork_astro-0.1.0.dev0+modules.e4612363998b.af1dde329812d/src/spacedatanetwork_astro/sds/REC
copying src/spacedatanetwork_astro/sds/REC/thrusterType.py -> spacedatanetwork_astro-0.1.0.dev0+modules.e4612363998b.af1dde329812d/src/spacedatanetwork_astro/sds/REC
copying src/spacedatanetwork_astro/sds/REC/timCcsdsTimeCodeKind.py -> spacedatanetwork_astro-0.1.0.dev0+modules.e4612363998b.af1dde329812d/src/spacedatanetwork_astro/sds/REC
copying src/spacedatanetwork_astro/sds/REC/timConversionStatus.py -> spacedatanetwork_astro-0.1.0.dev0+modules.e4612363998b.af1dde329812d/src/spacedatanetwork_astro/sds/REC
copying src/spacedatanetwork_astro/sds/REC/timEpochRepresentation.py -> spacedatanetwork_astro-0.1.0.dev0+modules.e4612363998b.af1dde329812d/src/spacedatanetwork_astro/sds/REC
copying src/spacedatanetwork_astro/sds/REC/timingStandard.py -> spacedatanetwork_astro-0.1.0.dev0+modules.e4612363998b.af1dde329812d/src/spacedatanetwork_astro/sds/REC
copying src/spacedatanetwork_astro/sds/REC/trackEnvironment.py -> spacedatanetwork_astro-0.1.0.dev0+modules.e4612363998b.af1dde329812d/src/spacedatanetwork_astro/sds/REC
copying src/spacedatanetwork_astro/sds/REC/trajectoryType.py -> spacedatanetwork_astro-0.1.0.dev0+modules.e4612363998b.af1dde329812d/src/spacedatanetwork_astro/sds/REC
copying src/spacedatanetwork_astro/sds/REC/transmissionClass.py -> spacedatanetwork_astro-0.1.0.dev0+modules.e4612363998b.af1dde329812d/src/spacedatanetwork_astro/sds/REC
copying src/spacedatanetwork_astro/sds/REC/trhHardwareKind.py -> spacedatanetwork_astro-0.1.0.dev0+modules.e4612363998b.af1dde329812d/src/spacedatanetwork_astro/sds/REC
copying src/spacedatanetwork_astro/sds/REC/trhTurnaroundMode.py -> spacedatanetwork_astro-0.1.0.dev0+modules.e4612363998b.af1dde329812d/src/spacedatanetwork_astro/sds/REC
copying src/spacedatanetwork_astro/sds/REC/troughType.py -> spacedatanetwork_astro-0.1.0.dev0+modules.e4612363998b.af1dde329812d/src/spacedatanetwork_astro/sds/REC
copying src/spacedatanetwork_astro/sds/REC/trpCombinator.py -> spacedatanetwork_astro-0.1.0.dev0+modules.e4612363998b.af1dde329812d/src/spacedatanetwork_astro/sds/REC
copying src/spacedatanetwork_astro/sds/REC/trpPredicateKind.py -> spacedatanetwork_astro-0.1.0.dev0+modules.e4612363998b.af1dde329812d/src/spacedatanetwork_astro/sds/REC
copying src/spacedatanetwork_astro/sds/REC/trsPathClass.py -> spacedatanetwork_astro-0.1.0.dev0+modules.e4612363998b.af1dde329812d/src/spacedatanetwork_astro/sds/REC
copying src/spacedatanetwork_astro/sds/REC/trsPropagationModel.py -> spacedatanetwork_astro-0.1.0.dev0+modules.e4612363998b.af1dde329812d/src/spacedatanetwork_astro/sds/REC
copying src/spacedatanetwork_astro/sds/REC/trsResultStatus.py -> spacedatanetwork_astro-0.1.0.dev0+modules.e4612363998b.af1dde329812d/src/spacedatanetwork_astro/sds/REC
copying src/spacedatanetwork_astro/sds/REC/trsSolverTier.py -> spacedatanetwork_astro-0.1.0.dev0+modules.e4612363998b.af1dde329812d/src/spacedatanetwork_astro/sds/REC
copying src/spacedatanetwork_astro/sds/REC/txsMergeMethod.py -> spacedatanetwork_astro-0.1.0.dev0+modules.e4612363998b.af1dde329812d/src/spacedatanetwork_astro/sds/REC
copying src/spacedatanetwork_astro/sds/REC/txsModulationClass.py -> spacedatanetwork_astro-0.1.0.dev0+modules.e4612363998b.af1dde329812d/src/spacedatanetwork_astro/sds/REC
copying src/spacedatanetwork_astro/sds/REC/txsOperationalStatus.py -> spacedatanetwork_astro-0.1.0.dev0+modules.e4612363998b.af1dde329812d/src/spacedatanetwork_astro/sds/REC
copying src/spacedatanetwork_astro/sds/REC/txsPolarization.py -> spacedatanetwork_astro-0.1.0.dev0+modules.e4612363998b.af1dde329812d/src/spacedatanetwork_astro/sds/REC
copying src/spacedatanetwork_astro/sds/REC/txsPositionAuthorityClass.py -> spacedatanetwork_astro-0.1.0.dev0+modules.e4612363998b.af1dde329812d/src/spacedatanetwork_astro/sds/REC
copying src/spacedatanetwork_astro/sds/REC/txsServiceClass.py -> spacedatanetwork_astro-0.1.0.dev0+modules.e4612363998b.af1dde329812d/src/spacedatanetwork_astro/sds/REC
copying src/spacedatanetwork_astro/sds/REC/txsStructureClass.py -> spacedatanetwork_astro-0.1.0.dev0+modules.e4612363998b.af1dde329812d/src/spacedatanetwork_astro/sds/REC
copying src/spacedatanetwork_astro/sds/REC/uvwSigmas.py -> spacedatanetwork_astro-0.1.0.dev0+modules.e4612363998b.af1dde329812d/src/spacedatanetwork_astro/sds/REC
copying src/spacedatanetwork_astro/sds/REC/vcfAliasKind.py -> spacedatanetwork_astro-0.1.0.dev0+modules.e4612363998b.af1dde329812d/src/spacedatanetwork_astro/sds/REC
copying src/spacedatanetwork_astro/sds/REC/vcfCardForm.py -> spacedatanetwork_astro-0.1.0.dev0+modules.e4612363998b.af1dde329812d/src/spacedatanetwork_astro/sds/REC
copying src/spacedatanetwork_astro/sds/REC/vcfLineEnding.py -> spacedatanetwork_astro-0.1.0.dev0+modules.e4612363998b.af1dde329812d/src/spacedatanetwork_astro/sds/REC
copying src/spacedatanetwork_astro/sds/REC/vcfPhotoPolicy.py -> spacedatanetwork_astro-0.1.0.dev0+modules.e4612363998b.af1dde329812d/src/spacedatanetwork_astro/sds/REC
copying src/spacedatanetwork_astro/sds/REC/vepEnergyType.py -> spacedatanetwork_astro-0.1.0.dev0+modules.e4612363998b.af1dde329812d/src/spacedatanetwork_astro/sds/REC
copying src/spacedatanetwork_astro/sds/REC/vepInterpolation.py -> spacedatanetwork_astro-0.1.0.dev0+modules.e4612363998b.af1dde329812d/src/spacedatanetwork_astro/sds/REC
copying src/spacedatanetwork_astro/sds/REC/vepRegime.py -> spacedatanetwork_astro-0.1.0.dev0+modules.e4612363998b.af1dde329812d/src/spacedatanetwork_astro/sds/REC
copying src/spacedatanetwork_astro/sds/REC/viewerCameraFrameMode.py -> spacedatanetwork_astro-0.1.0.dev0+modules.e4612363998b.af1dde329812d/src/spacedatanetwork_astro/sds/REC
copying src/spacedatanetwork_astro/sds/REC/viewerMapMode.py -> spacedatanetwork_astro-0.1.0.dev0+modules.e4612363998b.af1dde329812d/src/spacedatanetwork_astro/sds/REC
copying src/spacedatanetwork_astro/sds/REC/viewerSatelliteAlignmentMode.py -> spacedatanetwork_astro-0.1.0.dev0+modules.e4612363998b.af1dde329812d/src/spacedatanetwork_astro/sds/REC
copying src/spacedatanetwork_astro/sds/REC/visualAssetDecisionKind.py -> spacedatanetwork_astro-0.1.0.dev0+modules.e4612363998b.af1dde329812d/src/spacedatanetwork_astro/sds/REC
copying src/spacedatanetwork_astro/sds/REC/visualAssetLicenseClass.py -> spacedatanetwork_astro-0.1.0.dev0+modules.e4612363998b.af1dde329812d/src/spacedatanetwork_astro/sds/REC
copying src/spacedatanetwork_astro/sds/REC/visualAssetPermissionDecision.py -> spacedatanetwork_astro-0.1.0.dev0+modules.e4612363998b.af1dde329812d/src/spacedatanetwork_astro/sds/REC
copying src/spacedatanetwork_astro/sds/REC/visualAssetReviewState.py -> spacedatanetwork_astro-0.1.0.dev0+modules.e4612363998b.af1dde329812d/src/spacedatanetwork_astro/sds/REC
copying src/spacedatanetwork_astro/sds/REC/visualAssetReviewerRole.py -> spacedatanetwork_astro-0.1.0.dev0+modules.e4612363998b.af1dde329812d/src/spacedatanetwork_astro/sds/REC
copying src/spacedatanetwork_astro/sds/REC/visualAssetUpAxis.py -> spacedatanetwork_astro-0.1.0.dev0+modules.e4612363998b.af1dde329812d/src/spacedatanetwork_astro/sds/REC
copying src/spacedatanetwork_astro/sds/REC/visualAssetVariantKind.py -> spacedatanetwork_astro-0.1.0.dev0+modules.e4612363998b.af1dde329812d/src/spacedatanetwork_astro/sds/REC
copying src/spacedatanetwork_astro/sds/REC/weightedEdge.py -> spacedatanetwork_astro-0.1.0.dev0+modules.e4612363998b.af1dde329812d/src/spacedatanetwork_astro/sds/REC
copying src/spacedatanetwork_astro/sds/REC/wxfGridKind.py -> spacedatanetwork_astro-0.1.0.dev0+modules.e4612363998b.af1dde329812d/src/spacedatanetwork_astro/sds/REC
copying src/spacedatanetwork_astro/sds/REC/wxfLevelKind.py -> spacedatanetwork_astro-0.1.0.dev0+modules.e4612363998b.af1dde329812d/src/spacedatanetwork_astro/sds/REC
copying src/spacedatanetwork_astro/sds/REC/wxfLicenseClass.py -> spacedatanetwork_astro-0.1.0.dev0+modules.e4612363998b.af1dde329812d/src/spacedatanetwork_astro/sds/REC
copying src/spacedatanetwork_astro/sds/REC/wxfMemberKind.py -> spacedatanetwork_astro-0.1.0.dev0+modules.e4612363998b.af1dde329812d/src/spacedatanetwork_astro/sds/REC
copying src/spacedatanetwork_astro/sds/REC/wxfModelClass.py -> spacedatanetwork_astro-0.1.0.dev0+modules.e4612363998b.af1dde329812d/src/spacedatanetwork_astro/sds/REC
copying src/spacedatanetwork_astro/sds/REC/wxfTemporalKind.py -> spacedatanetwork_astro-0.1.0.dev0+modules.e4612363998b.af1dde329812d/src/spacedatanetwork_astro/sds/REC
copying src/spacedatanetwork_astro/sds/REC/wxfTimeBasis.py -> spacedatanetwork_astro-0.1.0.dev0+modules.e4612363998b.af1dde329812d/src/spacedatanetwork_astro/sds/REC
copying src/spacedatanetwork_astro/sds/REC/wxfValuesEncoding.py -> spacedatanetwork_astro-0.1.0.dev0+modules.e4612363998b.af1dde329812d/src/spacedatanetwork_astro/sds/REC
copying src/spacedatanetwork_astro/sds/REC/wxfVariable.py -> spacedatanetwork_astro-0.1.0.dev0+modules.e4612363998b.af1dde329812d/src/spacedatanetwork_astro/sds/REC
copying src/spacedatanetwork_astro/sds/REC/zonalHarmonic.py -> spacedatanetwork_astro-0.1.0.dev0+modules.e4612363998b.af1dde329812d/src/spacedatanetwork_astro/sds/REC
copying src/spacedatanetwork_astro/sds/RFM/CelestialFrame.py -> spacedatanetwork_astro-0.1.0.dev0+modules.e4612363998b.af1dde329812d/src/spacedatanetwork_astro/sds/RFM
copying src/spacedatanetwork_astro/sds/RFM/CelestialFrameWrapper.py -> spacedatanetwork_astro-0.1.0.dev0+modules.e4612363998b.af1dde329812d/src/spacedatanetwork_astro/sds/RFM
copying src/spacedatanetwork_astro/sds/RFM/CustomFrame.py -> spacedatanetwork_astro-0.1.0.dev0+modules.e4612363998b.af1dde329812d/src/spacedatanetwork_astro/sds/RFM
copying src/spacedatanetwork_astro/sds/RFM/CustomFrameWrapper.py -> spacedatanetwork_astro-0.1.0.dev0+modules.e4612363998b.af1dde329812d/src/spacedatanetwork_astro/sds/RFM
copying src/spacedatanetwork_astro/sds/RFM/OrbitFrame.py -> spacedatanetwork_astro-0.1.0.dev0+modules.e4612363998b.af1dde329812d/src/spacedatanetwork_astro/sds/RFM
copying src/spacedatanetwork_astro/sds/RFM/OrbitFrameWrapper.py -> spacedatanetwork_astro-0.1.0.dev0+modules.e4612363998b.af1dde329812d/src/spacedatanetwork_astro/sds/RFM
copying src/spacedatanetwork_astro/sds/RFM/RFM.py -> spacedatanetwork_astro-0.1.0.dev0+modules.e4612363998b.af1dde329812d/src/spacedatanetwork_astro/sds/RFM
copying src/spacedatanetwork_astro/sds/RFM/RFMCoordinateSystem.py -> spacedatanetwork_astro-0.1.0.dev0+modules.e4612363998b.af1dde329812d/src/spacedatanetwork_astro/sds/RFM
copying src/spacedatanetwork_astro/sds/RFM/RFMCoordinateSystemWrapper.py -> spacedatanetwork_astro-0.1.0.dev0+modules.e4612363998b.af1dde329812d/src/spacedatanetwork_astro/sds/RFM
copying src/spacedatanetwork_astro/sds/RFM/RFMLocalAlignedConstrainedAxes.py -> spacedatanetwork_astro-0.1.0.dev0+modules.e4612363998b.af1dde329812d/src/spacedatanetwork_astro/sds/RFM
copying src/spacedatanetwork_astro/sds/RFM/RFMObjectReferencedAxes.py -> spacedatanetwork_astro-0.1.0.dev0+modules.e4612363998b.af1dde329812d/src/spacedatanetwork_astro/sds/RFM
copying src/spacedatanetwork_astro/sds/RFM/RFMOrigin.py -> spacedatanetwork_astro-0.1.0.dev0+modules.e4612363998b.af1dde329812d/src/spacedatanetwork_astro/sds/RFM
copying src/spacedatanetwork_astro/sds/RFM/RFMUnion.py -> spacedatanetwork_astro-0.1.0.dev0+modules.e4612363998b.af1dde329812d/src/spacedatanetwork_astro/sds/RFM
copying src/spacedatanetwork_astro/sds/RFM/SpacecraftFrame.py -> spacedatanetwork_astro-0.1.0.dev0+modules.e4612363998b.af1dde329812d/src/spacedatanetwork_astro/sds/RFM
copying src/spacedatanetwork_astro/sds/RFM/SpacecraftFrameWrapper.py -> spacedatanetwork_astro-0.1.0.dev0+modules.e4612363998b.af1dde329812d/src/spacedatanetwork_astro/sds/RFM
copying src/spacedatanetwork_astro/sds/RFM/__init__.py -> spacedatanetwork_astro-0.1.0.dev0+modules.e4612363998b.af1dde329812d/src/spacedatanetwork_astro/sds/RFM
copying src/spacedatanetwork_astro/sds/RFM/rfmAxisType.py -> spacedatanetwork_astro-0.1.0.dev0+modules.e4612363998b.af1dde329812d/src/spacedatanetwork_astro/sds/RFM
copying src/spacedatanetwork_astro/sds/RFM/rfmLibrationPoint.py -> spacedatanetwork_astro-0.1.0.dev0+modules.e4612363998b.af1dde329812d/src/spacedatanetwork_astro/sds/RFM
copying src/spacedatanetwork_astro/sds/RFM/rfmOriginKind.py -> spacedatanetwork_astro-0.1.0.dev0+modules.e4612363998b.af1dde329812d/src/spacedatanetwork_astro/sds/RFM
copying src/spacedatanetwork_astro/sds/RFM/rfmVectorSpecification.py -> spacedatanetwork_astro-0.1.0.dev0+modules.e4612363998b.af1dde329812d/src/spacedatanetwork_astro/sds/RFM
copying src/spacedatanetwork_astro/sds/TAB/FlatBufferTypeRef.py -> spacedatanetwork_astro-0.1.0.dev0+modules.e4612363998b.af1dde329812d/src/spacedatanetwork_astro/sds/TAB
copying src/spacedatanetwork_astro/sds/TAB/TAB.py -> spacedatanetwork_astro-0.1.0.dev0+modules.e4612363998b.af1dde329812d/src/spacedatanetwork_astro/sds/TAB
copying src/spacedatanetwork_astro/sds/TAB/__init__.py -> spacedatanetwork_astro-0.1.0.dev0+modules.e4612363998b.af1dde329812d/src/spacedatanetwork_astro/sds/TAB
copying src/spacedatanetwork_astro/sds/TAB/bufferMutability.py -> spacedatanetwork_astro-0.1.0.dev0+modules.e4612363998b.af1dde329812d/src/spacedatanetwork_astro/sds/TAB
copying src/spacedatanetwork_astro/sds/TAB/bufferOwnership.py -> spacedatanetwork_astro-0.1.0.dev0+modules.e4612363998b.af1dde329812d/src/spacedatanetwork_astro/sds/TAB
copying src/spacedatanetwork_astro/sds/TAB/payloadWireFormat.py -> spacedatanetwork_astro-0.1.0.dev0+modules.e4612363998b.af1dde329812d/src/spacedatanetwork_astro/sds/TAB
copying src/spacedatanetwork_astro/sds/TDM/CelestialFrame.py -> spacedatanetwork_astro-0.1.0.dev0+modules.e4612363998b.af1dde329812d/src/spacedatanetwork_astro/sds/TDM
copying src/spacedatanetwork_astro/sds/TDM/CelestialFrameWrapper.py -> spacedatanetwork_astro-0.1.0.dev0+modules.e4612363998b.af1dde329812d/src/spacedatanetwork_astro/sds/TDM
copying src/spacedatanetwork_astro/sds/TDM/CustomFrame.py -> spacedatanetwork_astro-0.1.0.dev0+modules.e4612363998b.af1dde329812d/src/spacedatanetwork_astro/sds/TDM
copying src/spacedatanetwork_astro/sds/TDM/CustomFrameWrapper.py -> spacedatanetwork_astro-0.1.0.dev0+modules.e4612363998b.af1dde329812d/src/spacedatanetwork_astro/sds/TDM
copying src/spacedatanetwork_astro/sds/TDM/OrbitFrame.py -> spacedatanetwork_astro-0.1.0.dev0+modules.e4612363998b.af1dde329812d/src/spacedatanetwork_astro/sds/TDM
copying src/spacedatanetwork_astro/sds/TDM/OrbitFrameWrapper.py -> spacedatanetwork_astro-0.1.0.dev0+modules.e4612363998b.af1dde329812d/src/spacedatanetwork_astro/sds/TDM
copying src/spacedatanetwork_astro/sds/TDM/RFM.py -> spacedatanetwork_astro-0.1.0.dev0+modules.e4612363998b.af1dde329812d/src/spacedatanetwork_astro/sds/TDM
copying src/spacedatanetwork_astro/sds/TDM/RFMCoordinateSystem.py -> spacedatanetwork_astro-0.1.0.dev0+modules.e4612363998b.af1dde329812d/src/spacedatanetwork_astro/sds/TDM
copying src/spacedatanetwork_astro/sds/TDM/RFMCoordinateSystemWrapper.py -> spacedatanetwork_astro-0.1.0.dev0+modules.e4612363998b.af1dde329812d/src/spacedatanetwork_astro/sds/TDM
copying src/spacedatanetwork_astro/sds/TDM/RFMLocalAlignedConstrainedAxes.py -> spacedatanetwork_astro-0.1.0.dev0+modules.e4612363998b.af1dde329812d/src/spacedatanetwork_astro/sds/TDM
copying src/spacedatanetwork_astro/sds/TDM/RFMObjectReferencedAxes.py -> spacedatanetwork_astro-0.1.0.dev0+modules.e4612363998b.af1dde329812d/src/spacedatanetwork_astro/sds/TDM
copying src/spacedatanetwork_astro/sds/TDM/RFMOrigin.py -> spacedatanetwork_astro-0.1.0.dev0+modules.e4612363998b.af1dde329812d/src/spacedatanetwork_astro/sds/TDM
copying src/spacedatanetwork_astro/sds/TDM/RFMUnion.py -> spacedatanetwork_astro-0.1.0.dev0+modules.e4612363998b.af1dde329812d/src/spacedatanetwork_astro/sds/TDM
copying src/spacedatanetwork_astro/sds/TDM/SpacecraftFrame.py -> spacedatanetwork_astro-0.1.0.dev0+modules.e4612363998b.af1dde329812d/src/spacedatanetwork_astro/sds/TDM
copying src/spacedatanetwork_astro/sds/TDM/SpacecraftFrameWrapper.py -> spacedatanetwork_astro-0.1.0.dev0+modules.e4612363998b.af1dde329812d/src/spacedatanetwork_astro/sds/TDM
copying src/spacedatanetwork_astro/sds/TDM/TDM.py -> spacedatanetwork_astro-0.1.0.dev0+modules.e4612363998b.af1dde329812d/src/spacedatanetwork_astro/sds/TDM
copying src/spacedatanetwork_astro/sds/TDM/TDMObservation.py -> spacedatanetwork_astro-0.1.0.dev0+modules.e4612363998b.af1dde329812d/src/spacedatanetwork_astro/sds/TDM
copying src/spacedatanetwork_astro/sds/TDM/TDMSegment.py -> spacedatanetwork_astro-0.1.0.dev0+modules.e4612363998b.af1dde329812d/src/spacedatanetwork_astro/sds/TDM
copying src/spacedatanetwork_astro/sds/TDM/TDMTransmitRamp.py -> spacedatanetwork_astro-0.1.0.dev0+modules.e4612363998b.af1dde329812d/src/spacedatanetwork_astro/sds/TDM
copying src/spacedatanetwork_astro/sds/TDM/__init__.py -> spacedatanetwork_astro-0.1.0.dev0+modules.e4612363998b.af1dde329812d/src/spacedatanetwork_astro/sds/TDM
copying src/spacedatanetwork_astro/sds/TDM/rfmAxisType.py -> spacedatanetwork_astro-0.1.0.dev0+modules.e4612363998b.af1dde329812d/src/spacedatanetwork_astro/sds/TDM
copying src/spacedatanetwork_astro/sds/TDM/rfmLibrationPoint.py -> spacedatanetwork_astro-0.1.0.dev0+modules.e4612363998b.af1dde329812d/src/spacedatanetwork_astro/sds/TDM
copying src/spacedatanetwork_astro/sds/TDM/rfmOriginKind.py -> spacedatanetwork_astro-0.1.0.dev0+modules.e4612363998b.af1dde329812d/src/spacedatanetwork_astro/sds/TDM
copying src/spacedatanetwork_astro/sds/TDM/rfmVectorSpecification.py -> spacedatanetwork_astro-0.1.0.dev0+modules.e4612363998b.af1dde329812d/src/spacedatanetwork_astro/sds/TDM
copying src/spacedatanetwork_astro/sds/TIM/TIM.py -> spacedatanetwork_astro-0.1.0.dev0+modules.e4612363998b.af1dde329812d/src/spacedatanetwork_astro/sds/TIM
copying src/spacedatanetwork_astro/sds/TIM/TIMCcsdsTimeCode.py -> spacedatanetwork_astro-0.1.0.dev0+modules.e4612363998b.af1dde329812d/src/spacedatanetwork_astro/sds/TIM
copying src/spacedatanetwork_astro/sds/TIM/TIMConversionRequest.py -> spacedatanetwork_astro-0.1.0.dev0+modules.e4612363998b.af1dde329812d/src/spacedatanetwork_astro/sds/TIM
copying src/spacedatanetwork_astro/sds/TIM/TIMConversionResult.py -> spacedatanetwork_astro-0.1.0.dev0+modules.e4612363998b.af1dde329812d/src/spacedatanetwork_astro/sds/TIM
copying src/spacedatanetwork_astro/sds/TIM/TIMInstant.py -> spacedatanetwork_astro-0.1.0.dev0+modules.e4612363998b.af1dde329812d/src/spacedatanetwork_astro/sds/TIM
copying src/spacedatanetwork_astro/sds/TIM/__init__.py -> spacedatanetwork_astro-0.1.0.dev0+modules.e4612363998b.af1dde329812d/src/spacedatanetwork_astro/sds/TIM
copying src/spacedatanetwork_astro/sds/TIM/timCcsdsTimeCodeKind.py -> spacedatanetwork_astro-0.1.0.dev0+modules.e4612363998b.af1dde329812d/src/spacedatanetwork_astro/sds/TIM
copying src/spacedatanetwork_astro/sds/TIM/timConversionStatus.py -> spacedatanetwork_astro-0.1.0.dev0+modules.e4612363998b.af1dde329812d/src/spacedatanetwork_astro/sds/TIM
copying src/spacedatanetwork_astro/sds/TIM/timEpochRepresentation.py -> spacedatanetwork_astro-0.1.0.dev0+modules.e4612363998b.af1dde329812d/src/spacedatanetwork_astro/sds/TIM
copying src/spacedatanetwork_astro/sds/TIM/timingStandard.py -> spacedatanetwork_astro-0.1.0.dev0+modules.e4612363998b.af1dde329812d/src/spacedatanetwork_astro/sds/TIM
copying src/spacedatanetwork_astro/sds/TRH/TRH.py -> spacedatanetwork_astro-0.1.0.dev0+modules.e4612363998b.af1dde329812d/src/spacedatanetwork_astro/sds/TRH
copying src/spacedatanetwork_astro/sds/TRH/TRHAntenna.py -> spacedatanetwork_astro-0.1.0.dev0+modules.e4612363998b.af1dde329812d/src/spacedatanetwork_astro/sds/TRH
copying src/spacedatanetwork_astro/sds/TRH/TRHAttestation.py -> spacedatanetwork_astro-0.1.0.dev0+modules.e4612363998b.af1dde329812d/src/spacedatanetwork_astro/sds/TRH
copying src/spacedatanetwork_astro/sds/TRH/TRHHardwareRef.py -> spacedatanetwork_astro-0.1.0.dev0+modules.e4612363998b.af1dde329812d/src/spacedatanetwork_astro/sds/TRH
copying src/spacedatanetwork_astro/sds/TRH/TRHInstallation.py -> spacedatanetwork_astro-0.1.0.dev0+modules.e4612363998b.af1dde329812d/src/spacedatanetwork_astro/sds/TRH
copying src/spacedatanetwork_astro/sds/TRH/TRHReceiver.py -> spacedatanetwork_astro-0.1.0.dev0+modules.e4612363998b.af1dde329812d/src/spacedatanetwork_astro/sds/TRH
copying src/spacedatanetwork_astro/sds/TRH/TRHTransmitter.py -> spacedatanetwork_astro-0.1.0.dev0+modules.e4612363998b.af1dde329812d/src/spacedatanetwork_astro/sds/TRH
copying src/spacedatanetwork_astro/sds/TRH/TRHTransponder.py -> spacedatanetwork_astro-0.1.0.dev0+modules.e4612363998b.af1dde329812d/src/spacedatanetwork_astro/sds/TRH
copying src/spacedatanetwork_astro/sds/TRH/__init__.py -> spacedatanetwork_astro-0.1.0.dev0+modules.e4612363998b.af1dde329812d/src/spacedatanetwork_astro/sds/TRH
copying src/spacedatanetwork_astro/sds/TRH/trhHardwareKind.py -> spacedatanetwork_astro-0.1.0.dev0+modules.e4612363998b.af1dde329812d/src/spacedatanetwork_astro/sds/TRH
copying src/spacedatanetwork_astro/sds/TRH/trhTurnaroundMode.py -> spacedatanetwork_astro-0.1.0.dev0+modules.e4612363998b.af1dde329812d/src/spacedatanetwork_astro/sds/TRH
copying tests/test_api_contract.py -> spacedatanetwork_astro-0.1.0.dev0+modules.e4612363998b.af1dde329812d/tests
copying tests/test_build_gate.py -> spacedatanetwork_astro-0.1.0.dev0+modules.e4612363998b.af1dde329812d/tests
copying tests/test_distribution.py -> spacedatanetwork_astro-0.1.0.dev0+modules.e4612363998b.af1dde329812d/tests
copying tests/test_numerical.py -> spacedatanetwork_astro-0.1.0.dev0+modules.e4612363998b.af1dde329812d/tests
copying tests/test_runtime.py -> spacedatanetwork_astro-0.1.0.dev0+modules.e4612363998b.af1dde329812d/tests
copying tests/test_vendoring.py -> spacedatanetwork_astro-0.1.0.dev0+modules.e4612363998b.af1dde329812d/tests
copying tests/fixtures/module-vectors.json -> spacedatanetwork_astro-0.1.0.dev0+modules.e4612363998b.af1dde329812d/tests/fixtures
Writing spacedatanetwork_astro-0.1.0.dev0+modules.e4612363998b.af1dde329812d/setup.cfg
Creating tar archive
removing 'spacedatanetwork_astro-0.1.0.dev0+modules.e4612363998b.af1dde329812d' (and everything under it)
Successfully built spacedatanetwork_astro-0.1.0.dev0+modules.e4612363998b.af1dde329812d.tar.gz
