* Getting build dependencies for wheel...
running egg_info
writing src/spacedatanetwork_astro.egg-info/PKG-INFO
writing dependency_links to src/spacedatanetwork_astro.egg-info/dependency_links.txt
writing entry points to src/spacedatanetwork_astro.egg-info/entry_points.txt
writing requirements to src/spacedatanetwork_astro.egg-info/requires.txt
writing top-level names to src/spacedatanetwork_astro.egg-info/top_level.txt
reading manifest file 'src/spacedatanetwork_astro.egg-info/SOURCES.txt'
reading manifest template 'MANIFEST.in'
writing manifest file 'src/spacedatanetwork_astro.egg-info/SOURCES.txt'
* Building wheel...
PASS: staged 9 hash-pinned SDK module artifacts
running bdist_wheel
running build
running build_py
copying src/spacedatanetwork_astro/runtime.py -> build/lib/spacedatanetwork_astro
running egg_info
writing src/spacedatanetwork_astro.egg-info/PKG-INFO
writing dependency_links to src/spacedatanetwork_astro.egg-info/dependency_links.txt
writing entry points to src/spacedatanetwork_astro.egg-info/entry_points.txt
writing requirements to src/spacedatanetwork_astro.egg-info/requires.txt
writing top-level names to src/spacedatanetwork_astro.egg-info/top_level.txt
reading manifest file 'src/spacedatanetwork_astro.egg-info/SOURCES.txt'
reading manifest template 'MANIFEST.in'
writing manifest file 'src/spacedatanetwork_astro.egg-info/SOURCES.txt'
copying src/spacedatanetwork_astro/artifacts/analysis-access/module.wasm -> build/lib/spacedatanetwork_astro/artifacts/analysis-access
copying src/spacedatanetwork_astro/artifacts/propagator-events/module.wasm -> build/lib/spacedatanetwork_astro/artifacts/propagator-events
copying src/spacedatanetwork_astro/artifacts/foundation-frames/module.wasm -> build/lib/spacedatanetwork_astro/artifacts/foundation-frames
copying src/spacedatanetwork_astro/artifacts/analysis-conjunction-assessment/module.wasm -> build/lib/spacedatanetwork_astro/artifacts/analysis-conjunction-assessment
copying src/spacedatanetwork_astro/artifacts/analysis-estimation/module.wasm -> build/lib/spacedatanetwork_astro/artifacts/analysis-estimation
copying src/spacedatanetwork_astro/artifacts/propagator-sgp4/module.wasm -> build/lib/spacedatanetwork_astro/artifacts/propagator-sgp4
copying src/spacedatanetwork_astro/artifacts/foundation-time/module.wasm -> build/lib/spacedatanetwork_astro/artifacts/foundation-time
copying src/spacedatanetwork_astro/artifacts/propagator-hpop/module.wasm -> build/lib/spacedatanetwork_astro/artifacts/propagator-hpop
copying src/spacedatanetwork_astro/artifacts/analysis-lambert-izzo/module.wasm -> build/lib/spacedatanetwork_astro/artifacts/analysis-lambert-izzo
copying src/spacedatanetwork_astro/artifacts/analysis-access/plugin-manifest.json -> build/lib/spacedatanetwork_astro/artifacts/analysis-access
copying src/spacedatanetwork_astro/artifacts/propagator-events/build-provenance.json -> build/lib/spacedatanetwork_astro/artifacts/propagator-events
copying src/spacedatanetwork_astro/artifacts/propagator-events/plugin-manifest.json -> build/lib/spacedatanetwork_astro/artifacts/propagator-events
copying src/spacedatanetwork_astro/artifacts/foundation-frames/build-provenance.json -> build/lib/spacedatanetwork_astro/artifacts/foundation-frames
copying src/spacedatanetwork_astro/artifacts/foundation-frames/plugin-manifest.json -> build/lib/spacedatanetwork_astro/artifacts/foundation-frames
copying src/spacedatanetwork_astro/artifacts/analysis-conjunction-assessment/plugin-manifest.json -> build/lib/spacedatanetwork_astro/artifacts/analysis-conjunction-assessment
copying src/spacedatanetwork_astro/artifacts/analysis-estimation/build-provenance.json -> build/lib/spacedatanetwork_astro/artifacts/analysis-estimation
copying src/spacedatanetwork_astro/artifacts/analysis-estimation/plugin-manifest.json -> build/lib/spacedatanetwork_astro/artifacts/analysis-estimation
copying src/spacedatanetwork_astro/artifacts/propagator-sgp4/plugin-manifest.json -> build/lib/spacedatanetwork_astro/artifacts/propagator-sgp4
copying src/spacedatanetwork_astro/artifacts/foundation-time/plugin-manifest.json -> build/lib/spacedatanetwork_astro/artifacts/foundation-time
copying src/spacedatanetwork_astro/artifacts/propagator-hpop/plugin-manifest.json -> build/lib/spacedatanetwork_astro/artifacts/propagator-hpop
copying src/spacedatanetwork_astro/artifacts/analysis-lambert-izzo/plugin-manifest.json -> build/lib/spacedatanetwork_astro/artifacts/analysis-lambert-izzo
installing to build/bdist.macosx-26.0-arm64/wheel
running install
running install_lib
creating build/bdist.macosx-26.0-arm64/wheel
creating build/bdist.macosx-26.0-arm64/wheel/spacedatanetwork_astro
creating build/bdist.macosx-26.0-arm64/wheel/spacedatanetwork_astro/artifacts
creating build/bdist.macosx-26.0-arm64/wheel/spacedatanetwork_astro/artifacts/analysis-access
copying build/lib/spacedatanetwork_astro/artifacts/analysis-access/module.wasm -> build/bdist.macosx-26.0-arm64/wheel/./spacedatanetwork_astro/artifacts/analysis-access
copying build/lib/spacedatanetwork_astro/artifacts/analysis-access/plugin-manifest.json -> build/bdist.macosx-26.0-arm64/wheel/./spacedatanetwork_astro/artifacts/analysis-access
creating build/bdist.macosx-26.0-arm64/wheel/spacedatanetwork_astro/artifacts/propagator-events
copying build/lib/spacedatanetwork_astro/artifacts/propagator-events/module.wasm -> build/bdist.macosx-26.0-arm64/wheel/./spacedatanetwork_astro/artifacts/propagator-events
copying build/lib/spacedatanetwork_astro/artifacts/propagator-events/build-provenance.json -> build/bdist.macosx-26.0-arm64/wheel/./spacedatanetwork_astro/artifacts/propagator-events
copying build/lib/spacedatanetwork_astro/artifacts/propagator-events/plugin-manifest.json -> build/bdist.macosx-26.0-arm64/wheel/./spacedatanetwork_astro/artifacts/propagator-events
creating build/bdist.macosx-26.0-arm64/wheel/spacedatanetwork_astro/artifacts/foundation-frames
copying build/lib/spacedatanetwork_astro/artifacts/foundation-frames/module.wasm -> build/bdist.macosx-26.0-arm64/wheel/./spacedatanetwork_astro/artifacts/foundation-frames
copying build/lib/spacedatanetwork_astro/artifacts/foundation-frames/build-provenance.json -> build/bdist.macosx-26.0-arm64/wheel/./spacedatanetwork_astro/artifacts/foundation-frames
copying build/lib/spacedatanetwork_astro/artifacts/foundation-frames/plugin-manifest.json -> build/bdist.macosx-26.0-arm64/wheel/./spacedatanetwork_astro/artifacts/foundation-frames
creating build/bdist.macosx-26.0-arm64/wheel/spacedatanetwork_astro/artifacts/analysis-conjunction-assessment
copying build/lib/spacedatanetwork_astro/artifacts/analysis-conjunction-assessment/module.wasm -> build/bdist.macosx-26.0-arm64/wheel/./spacedatanetwork_astro/artifacts/analysis-conjunction-assessment
copying build/lib/spacedatanetwork_astro/artifacts/analysis-conjunction-assessment/plugin-manifest.json -> build/bdist.macosx-26.0-arm64/wheel/./spacedatanetwork_astro/artifacts/analysis-conjunction-assessment
creating build/bdist.macosx-26.0-arm64/wheel/spacedatanetwork_astro/artifacts/analysis-estimation
copying build/lib/spacedatanetwork_astro/artifacts/analysis-estimation/module.wasm -> build/bdist.macosx-26.0-arm64/wheel/./spacedatanetwork_astro/artifacts/analysis-estimation
copying build/lib/spacedatanetwork_astro/artifacts/analysis-estimation/build-provenance.json -> build/bdist.macosx-26.0-arm64/wheel/./spacedatanetwork_astro/artifacts/analysis-estimation
copying build/lib/spacedatanetwork_astro/artifacts/analysis-estimation/plugin-manifest.json -> build/bdist.macosx-26.0-arm64/wheel/./spacedatanetwork_astro/artifacts/analysis-estimation
creating build/bdist.macosx-26.0-arm64/wheel/spacedatanetwork_astro/artifacts/propagator-sgp4
copying build/lib/spacedatanetwork_astro/artifacts/propagator-sgp4/module.wasm -> build/bdist.macosx-26.0-arm64/wheel/./spacedatanetwork_astro/artifacts/propagator-sgp4
copying build/lib/spacedatanetwork_astro/artifacts/propagator-sgp4/plugin-manifest.json -> build/bdist.macosx-26.0-arm64/wheel/./spacedatanetwork_astro/artifacts/propagator-sgp4
creating build/bdist.macosx-26.0-arm64/wheel/spacedatanetwork_astro/artifacts/foundation-time
copying build/lib/spacedatanetwork_astro/artifacts/foundation-time/module.wasm -> build/bdist.macosx-26.0-arm64/wheel/./spacedatanetwork_astro/artifacts/foundation-time
copying build/lib/spacedatanetwork_astro/artifacts/foundation-time/plugin-manifest.json -> build/bdist.macosx-26.0-arm64/wheel/./spacedatanetwork_astro/artifacts/foundation-time
creating build/bdist.macosx-26.0-arm64/wheel/spacedatanetwork_astro/artifacts/propagator-hpop
copying build/lib/spacedatanetwork_astro/artifacts/propagator-hpop/module.wasm -> build/bdist.macosx-26.0-arm64/wheel/./spacedatanetwork_astro/artifacts/propagator-hpop
copying build/lib/spacedatanetwork_astro/artifacts/propagator-hpop/plugin-manifest.json -> build/bdist.macosx-26.0-arm64/wheel/./spacedatanetwork_astro/artifacts/propagator-hpop
creating build/bdist.macosx-26.0-arm64/wheel/spacedatanetwork_astro/artifacts/analysis-lambert-izzo
copying build/lib/spacedatanetwork_astro/artifacts/analysis-lambert-izzo/module.wasm -> build/bdist.macosx-26.0-arm64/wheel/./spacedatanetwork_astro/artifacts/analysis-lambert-izzo
copying build/lib/spacedatanetwork_astro/artifacts/analysis-lambert-izzo/plugin-manifest.json -> build/bdist.macosx-26.0-arm64/wheel/./spacedatanetwork_astro/artifacts/analysis-lambert-izzo
creating build/bdist.macosx-26.0-arm64/wheel/spacedatanetwork_astro/sds
creating build/bdist.macosx-26.0-arm64/wheel/spacedatanetwork_astro/sds/CAT
copying build/lib/spacedatanetwork_astro/sds/CAT/IDM.py -> build/bdist.macosx-26.0-arm64/wheel/./spacedatanetwork_astro/sds/CAT
copying build/lib/spacedatanetwork_astro/sds/CAT/legacyCountryCode.py -> build/bdist.macosx-26.0-arm64/wheel/./spacedatanetwork_astro/sds/CAT
copying build/lib/spacedatanetwork_astro/sds/CAT/Band.py -> build/bdist.macosx-26.0-arm64/wheel/./spacedatanetwork_astro/sds/CAT
copying build/lib/spacedatanetwork_astro/sds/CAT/operationalState.py -> build/bdist.macosx-26.0-arm64/wheel/./spacedatanetwork_astro/sds/CAT
copying build/lib/spacedatanetwork_astro/sds/CAT/orbitRegime.py -> build/bdist.macosx-26.0-arm64/wheel/./spacedatanetwork_astro/sds/CAT
copying build/lib/spacedatanetwork_astro/sds/CAT/DataMode.py -> build/bdist.macosx-26.0-arm64/wheel/./spacedatanetwork_astro/sds/CAT
copying build/lib/spacedatanetwork_astro/sds/CAT/CAT.py -> build/bdist.macosx-26.0-arm64/wheel/./spacedatanetwork_astro/sds/CAT
copying build/lib/spacedatanetwork_astro/sds/CAT/SimplePolarization.py -> build/bdist.macosx-26.0-arm64/wheel/./spacedatanetwork_astro/sds/CAT
copying build/lib/spacedatanetwork_astro/sds/CAT/spaceObjectClass.py -> build/bdist.macosx-26.0-arm64/wheel/./spacedatanetwork_astro/sds/CAT
copying build/lib/spacedatanetwork_astro/sds/CAT/__init__.py -> build/bdist.macosx-26.0-arm64/wheel/./spacedatanetwork_astro/sds/CAT
copying build/lib/spacedatanetwork_astro/sds/CAT/PLD.py -> build/bdist.macosx-26.0-arm64/wheel/./spacedatanetwork_astro/sds/CAT
copying build/lib/spacedatanetwork_astro/sds/CAT/DeviceType.py -> build/bdist.macosx-26.0-arm64/wheel/./spacedatanetwork_astro/sds/CAT
copying build/lib/spacedatanetwork_astro/sds/CAT/StokesParameters.py -> build/bdist.macosx-26.0-arm64/wheel/./spacedatanetwork_astro/sds/CAT
copying build/lib/spacedatanetwork_astro/sds/CAT/massCategory.py -> build/bdist.macosx-26.0-arm64/wheel/./spacedatanetwork_astro/sds/CAT
copying build/lib/spacedatanetwork_astro/sds/CAT/PolarizationType.py -> build/bdist.macosx-26.0-arm64/wheel/./spacedatanetwork_astro/sds/CAT
copying build/lib/spacedatanetwork_astro/sds/CAT/LCC.py -> build/bdist.macosx-26.0-arm64/wheel/./spacedatanetwork_astro/sds/CAT
copying build/lib/spacedatanetwork_astro/sds/CAT/dataAvailability.py -> build/bdist.macosx-26.0-arm64/wheel/./spacedatanetwork_astro/sds/CAT
copying build/lib/spacedatanetwork_astro/sds/CAT/FrequencyRange.py -> build/bdist.macosx-26.0-arm64/wheel/./spacedatanetwork_astro/sds/CAT
creating build/bdist.macosx-26.0-arm64/wheel/spacedatanetwork_astro/sds/ODR
copying build/lib/spacedatanetwork_astro/sds/ODR/FRMVector3.py -> build/bdist.macosx-26.0-arm64/wheel/./spacedatanetwork_astro/sds/ODR
copying build/lib/spacedatanetwork_astro/sds/ODR/rfmLibrationPoint.py -> build/bdist.macosx-26.0-arm64/wheel/./spacedatanetwork_astro/sds/ODR
copying build/lib/spacedatanetwork_astro/sds/ODR/SpacecraftFrameWrapper.py -> build/bdist.macosx-26.0-arm64/wheel/./spacedatanetwork_astro/sds/ODR
copying build/lib/spacedatanetwork_astro/sds/ODR/FRMFrameTransformResult.py -> build/bdist.macosx-26.0-arm64/wheel/./spacedatanetwork_astro/sds/ODR
copying build/lib/spacedatanetwork_astro/sds/ODR/odrParameterDisposition.py -> build/bdist.macosx-26.0-arm64/wheel/./spacedatanetwork_astro/sds/ODR
copying build/lib/spacedatanetwork_astro/sds/ODR/FRMMatrix3.py -> build/bdist.macosx-26.0-arm64/wheel/./spacedatanetwork_astro/sds/ODR
copying build/lib/spacedatanetwork_astro/sds/ODR/FRMStateVector.py -> build/bdist.macosx-26.0-arm64/wheel/./spacedatanetwork_astro/sds/ODR
copying build/lib/spacedatanetwork_astro/sds/ODR/rfmVectorSpecification.py -> build/bdist.macosx-26.0-arm64/wheel/./spacedatanetwork_astro/sds/ODR
copying build/lib/spacedatanetwork_astro/sds/ODR/CustomFrameWrapper.py -> build/bdist.macosx-26.0-arm64/wheel/./spacedatanetwork_astro/sds/ODR
copying build/lib/spacedatanetwork_astro/sds/ODR/PCEParameterCatalog.py -> build/bdist.macosx-26.0-arm64/wheel/./spacedatanetwork_astro/sds/ODR
copying build/lib/spacedatanetwork_astro/sds/ODR/odrEstimatorKind.py -> build/bdist.macosx-26.0-arm64/wheel/./spacedatanetwork_astro/sds/ODR
copying build/lib/spacedatanetwork_astro/sds/ODR/RFMLocalAlignedConstrainedAxes.py -> build/bdist.macosx-26.0-arm64/wheel/./spacedatanetwork_astro/sds/ODR
copying build/lib/spacedatanetwork_astro/sds/ODR/PCEEvaluationRequest.py -> build/bdist.macosx-26.0-arm64/wheel/./spacedatanetwork_astro/sds/ODR
copying build/lib/spacedatanetwork_astro/sds/ODR/PCEParameterValue.py -> build/bdist.macosx-26.0-arm64/wheel/./spacedatanetwork_astro/sds/ODR
copying build/lib/spacedatanetwork_astro/sds/ODR/PCEParameterDescriptor.py -> build/bdist.macosx-26.0-arm64/wheel/./spacedatanetwork_astro/sds/ODR
copying build/lib/spacedatanetwork_astro/sds/ODR/pceOwnerClass.py -> build/bdist.macosx-26.0-arm64/wheel/./spacedatanetwork_astro/sds/ODR
copying build/lib/spacedatanetwork_astro/sds/ODR/CustomFrame.py -> build/bdist.macosx-26.0-arm64/wheel/./spacedatanetwork_astro/sds/ODR
copying build/lib/spacedatanetwork_astro/sds/ODR/ODRSolverConfiguration.py -> build/bdist.macosx-26.0-arm64/wheel/./spacedatanetwork_astro/sds/ODR
copying build/lib/spacedatanetwork_astro/sds/ODR/PCEParameterSample.py -> build/bdist.macosx-26.0-arm64/wheel/./spacedatanetwork_astro/sds/ODR
copying build/lib/spacedatanetwork_astro/sds/ODR/ODRIterationStatistics.py -> build/bdist.macosx-26.0-arm64/wheel/./spacedatanetwork_astro/sds/ODR
copying build/lib/spacedatanetwork_astro/sds/ODR/CelestialFrameWrapper.py -> build/bdist.macosx-26.0-arm64/wheel/./spacedatanetwork_astro/sds/ODR
copying build/lib/spacedatanetwork_astro/sds/ODR/RFMCoordinateSystem.py -> build/bdist.macosx-26.0-arm64/wheel/./spacedatanetwork_astro/sds/ODR
copying build/lib/spacedatanetwork_astro/sds/ODR/__init__.py -> build/bdist.macosx-26.0-arm64/wheel/./spacedatanetwork_astro/sds/ODR
copying build/lib/spacedatanetwork_astro/sds/ODR/ODRAttestation.py -> build/bdist.macosx-26.0-arm64/wheel/./spacedatanetwork_astro/sds/ODR
copying build/lib/spacedatanetwork_astro/sds/ODR/PCEEvaluationResult.py -> build/bdist.macosx-26.0-arm64/wheel/./spacedatanetwork_astro/sds/ODR
copying build/lib/spacedatanetwork_astro/sds/ODR/pceParameter.py -> build/bdist.macosx-26.0-arm64/wheel/./spacedatanetwork_astro/sds/ODR
copying build/lib/spacedatanetwork_astro/sds/ODR/ODREditedObservation.py -> build/bdist.macosx-26.0-arm64/wheel/./spacedatanetwork_astro/sds/ODR
copying build/lib/spacedatanetwork_astro/sds/ODR/OrbitFrame.py -> build/bdist.macosx-26.0-arm64/wheel/./spacedatanetwork_astro/sds/ODR
copying build/lib/spacedatanetwork_astro/sds/ODR/ODREstimatedParameter.py -> build/bdist.macosx-26.0-arm64/wheel/./spacedatanetwork_astro/sds/ODR
copying build/lib/spacedatanetwork_astro/sds/ODR/CelestialFrame.py -> build/bdist.macosx-26.0-arm64/wheel/./spacedatanetwork_astro/sds/ODR
copying build/lib/spacedatanetwork_astro/sds/ODR/frmStateRepresentation.py -> build/bdist.macosx-26.0-arm64/wheel/./spacedatanetwork_astro/sds/ODR
copying build/lib/spacedatanetwork_astro/sds/ODR/PCE.py -> build/bdist.macosx-26.0-arm64/wheel/./spacedatanetwork_astro/sds/ODR
copying build/lib/spacedatanetwork_astro/sds/ODR/PCEParameterCondition.py -> build/bdist.macosx-26.0-arm64/wheel/./spacedatanetwork_astro/sds/ODR
copying build/lib/spacedatanetwork_astro/sds/ODR/ODR.py -> build/bdist.macosx-26.0-arm64/wheel/./spacedatanetwork_astro/sds/ODR
copying build/lib/spacedatanetwork_astro/sds/ODR/OrbitFrameWrapper.py -> build/bdist.macosx-26.0-arm64/wheel/./spacedatanetwork_astro/sds/ODR
copying build/lib/spacedatanetwork_astro/sds/ODR/pceFrameDependency.py -> build/bdist.macosx-26.0-arm64/wheel/./spacedatanetwork_astro/sds/ODR
copying build/lib/spacedatanetwork_astro/sds/ODR/PCEStopReport.py -> build/bdist.macosx-26.0-arm64/wheel/./spacedatanetwork_astro/sds/ODR
copying build/lib/spacedatanetwork_astro/sds/ODR/pcePropagationDirection.py -> build/bdist.macosx-26.0-arm64/wheel/./spacedatanetwork_astro/sds/ODR
copying build/lib/spacedatanetwork_astro/sds/ODR/FRMFrameTransformRequest.py -> build/bdist.macosx-26.0-arm64/wheel/./spacedatanetwork_astro/sds/ODR
copying build/lib/spacedatanetwork_astro/sds/ODR/pceConditionDirection.py -> build/bdist.macosx-26.0-arm64/wheel/./spacedatanetwork_astro/sds/ODR
copying build/lib/spacedatanetwork_astro/sds/ODR/ODRFilterEpoch.py -> build/bdist.macosx-26.0-arm64/wheel/./spacedatanetwork_astro/sds/ODR
copying build/lib/spacedatanetwork_astro/sds/ODR/RFM.py -> build/bdist.macosx-26.0-arm64/wheel/./spacedatanetwork_astro/sds/ODR
copying build/lib/spacedatanetwork_astro/sds/ODR/PCEParameterRef.py -> build/bdist.macosx-26.0-arm64/wheel/./spacedatanetwork_astro/sds/ODR
copying build/lib/spacedatanetwork_astro/sds/ODR/RFMOrigin.py -> build/bdist.macosx-26.0-arm64/wheel/./spacedatanetwork_astro/sds/ODR
copying build/lib/spacedatanetwork_astro/sds/ODR/RFMUnion.py -> build/bdist.macosx-26.0-arm64/wheel/./spacedatanetwork_astro/sds/ODR
copying build/lib/spacedatanetwork_astro/sds/ODR/PCEEvaluationContext.py -> build/bdist.macosx-26.0-arm64/wheel/./spacedatanetwork_astro/sds/ODR
copying build/lib/spacedatanetwork_astro/sds/ODR/RFMCoordinateSystemWrapper.py -> build/bdist.macosx-26.0-arm64/wheel/./spacedatanetwork_astro/sds/ODR
copying build/lib/spacedatanetwork_astro/sds/ODR/rfmAxisType.py -> build/bdist.macosx-26.0-arm64/wheel/./spacedatanetwork_astro/sds/ODR
copying build/lib/spacedatanetwork_astro/sds/ODR/frmResultStatus.py -> build/bdist.macosx-26.0-arm64/wheel/./spacedatanetwork_astro/sds/ODR
copying build/lib/spacedatanetwork_astro/sds/ODR/odrConvergenceReason.py -> build/bdist.macosx-26.0-arm64/wheel/./spacedatanetwork_astro/sds/ODR
copying build/lib/spacedatanetwork_astro/sds/ODR/SpacecraftFrame.py -> build/bdist.macosx-26.0-arm64/wheel/./spacedatanetwork_astro/sds/ODR
copying build/lib/spacedatanetwork_astro/sds/ODR/pceResultStatus.py -> build/bdist.macosx-26.0-arm64/wheel/./spacedatanetwork_astro/sds/ODR
copying build/lib/spacedatanetwork_astro/sds/ODR/RFMObjectReferencedAxes.py -> build/bdist.macosx-26.0-arm64/wheel/./spacedatanetwork_astro/sds/ODR
copying build/lib/spacedatanetwork_astro/sds/ODR/FRM.py -> build/bdist.macosx-26.0-arm64/wheel/./spacedatanetwork_astro/sds/ODR
copying build/lib/spacedatanetwork_astro/sds/ODR/pceDataType.py -> build/bdist.macosx-26.0-arm64/wheel/./spacedatanetwork_astro/sds/ODR
copying build/lib/spacedatanetwork_astro/sds/ODR/frmOperationCode.py -> build/bdist.macosx-26.0-arm64/wheel/./spacedatanetwork_astro/sds/ODR
copying build/lib/spacedatanetwork_astro/sds/ODR/rfmOriginKind.py -> build/bdist.macosx-26.0-arm64/wheel/./spacedatanetwork_astro/sds/ODR
copying build/lib/spacedatanetwork_astro/sds/ODR/PCEStopRequest.py -> build/bdist.macosx-26.0-arm64/wheel/./spacedatanetwork_astro/sds/ODR
copying build/lib/spacedatanetwork_astro/sds/ODR/pceUnit.py -> build/bdist.macosx-26.0-arm64/wheel/./spacedatanetwork_astro/sds/ODR
copying build/lib/spacedatanetwork_astro/sds/ODR/pceAvailability.py -> build/bdist.macosx-26.0-arm64/wheel/./spacedatanetwork_astro/sds/ODR
copying build/lib/spacedatanetwork_astro/sds/ODR/odrProcessNoiseKind.py -> build/bdist.macosx-26.0-arm64/wheel/./spacedatanetwork_astro/sds/ODR
creating build/bdist.macosx-26.0-arm64/wheel/spacedatanetwork_astro/sds/CDM
copying build/lib/spacedatanetwork_astro/sds/CDM/KeyType.py -> build/bdist.macosx-26.0-arm64/wheel/./spacedatanetwork_astro/sds/CDM
copying build/lib/spacedatanetwork_astro/sds/CDM/EPM.py -> build/bdist.macosx-26.0-arm64/wheel/./spacedatanetwork_astro/sds/CDM
copying build/lib/spacedatanetwork_astro/sds/CDM/IDM.py -> build/bdist.macosx-26.0-arm64/wheel/./spacedatanetwork_astro/sds/CDM
copying build/lib/spacedatanetwork_astro/sds/CDM/legacyCountryCode.py -> build/bdist.macosx-26.0-arm64/wheel/./spacedatanetwork_astro/sds/CDM
copying build/lib/spacedatanetwork_astro/sds/CDM/rfmLibrationPoint.py -> build/bdist.macosx-26.0-arm64/wheel/./spacedatanetwork_astro/sds/CDM
copying build/lib/spacedatanetwork_astro/sds/CDM/Band.py -> build/bdist.macosx-26.0-arm64/wheel/./spacedatanetwork_astro/sds/CDM
copying build/lib/spacedatanetwork_astro/sds/CDM/Address.py -> build/bdist.macosx-26.0-arm64/wheel/./spacedatanetwork_astro/sds/CDM
copying build/lib/spacedatanetwork_astro/sds/CDM/screeningVolumeShape.py -> build/bdist.macosx-26.0-arm64/wheel/./spacedatanetwork_astro/sds/CDM
copying build/lib/spacedatanetwork_astro/sds/CDM/SpacecraftFrameWrapper.py -> build/bdist.macosx-26.0-arm64/wheel/./spacedatanetwork_astro/sds/CDM
copying build/lib/spacedatanetwork_astro/sds/CDM/operationalState.py -> build/bdist.macosx-26.0-arm64/wheel/./spacedatanetwork_astro/sds/CDM
copying build/lib/spacedatanetwork_astro/sds/CDM/orbitRegime.py -> build/bdist.macosx-26.0-arm64/wheel/./spacedatanetwork_astro/sds/CDM
copying build/lib/spacedatanetwork_astro/sds/CDM/rfmVectorSpecification.py -> build/bdist.macosx-26.0-arm64/wheel/./spacedatanetwork_astro/sds/CDM
copying build/lib/spacedatanetwork_astro/sds/CDM/CustomFrameWrapper.py -> build/bdist.macosx-26.0-arm64/wheel/./spacedatanetwork_astro/sds/CDM
copying build/lib/spacedatanetwork_astro/sds/CDM/RFMLocalAlignedConstrainedAxes.py -> build/bdist.macosx-26.0-arm64/wheel/./spacedatanetwork_astro/sds/CDM
copying build/lib/spacedatanetwork_astro/sds/CDM/DataMode.py -> build/bdist.macosx-26.0-arm64/wheel/./spacedatanetwork_astro/sds/CDM
copying build/lib/spacedatanetwork_astro/sds/CDM/CDM.py -> build/bdist.macosx-26.0-arm64/wheel/./spacedatanetwork_astro/sds/CDM
copying build/lib/spacedatanetwork_astro/sds/CDM/CAT.py -> build/bdist.macosx-26.0-arm64/wheel/./spacedatanetwork_astro/sds/CDM
copying build/lib/spacedatanetwork_astro/sds/CDM/CustomFrame.py -> build/bdist.macosx-26.0-arm64/wheel/./spacedatanetwork_astro/sds/CDM
copying build/lib/spacedatanetwork_astro/sds/CDM/CryptoKey.py -> build/bdist.macosx-26.0-arm64/wheel/./spacedatanetwork_astro/sds/CDM
copying build/lib/spacedatanetwork_astro/sds/CDM/SimplePolarization.py -> build/bdist.macosx-26.0-arm64/wheel/./spacedatanetwork_astro/sds/CDM
copying build/lib/spacedatanetwork_astro/sds/CDM/CelestialFrameWrapper.py -> build/bdist.macosx-26.0-arm64/wheel/./spacedatanetwork_astro/sds/CDM
copying build/lib/spacedatanetwork_astro/sds/CDM/RFMCoordinateSystem.py -> build/bdist.macosx-26.0-arm64/wheel/./spacedatanetwork_astro/sds/CDM
copying build/lib/spacedatanetwork_astro/sds/CDM/spaceObjectClass.py -> build/bdist.macosx-26.0-arm64/wheel/./spacedatanetwork_astro/sds/CDM
copying build/lib/spacedatanetwork_astro/sds/CDM/ChainProof.py -> build/bdist.macosx-26.0-arm64/wheel/./spacedatanetwork_astro/sds/CDM
copying build/lib/spacedatanetwork_astro/sds/CDM/DomainProof.py -> build/bdist.macosx-26.0-arm64/wheel/./spacedatanetwork_astro/sds/CDM
copying build/lib/spacedatanetwork_astro/sds/CDM/__init__.py -> build/bdist.macosx-26.0-arm64/wheel/./spacedatanetwork_astro/sds/CDM
copying build/lib/spacedatanetwork_astro/sds/CDM/EntityType.py -> build/bdist.macosx-26.0-arm64/wheel/./spacedatanetwork_astro/sds/CDM
copying build/lib/spacedatanetwork_astro/sds/CDM/PLD.py -> build/bdist.macosx-26.0-arm64/wheel/./spacedatanetwork_astro/sds/CDM
copying build/lib/spacedatanetwork_astro/sds/CDM/OrbitFrame.py -> build/bdist.macosx-26.0-arm64/wheel/./spacedatanetwork_astro/sds/CDM
copying build/lib/spacedatanetwork_astro/sds/CDM/CelestialFrame.py -> build/bdist.macosx-26.0-arm64/wheel/./spacedatanetwork_astro/sds/CDM
copying build/lib/spacedatanetwork_astro/sds/CDM/DeviceType.py -> build/bdist.macosx-26.0-arm64/wheel/./spacedatanetwork_astro/sds/CDM
copying build/lib/spacedatanetwork_astro/sds/CDM/covarianceAlgorithm.py -> build/bdist.macosx-26.0-arm64/wheel/./spacedatanetwork_astro/sds/CDM
copying build/lib/spacedatanetwork_astro/sds/CDM/OrbitFrameWrapper.py -> build/bdist.macosx-26.0-arm64/wheel/./spacedatanetwork_astro/sds/CDM
copying build/lib/spacedatanetwork_astro/sds/CDM/StokesParameters.py -> build/bdist.macosx-26.0-arm64/wheel/./spacedatanetwork_astro/sds/CDM
copying build/lib/spacedatanetwork_astro/sds/CDM/massCategory.py -> build/bdist.macosx-26.0-arm64/wheel/./spacedatanetwork_astro/sds/CDM
copying build/lib/spacedatanetwork_astro/sds/CDM/RFM.py -> build/bdist.macosx-26.0-arm64/wheel/./spacedatanetwork_astro/sds/CDM
copying build/lib/spacedatanetwork_astro/sds/CDM/PNM.py -> build/bdist.macosx-26.0-arm64/wheel/./spacedatanetwork_astro/sds/CDM
copying build/lib/spacedatanetwork_astro/sds/CDM/RFMOrigin.py -> build/bdist.macosx-26.0-arm64/wheel/./spacedatanetwork_astro/sds/CDM
copying build/lib/spacedatanetwork_astro/sds/CDM/RFMUnion.py -> build/bdist.macosx-26.0-arm64/wheel/./spacedatanetwork_astro/sds/CDM
copying build/lib/spacedatanetwork_astro/sds/CDM/RFMCoordinateSystemWrapper.py -> build/bdist.macosx-26.0-arm64/wheel/./spacedatanetwork_astro/sds/CDM
copying build/lib/spacedatanetwork_astro/sds/CDM/rfmAxisType.py -> build/bdist.macosx-26.0-arm64/wheel/./spacedatanetwork_astro/sds/CDM
copying build/lib/spacedatanetwork_astro/sds/CDM/PolarizationType.py -> build/bdist.macosx-26.0-arm64/wheel/./spacedatanetwork_astro/sds/CDM
copying build/lib/spacedatanetwork_astro/sds/CDM/SpacecraftFrame.py -> build/bdist.macosx-26.0-arm64/wheel/./spacedatanetwork_astro/sds/CDM
copying build/lib/spacedatanetwork_astro/sds/CDM/LCC.py -> build/bdist.macosx-26.0-arm64/wheel/./spacedatanetwork_astro/sds/CDM
copying build/lib/spacedatanetwork_astro/sds/CDM/RFMObjectReferencedAxes.py -> build/bdist.macosx-26.0-arm64/wheel/./spacedatanetwork_astro/sds/CDM
copying build/lib/spacedatanetwork_astro/sds/CDM/dataAvailability.py -> build/bdist.macosx-26.0-arm64/wheel/./spacedatanetwork_astro/sds/CDM
copying build/lib/spacedatanetwork_astro/sds/CDM/rfmOriginKind.py -> build/bdist.macosx-26.0-arm64/wheel/./spacedatanetwork_astro/sds/CDM
copying build/lib/spacedatanetwork_astro/sds/CDM/FrequencyRange.py -> build/bdist.macosx-26.0-arm64/wheel/./spacedatanetwork_astro/sds/CDM
copying build/lib/spacedatanetwork_astro/sds/CDM/CDMObject.py -> build/bdist.macosx-26.0-arm64/wheel/./spacedatanetwork_astro/sds/CDM
creating build/bdist.macosx-26.0-arm64/wheel/spacedatanetwork_astro/sds/NCD
copying build/lib/spacedatanetwork_astro/sds/NCD/ncdContainerFormat.py -> build/bdist.macosx-26.0-arm64/wheel/./spacedatanetwork_astro/sds/NCD
copying build/lib/spacedatanetwork_astro/sds/NCD/NCDSegmentDescriptor.py -> build/bdist.macosx-26.0-arm64/wheel/./spacedatanetwork_astro/sds/NCD
copying build/lib/spacedatanetwork_astro/sds/NCD/__init__.py -> build/bdist.macosx-26.0-arm64/wheel/./spacedatanetwork_astro/sds/NCD
copying build/lib/spacedatanetwork_astro/sds/NCD/NCDSP3Header.py -> build/bdist.macosx-26.0-arm64/wheel/./spacedatanetwork_astro/sds/NCD
copying build/lib/spacedatanetwork_astro/sds/NCD/NCDScenarioEpochContainer.py -> build/bdist.macosx-26.0-arm64/wheel/./spacedatanetwork_astro/sds/NCD
copying build/lib/spacedatanetwork_astro/sds/NCD/NCD.py -> build/bdist.macosx-26.0-arm64/wheel/./spacedatanetwork_astro/sds/NCD
copying build/lib/spacedatanetwork_astro/sds/NCD/NCDCode500Header.py -> build/bdist.macosx-26.0-arm64/wheel/./spacedatanetwork_astro/sds/NCD
creating build/bdist.macosx-26.0-arm64/wheel/spacedatanetwork_astro/sds/TRH
copying build/lib/spacedatanetwork_astro/sds/TRH/TRHAttestation.py -> build/bdist.macosx-26.0-arm64/wheel/./spacedatanetwork_astro/sds/TRH
copying build/lib/spacedatanetwork_astro/sds/TRH/TRHTransmitter.py -> build/bdist.macosx-26.0-arm64/wheel/./spacedatanetwork_astro/sds/TRH
copying build/lib/spacedatanetwork_astro/sds/TRH/TRHHardwareRef.py -> build/bdist.macosx-26.0-arm64/wheel/./spacedatanetwork_astro/sds/TRH
copying build/lib/spacedatanetwork_astro/sds/TRH/TRHAntenna.py -> build/bdist.macosx-26.0-arm64/wheel/./spacedatanetwork_astro/sds/TRH
copying build/lib/spacedatanetwork_astro/sds/TRH/trhHardwareKind.py -> build/bdist.macosx-26.0-arm64/wheel/./spacedatanetwork_astro/sds/TRH
copying build/lib/spacedatanetwork_astro/sds/TRH/__init__.py -> build/bdist.macosx-26.0-arm64/wheel/./spacedatanetwork_astro/sds/TRH
copying build/lib/spacedatanetwork_astro/sds/TRH/TRHReceiver.py -> build/bdist.macosx-26.0-arm64/wheel/./spacedatanetwork_astro/sds/TRH
copying build/lib/spacedatanetwork_astro/sds/TRH/TRHTransponder.py -> build/bdist.macosx-26.0-arm64/wheel/./spacedatanetwork_astro/sds/TRH
copying build/lib/spacedatanetwork_astro/sds/TRH/TRHInstallation.py -> build/bdist.macosx-26.0-arm64/wheel/./spacedatanetwork_astro/sds/TRH
copying build/lib/spacedatanetwork_astro/sds/TRH/TRH.py -> build/bdist.macosx-26.0-arm64/wheel/./spacedatanetwork_astro/sds/TRH
copying build/lib/spacedatanetwork_astro/sds/TRH/trhTurnaroundMode.py -> build/bdist.macosx-26.0-arm64/wheel/./spacedatanetwork_astro/sds/TRH
creating build/bdist.macosx-26.0-arm64/wheel/spacedatanetwork_astro/sds/LMS
copying build/lib/spacedatanetwork_astro/sds/LMS/lambertTransferPath.py -> build/bdist.macosx-26.0-arm64/wheel/./spacedatanetwork_astro/sds/LMS
copying build/lib/spacedatanetwork_astro/sds/LMS/__init__.py -> build/bdist.macosx-26.0-arm64/wheel/./spacedatanetwork_astro/sds/LMS
copying build/lib/spacedatanetwork_astro/sds/LMS/LMS.py -> build/bdist.macosx-26.0-arm64/wheel/./spacedatanetwork_astro/sds/LMS
creating build/bdist.macosx-26.0-arm64/wheel/spacedatanetwork_astro/sds/LMO
copying build/lib/spacedatanetwork_astro/sds/LMO/lambertSolveState.py -> build/bdist.macosx-26.0-arm64/wheel/./spacedatanetwork_astro/sds/LMO
copying build/lib/spacedatanetwork_astro/sds/LMO/lambertBranchKind.py -> build/bdist.macosx-26.0-arm64/wheel/./spacedatanetwork_astro/sds/LMO
copying build/lib/spacedatanetwork_astro/sds/LMO/__init__.py -> build/bdist.macosx-26.0-arm64/wheel/./spacedatanetwork_astro/sds/LMO
copying build/lib/spacedatanetwork_astro/sds/LMO/lambertVector3.py -> build/bdist.macosx-26.0-arm64/wheel/./spacedatanetwork_astro/sds/LMO
copying build/lib/spacedatanetwork_astro/sds/LMO/lambertSolutionBranch.py -> build/bdist.macosx-26.0-arm64/wheel/./spacedatanetwork_astro/sds/LMO
copying build/lib/spacedatanetwork_astro/sds/LMO/LMO.py -> build/bdist.macosx-26.0-arm64/wheel/./spacedatanetwork_astro/sds/LMO
creating build/bdist.macosx-26.0-arm64/wheel/spacedatanetwork_astro/sds/CRD
copying build/lib/spacedatanetwork_astro/sds/CRD/Ellipsoid.py -> build/bdist.macosx-26.0-arm64/wheel/./spacedatanetwork_astro/sds/CRD
copying build/lib/spacedatanetwork_astro/sds/CRD/CoordFrame.py -> build/bdist.macosx-26.0-arm64/wheel/./spacedatanetwork_astro/sds/CRD
copying build/lib/spacedatanetwork_astro/sds/CRD/__init__.py -> build/bdist.macosx-26.0-arm64/wheel/./spacedatanetwork_astro/sds/CRD
copying build/lib/spacedatanetwork_astro/sds/CRD/CRD.py -> build/bdist.macosx-26.0-arm64/wheel/./spacedatanetwork_astro/sds/CRD
creating build/bdist.macosx-26.0-arm64/wheel/spacedatanetwork_astro/sds/EOP
copying build/lib/spacedatanetwork_astro/sds/EOP/__init__.py -> build/bdist.macosx-26.0-arm64/wheel/./spacedatanetwork_astro/sds/EOP
copying build/lib/spacedatanetwork_astro/sds/EOP/DataType.py -> build/bdist.macosx-26.0-arm64/wheel/./spacedatanetwork_astro/sds/EOP
copying build/lib/spacedatanetwork_astro/sds/EOP/eopSeries.py -> build/bdist.macosx-26.0-arm64/wheel/./spacedatanetwork_astro/sds/EOP
copying build/lib/spacedatanetwork_astro/sds/EOP/EOP.py -> build/bdist.macosx-26.0-arm64/wheel/./spacedatanetwork_astro/sds/EOP
copying build/lib/spacedatanetwork_astro/sds/EOP/iauPrecessionNutationModel.py -> build/bdist.macosx-26.0-arm64/wheel/./spacedatanetwork_astro/sds/EOP
copying build/lib/spacedatanetwork_astro/sds/__init__.py -> build/bdist.macosx-26.0-arm64/wheel/./spacedatanetwork_astro/sds
creating build/bdist.macosx-26.0-arm64/wheel/spacedatanetwork_astro/sds/OEM
copying build/lib/spacedatanetwork_astro/sds/OEM/IDM.py -> build/bdist.macosx-26.0-arm64/wheel/./spacedatanetwork_astro/sds/OEM
copying build/lib/spacedatanetwork_astro/sds/OEM/legacyCountryCode.py -> build/bdist.macosx-26.0-arm64/wheel/./spacedatanetwork_astro/sds/OEM
copying build/lib/spacedatanetwork_astro/sds/OEM/rfmLibrationPoint.py -> build/bdist.macosx-26.0-arm64/wheel/./spacedatanetwork_astro/sds/OEM
copying build/lib/spacedatanetwork_astro/sds/OEM/TIMCcsdsTimeCode.py -> build/bdist.macosx-26.0-arm64/wheel/./spacedatanetwork_astro/sds/OEM
copying build/lib/spacedatanetwork_astro/sds/OEM/Band.py -> build/bdist.macosx-26.0-arm64/wheel/./spacedatanetwork_astro/sds/OEM
copying build/lib/spacedatanetwork_astro/sds/OEM/TIMInstant.py -> build/bdist.macosx-26.0-arm64/wheel/./spacedatanetwork_astro/sds/OEM
copying build/lib/spacedatanetwork_astro/sds/OEM/SpacecraftFrameWrapper.py -> build/bdist.macosx-26.0-arm64/wheel/./spacedatanetwork_astro/sds/OEM
copying build/lib/spacedatanetwork_astro/sds/OEM/timConversionStatus.py -> build/bdist.macosx-26.0-arm64/wheel/./spacedatanetwork_astro/sds/OEM
copying build/lib/spacedatanetwork_astro/sds/OEM/operationalState.py -> build/bdist.macosx-26.0-arm64/wheel/./spacedatanetwork_astro/sds/OEM
copying build/lib/spacedatanetwork_astro/sds/OEM/ephemerisDataLine.py -> build/bdist.macosx-26.0-arm64/wheel/./spacedatanetwork_astro/sds/OEM
copying build/lib/spacedatanetwork_astro/sds/OEM/orbitRegime.py -> build/bdist.macosx-26.0-arm64/wheel/./spacedatanetwork_astro/sds/OEM
copying build/lib/spacedatanetwork_astro/sds/OEM/timingStandard.py -> build/bdist.macosx-26.0-arm64/wheel/./spacedatanetwork_astro/sds/OEM
copying build/lib/spacedatanetwork_astro/sds/OEM/rfmVectorSpecification.py -> build/bdist.macosx-26.0-arm64/wheel/./spacedatanetwork_astro/sds/OEM
copying build/lib/spacedatanetwork_astro/sds/OEM/CustomFrameWrapper.py -> build/bdist.macosx-26.0-arm64/wheel/./spacedatanetwork_astro/sds/OEM
copying build/lib/spacedatanetwork_astro/sds/OEM/RFMLocalAlignedConstrainedAxes.py -> build/bdist.macosx-26.0-arm64/wheel/./spacedatanetwork_astro/sds/OEM
copying build/lib/spacedatanetwork_astro/sds/OEM/DataMode.py -> build/bdist.macosx-26.0-arm64/wheel/./spacedatanetwork_astro/sds/OEM
copying build/lib/spacedatanetwork_astro/sds/OEM/CAT.py -> build/bdist.macosx-26.0-arm64/wheel/./spacedatanetwork_astro/sds/OEM
copying build/lib/spacedatanetwork_astro/sds/OEM/CustomFrame.py -> build/bdist.macosx-26.0-arm64/wheel/./spacedatanetwork_astro/sds/OEM
copying build/lib/spacedatanetwork_astro/sds/OEM/SimplePolarization.py -> build/bdist.macosx-26.0-arm64/wheel/./spacedatanetwork_astro/sds/OEM
copying build/lib/spacedatanetwork_astro/sds/OEM/CelestialFrameWrapper.py -> build/bdist.macosx-26.0-arm64/wheel/./spacedatanetwork_astro/sds/OEM
copying build/lib/spacedatanetwork_astro/sds/OEM/RFMCoordinateSystem.py -> build/bdist.macosx-26.0-arm64/wheel/./spacedatanetwork_astro/sds/OEM
copying build/lib/spacedatanetwork_astro/sds/OEM/sizeShapeProfile.py -> build/bdist.macosx-26.0-arm64/wheel/./spacedatanetwork_astro/sds/OEM
copying build/lib/spacedatanetwork_astro/sds/OEM/spaceObjectClass.py -> build/bdist.macosx-26.0-arm64/wheel/./spacedatanetwork_astro/sds/OEM
copying build/lib/spacedatanetwork_astro/sds/OEM/PPEOrbitalElementRecord.py -> build/bdist.macosx-26.0-arm64/wheel/./spacedatanetwork_astro/sds/OEM
copying build/lib/spacedatanetwork_astro/sds/OEM/OEM.py -> build/bdist.macosx-26.0-arm64/wheel/./spacedatanetwork_astro/sds/OEM
copying build/lib/spacedatanetwork_astro/sds/OEM/TIMConversionRequest.py -> build/bdist.macosx-26.0-arm64/wheel/./spacedatanetwork_astro/sds/OEM
copying build/lib/spacedatanetwork_astro/sds/OEM/TIMConversionResult.py -> build/bdist.macosx-26.0-arm64/wheel/./spacedatanetwork_astro/sds/OEM
copying build/lib/spacedatanetwork_astro/sds/OEM/__init__.py -> build/bdist.macosx-26.0-arm64/wheel/./spacedatanetwork_astro/sds/OEM
copying build/lib/spacedatanetwork_astro/sds/OEM/PLD.py -> build/bdist.macosx-26.0-arm64/wheel/./spacedatanetwork_astro/sds/OEM
copying build/lib/spacedatanetwork_astro/sds/OEM/covarianceMatrixLine.py -> build/bdist.macosx-26.0-arm64/wheel/./spacedatanetwork_astro/sds/OEM
copying build/lib/spacedatanetwork_astro/sds/OEM/TIM.py -> build/bdist.macosx-26.0-arm64/wheel/./spacedatanetwork_astro/sds/OEM
copying build/lib/spacedatanetwork_astro/sds/OEM/OrbitFrame.py -> build/bdist.macosx-26.0-arm64/wheel/./spacedatanetwork_astro/sds/OEM
copying build/lib/spacedatanetwork_astro/sds/OEM/CelestialFrame.py -> build/bdist.macosx-26.0-arm64/wheel/./spacedatanetwork_astro/sds/OEM
copying build/lib/spacedatanetwork_astro/sds/OEM/DeviceType.py -> build/bdist.macosx-26.0-arm64/wheel/./spacedatanetwork_astro/sds/OEM
copying build/lib/spacedatanetwork_astro/sds/OEM/PPE.py -> build/bdist.macosx-26.0-arm64/wheel/./spacedatanetwork_astro/sds/OEM
copying build/lib/spacedatanetwork_astro/sds/OEM/PPEPositionRecord.py -> build/bdist.macosx-26.0-arm64/wheel/./spacedatanetwork_astro/sds/OEM
copying build/lib/spacedatanetwork_astro/sds/OEM/OrbitFrameWrapper.py -> build/bdist.macosx-26.0-arm64/wheel/./spacedatanetwork_astro/sds/OEM
copying build/lib/spacedatanetwork_astro/sds/OEM/StokesParameters.py -> build/bdist.macosx-26.0-arm64/wheel/./spacedatanetwork_astro/sds/OEM
copying build/lib/spacedatanetwork_astro/sds/OEM/massCategory.py -> build/bdist.macosx-26.0-arm64/wheel/./spacedatanetwork_astro/sds/OEM
copying build/lib/spacedatanetwork_astro/sds/OEM/RFM.py -> build/bdist.macosx-26.0-arm64/wheel/./spacedatanetwork_astro/sds/OEM
copying build/lib/spacedatanetwork_astro/sds/OEM/RFMOrigin.py -> build/bdist.macosx-26.0-arm64/wheel/./spacedatanetwork_astro/sds/OEM
copying build/lib/spacedatanetwork_astro/sds/OEM/RFMUnion.py -> build/bdist.macosx-26.0-arm64/wheel/./spacedatanetwork_astro/sds/OEM
copying build/lib/spacedatanetwork_astro/sds/OEM/polynomialBasisType.py -> build/bdist.macosx-26.0-arm64/wheel/./spacedatanetwork_astro/sds/OEM
copying build/lib/spacedatanetwork_astro/sds/OEM/RFMCoordinateSystemWrapper.py -> build/bdist.macosx-26.0-arm64/wheel/./spacedatanetwork_astro/sds/OEM
copying build/lib/spacedatanetwork_astro/sds/OEM/rfmAxisType.py -> build/bdist.macosx-26.0-arm64/wheel/./spacedatanetwork_astro/sds/OEM
copying build/lib/spacedatanetwork_astro/sds/OEM/timCcsdsTimeCodeKind.py -> build/bdist.macosx-26.0-arm64/wheel/./spacedatanetwork_astro/sds/OEM
copying build/lib/spacedatanetwork_astro/sds/OEM/timEpochRepresentation.py -> build/bdist.macosx-26.0-arm64/wheel/./spacedatanetwork_astro/sds/OEM
copying build/lib/spacedatanetwork_astro/sds/OEM/PolarizationType.py -> build/bdist.macosx-26.0-arm64/wheel/./spacedatanetwork_astro/sds/OEM
copying build/lib/spacedatanetwork_astro/sds/OEM/ppeAnomalyType.py -> build/bdist.macosx-26.0-arm64/wheel/./spacedatanetwork_astro/sds/OEM
copying build/lib/spacedatanetwork_astro/sds/OEM/SpacecraftFrame.py -> build/bdist.macosx-26.0-arm64/wheel/./spacedatanetwork_astro/sds/OEM
copying build/lib/spacedatanetwork_astro/sds/OEM/LCC.py -> build/bdist.macosx-26.0-arm64/wheel/./spacedatanetwork_astro/sds/OEM
copying build/lib/spacedatanetwork_astro/sds/OEM/RFMObjectReferencedAxes.py -> build/bdist.macosx-26.0-arm64/wheel/./spacedatanetwork_astro/sds/OEM
copying build/lib/spacedatanetwork_astro/sds/OEM/dataAvailability.py -> build/bdist.macosx-26.0-arm64/wheel/./spacedatanetwork_astro/sds/OEM
copying build/lib/spacedatanetwork_astro/sds/OEM/rfmOriginKind.py -> build/bdist.macosx-26.0-arm64/wheel/./spacedatanetwork_astro/sds/OEM
copying build/lib/spacedatanetwork_astro/sds/OEM/FrequencyRange.py -> build/bdist.macosx-26.0-arm64/wheel/./spacedatanetwork_astro/sds/OEM
copying build/lib/spacedatanetwork_astro/sds/OEM/ephemerisDataBlock.py -> build/bdist.macosx-26.0-arm64/wheel/./spacedatanetwork_astro/sds/OEM
creating build/bdist.macosx-26.0-arm64/wheel/spacedatanetwork_astro/sds/TAB
copying build/lib/spacedatanetwork_astro/sds/TAB/bufferMutability.py -> build/bdist.macosx-26.0-arm64/wheel/./spacedatanetwork_astro/sds/TAB
copying build/lib/spacedatanetwork_astro/sds/TAB/FlatBufferTypeRef.py -> build/bdist.macosx-26.0-arm64/wheel/./spacedatanetwork_astro/sds/TAB
copying build/lib/spacedatanetwork_astro/sds/TAB/bufferOwnership.py -> build/bdist.macosx-26.0-arm64/wheel/./spacedatanetwork_astro/sds/TAB
copying build/lib/spacedatanetwork_astro/sds/TAB/__init__.py -> build/bdist.macosx-26.0-arm64/wheel/./spacedatanetwork_astro/sds/TAB
copying build/lib/spacedatanetwork_astro/sds/TAB/payloadWireFormat.py -> build/bdist.macosx-26.0-arm64/wheel/./spacedatanetwork_astro/sds/TAB
copying build/lib/spacedatanetwork_astro/sds/TAB/TAB.py -> build/bdist.macosx-26.0-arm64/wheel/./spacedatanetwork_astro/sds/TAB
creating build/bdist.macosx-26.0-arm64/wheel/spacedatanetwork_astro/sds/REC
copying build/lib/spacedatanetwork_astro/sds/REC/rbkResultStatus.py -> build/bdist.macosx-26.0-arm64/wheel/./spacedatanetwork_astro/sds/REC
copying build/lib/spacedatanetwork_astro/sds/REC/ATD.py -> build/bdist.macosx-26.0-arm64/wheel/./spacedatanetwork_astro/sds/REC
copying build/lib/spacedatanetwork_astro/sds/REC/tctBasin.py -> build/bdist.macosx-26.0-arm64/wheel/./spacedatanetwork_astro/sds/REC
copying build/lib/spacedatanetwork_astro/sds/REC/seoDataType.py -> build/bdist.macosx-26.0-arm64/wheel/./spacedatanetwork_astro/sds/REC
copying build/lib/spacedatanetwork_astro/sds/REC/COTDetail.py -> build/bdist.macosx-26.0-arm64/wheel/./spacedatanetwork_astro/sds/REC
copying build/lib/spacedatanetwork_astro/sds/REC/cltuPduType.py -> build/bdist.macosx-26.0-arm64/wheel/./spacedatanetwork_astro/sds/REC
copying build/lib/spacedatanetwork_astro/sds/REC/FRMVector3.py -> build/bdist.macosx-26.0-arm64/wheel/./spacedatanetwork_astro/sds/REC
copying build/lib/spacedatanetwork_astro/sds/REC/KeyType.py -> build/bdist.macosx-26.0-arm64/wheel/./spacedatanetwork_astro/sds/REC
copying build/lib/spacedatanetwork_astro/sds/REC/GJNBoundingBox.py -> build/bdist.macosx-26.0-arm64/wheel/./spacedatanetwork_astro/sds/REC
copying build/lib/spacedatanetwork_astro/sds/REC/RFEEmissionMask.py -> build/bdist.macosx-26.0-arm64/wheel/./spacedatanetwork_astro/sds/REC
copying build/lib/spacedatanetwork_astro/sds/REC/RBKVector3.py -> build/bdist.macosx-26.0-arm64/wheel/./spacedatanetwork_astro/sds/REC
copying build/lib/spacedatanetwork_astro/sds/REC/mdpDsmMode.py -> build/bdist.macosx-26.0-arm64/wheel/./spacedatanetwork_astro/sds/REC
copying build/lib/spacedatanetwork_astro/sds/REC/memMeasurementType.py -> build/bdist.macosx-26.0-arm64/wheel/./spacedatanetwork_astro/sds/REC
copying build/lib/spacedatanetwork_astro/sds/REC/SLPGoal.py -> build/bdist.macosx-26.0-arm64/wheel/./spacedatanetwork_astro/sds/REC
copying build/lib/spacedatanetwork_astro/sds/REC/WXFGrid.py -> build/bdist.macosx-26.0-arm64/wheel/./spacedatanetwork_astro/sds/REC
copying build/lib/spacedatanetwork_astro/sds/REC/ByteOrderType.py -> build/bdist.macosx-26.0-arm64/wheel/./spacedatanetwork_astro/sds/REC
copying build/lib/spacedatanetwork_astro/sds/REC/VAMAnnotation.py -> build/bdist.macosx-26.0-arm64/wheel/./spacedatanetwork_astro/sds/REC
copying build/lib/spacedatanetwork_astro/sds/REC/AtmosphericModelFamily.py -> build/bdist.macosx-26.0-arm64/wheel/./spacedatanetwork_astro/sds/REC
copying build/lib/spacedatanetwork_astro/sds/REC/F107DataType.py -> build/bdist.macosx-26.0-arm64/wheel/./spacedatanetwork_astro/sds/REC
copying build/lib/spacedatanetwork_astro/sds/REC/SDFBatchRequest.py -> build/bdist.macosx-26.0-arm64/wheel/./spacedatanetwork_astro/sds/REC
copying build/lib/spacedatanetwork_astro/sds/REC/MPETargeterSolution.py -> build/bdist.macosx-26.0-arm64/wheel/./spacedatanetwork_astro/sds/REC
copying build/lib/spacedatanetwork_astro/sds/REC/KMLTrack.py -> build/bdist.macosx-26.0-arm64/wheel/./spacedatanetwork_astro/sds/REC
copying build/lib/spacedatanetwork_astro/sds/REC/TRHAttestation.py -> build/bdist.macosx-26.0-arm64/wheel/./spacedatanetwork_astro/sds/REC
copying build/lib/spacedatanetwork_astro/sds/REC/rcfPduType.py -> build/bdist.macosx-26.0-arm64/wheel/./spacedatanetwork_astro/sds/REC
copying build/lib/spacedatanetwork_astro/sds/REC/ionoDensityProfile.py -> build/bdist.macosx-26.0-arm64/wheel/./spacedatanetwork_astro/sds/REC
copying build/lib/spacedatanetwork_astro/sds/REC/EPM.py -> build/bdist.macosx-26.0-arm64/wheel/./spacedatanetwork_astro/sds/REC
copying build/lib/spacedatanetwork_astro/sds/REC/FCS.py -> build/bdist.macosx-26.0-arm64/wheel/./spacedatanetwork_astro/sds/REC
copying build/lib/spacedatanetwork_astro/sds/REC/GEO.py -> build/bdist.macosx-26.0-arm64/wheel/./spacedatanetwork_astro/sds/REC
copying build/lib/spacedatanetwork_astro/sds/REC/prwSourceKind.py -> build/bdist.macosx-26.0-arm64/wheel/./spacedatanetwork_astro/sds/REC
copying build/lib/spacedatanetwork_astro/sds/REC/HEL.py -> build/bdist.macosx-26.0-arm64/wheel/./spacedatanetwork_astro/sds/REC
copying build/lib/spacedatanetwork_astro/sds/REC/keyMaterialEncoding.py -> build/bdist.macosx-26.0-arm64/wheel/./spacedatanetwork_astro/sds/REC
copying build/lib/spacedatanetwork_astro/sds/REC/CZMCorridor.py -> build/bdist.macosx-26.0-arm64/wheel/./spacedatanetwork_astro/sds/REC
copying build/lib/spacedatanetwork_astro/sds/REC/IDM.py -> build/bdist.macosx-26.0-arm64/wheel/./spacedatanetwork_astro/sds/REC
copying build/lib/spacedatanetwork_astro/sds/REC/SDRSensorConfig.py -> build/bdist.macosx-26.0-arm64/wheel/./spacedatanetwork_astro/sds/REC
copying build/lib/spacedatanetwork_astro/sds/REC/bufferMutability.py -> build/bdist.macosx-26.0-arm64/wheel/./spacedatanetwork_astro/sds/REC
copying build/lib/spacedatanetwork_astro/sds/REC/PAP.py -> build/bdist.macosx-26.0-arm64/wheel/./spacedatanetwork_astro/sds/REC
copying build/lib/spacedatanetwork_astro/sds/REC/RDO.py -> build/bdist.macosx-26.0-arm64/wheel/./spacedatanetwork_astro/sds/REC
copying build/lib/spacedatanetwork_astro/sds/REC/SEN.py -> build/bdist.macosx-26.0-arm64/wheel/./spacedatanetwork_astro/sds/REC
copying build/lib/spacedatanetwork_astro/sds/REC/VAMSource.py -> build/bdist.macosx-26.0-arm64/wheel/./spacedatanetwork_astro/sds/REC
copying build/lib/spacedatanetwork_astro/sds/REC/QRP.py -> build/bdist.macosx-26.0-arm64/wheel/./spacedatanetwork_astro/sds/REC
copying build/lib/spacedatanetwork_astro/sds/REC/TBSConsensus.py -> build/bdist.macosx-26.0-arm64/wheel/./spacedatanetwork_astro/sds/REC
copying build/lib/spacedatanetwork_astro/sds/REC/KMLTourPrimitive.py -> build/bdist.macosx-26.0-arm64/wheel/./spacedatanetwork_astro/sds/REC
copying build/lib/spacedatanetwork_astro/sds/REC/pssSolutionStatus.py -> build/bdist.macosx-26.0-arm64/wheel/./spacedatanetwork_astro/sds/REC
copying build/lib/spacedatanetwork_astro/sds/REC/legacyCountryCode.py -> build/bdist.macosx-26.0-arm64/wheel/./spacedatanetwork_astro/sds/REC
copying build/lib/spacedatanetwork_astro/sds/REC/RFS.py -> build/bdist.macosx-26.0-arm64/wheel/./spacedatanetwork_astro/sds/REC
copying build/lib/spacedatanetwork_astro/sds/REC/ACIInterval.py -> build/bdist.macosx-26.0-arm64/wheel/./spacedatanetwork_astro/sds/REC
copying build/lib/spacedatanetwork_astro/sds/REC/slpObjectiveDirection.py -> build/bdist.macosx-26.0-arm64/wheel/./spacedatanetwork_astro/sds/REC
copying build/lib/spacedatanetwork_astro/sds/REC/remBreakupMode.py -> build/bdist.macosx-26.0-arm64/wheel/./spacedatanetwork_astro/sds/REC
copying build/lib/spacedatanetwork_astro/sds/REC/bpfLicenseMode.py -> build/bdist.macosx-26.0-arm64/wheel/./spacedatanetwork_astro/sds/REC
copying build/lib/spacedatanetwork_astro/sds/REC/RFLModCod.py -> build/bdist.macosx-26.0-arm64/wheel/./spacedatanetwork_astro/sds/REC
copying build/lib/spacedatanetwork_astro/sds/REC/rfmLibrationPoint.py -> build/bdist.macosx-26.0-arm64/wheel/./spacedatanetwork_astro/sds/REC
copying build/lib/spacedatanetwork_astro/sds/REC/PGM.py -> build/bdist.macosx-26.0-arm64/wheel/./spacedatanetwork_astro/sds/REC
copying build/lib/spacedatanetwork_astro/sds/REC/CZMPolylineGlowMaterial.py -> build/bdist.macosx-26.0-arm64/wheel/./spacedatanetwork_astro/sds/REC
copying build/lib/spacedatanetwork_astro/sds/REC/StringParameterType.py -> build/bdist.macosx-26.0-arm64/wheel/./spacedatanetwork_astro/sds/REC
copying build/lib/spacedatanetwork_astro/sds/REC/SCVTarget.py -> build/bdist.macosx-26.0-arm64/wheel/./spacedatanetwork_astro/sds/REC
copying build/lib/spacedatanetwork_astro/sds/REC/Argument.py -> build/bdist.macosx-26.0-arm64/wheel/./spacedatanetwork_astro/sds/REC
copying build/lib/spacedatanetwork_astro/sds/REC/TIMCcsdsTimeCode.py -> build/bdist.macosx-26.0-arm64/wheel/./spacedatanetwork_astro/sds/REC
copying build/lib/spacedatanetwork_astro/sds/REC/SLP.py -> build/bdist.macosx-26.0-arm64/wheel/./spacedatanetwork_astro/sds/REC
copying build/lib/spacedatanetwork_astro/sds/REC/PLGFlowNode.py -> build/bdist.macosx-26.0-arm64/wheel/./spacedatanetwork_astro/sds/REC
copying build/lib/spacedatanetwork_astro/sds/REC/GJNGeometryType.py -> build/bdist.macosx-26.0-arm64/wheel/./spacedatanetwork_astro/sds/REC
copying build/lib/spacedatanetwork_astro/sds/REC/PIV.py -> build/bdist.macosx-26.0-arm64/wheel/./spacedatanetwork_astro/sds/REC
copying build/lib/spacedatanetwork_astro/sds/REC/licensingConfigRole.py -> build/bdist.macosx-26.0-arm64/wheel/./spacedatanetwork_astro/sds/REC
copying build/lib/spacedatanetwork_astro/sds/REC/busSize.py -> build/bdist.macosx-26.0-arm64/wheel/./spacedatanetwork_astro/sds/REC
copying build/lib/spacedatanetwork_astro/sds/REC/rfsPropertyMethod.py -> build/bdist.macosx-26.0-arm64/wheel/./spacedatanetwork_astro/sds/REC
copying build/lib/spacedatanetwork_astro/sds/REC/dttWaterMask.py -> build/bdist.macosx-26.0-arm64/wheel/./spacedatanetwork_astro/sds/REC
copying build/lib/spacedatanetwork_astro/sds/REC/IRM.py -> build/bdist.macosx-26.0-arm64/wheel/./spacedatanetwork_astro/sds/REC
copying build/lib/spacedatanetwork_astro/sds/REC/KMLTimeSpan.py -> build/bdist.macosx-26.0-arm64/wheel/./spacedatanetwork_astro/sds/REC
copying build/lib/spacedatanetwork_astro/sds/REC/SEV.py -> build/bdist.macosx-26.0-arm64/wheel/./spacedatanetwork_astro/sds/REC
copying build/lib/spacedatanetwork_astro/sds/REC/KMLLookAt.py -> build/bdist.macosx-26.0-arm64/wheel/./spacedatanetwork_astro/sds/REC
copying build/lib/spacedatanetwork_astro/sds/REC/JammingType.py -> build/bdist.macosx-26.0-arm64/wheel/./spacedatanetwork_astro/sds/REC
copying build/lib/spacedatanetwork_astro/sds/REC/VSTCameraRotation.py -> build/bdist.macosx-26.0-arm64/wheel/./spacedatanetwork_astro/sds/REC
copying build/lib/spacedatanetwork_astro/sds/REC/Band.py -> build/bdist.macosx-26.0-arm64/wheel/./spacedatanetwork_astro/sds/REC
copying build/lib/spacedatanetwork_astro/sds/REC/rbkOperationCode.py -> build/bdist.macosx-26.0-arm64/wheel/./spacedatanetwork_astro/sds/REC
copying build/lib/spacedatanetwork_astro/sds/REC/ProtectedDeliveryBinding.py -> build/bdist.macosx-26.0-arm64/wheel/./spacedatanetwork_astro/sds/REC
copying build/lib/spacedatanetwork_astro/sds/REC/CZMStripeMaterial.py -> build/bdist.macosx-26.0-arm64/wheel/./spacedatanetwork_astro/sds/REC
copying build/lib/spacedatanetwork_astro/sds/REC/RBKQuaternion.py -> build/bdist.macosx-26.0-arm64/wheel/./spacedatanetwork_astro/sds/REC
copying build/lib/spacedatanetwork_astro/sds/REC/viewerCameraFrameMode.py -> build/bdist.macosx-26.0-arm64/wheel/./spacedatanetwork_astro/sds/REC
copying build/lib/spacedatanetwork_astro/sds/REC/OOA.py -> build/bdist.macosx-26.0-arm64/wheel/./spacedatanetwork_astro/sds/REC
copying build/lib/spacedatanetwork_astro/sds/REC/gctRefinement.py -> build/bdist.macosx-26.0-arm64/wheel/./spacedatanetwork_astro/sds/REC
copying build/lib/spacedatanetwork_astro/sds/REC/KMLFlyTo.py -> build/bdist.macosx-26.0-arm64/wheel/./spacedatanetwork_astro/sds/REC
copying build/lib/spacedatanetwork_astro/sds/REC/scvSensorRangeBoundaryKind.py -> build/bdist.macosx-26.0-arm64/wheel/./spacedatanetwork_astro/sds/REC
copying build/lib/spacedatanetwork_astro/sds/REC/VAMMetadataOnlyReview.py -> build/bdist.macosx-26.0-arm64/wheel/./spacedatanetwork_astro/sds/REC
copying build/lib/spacedatanetwork_astro/sds/REC/QEMTokenVector.py -> build/bdist.macosx-26.0-arm64/wheel/./spacedatanetwork_astro/sds/REC
copying build/lib/spacedatanetwork_astro/sds/REC/SDFConfig.py -> build/bdist.macosx-26.0-arm64/wheel/./spacedatanetwork_astro/sds/REC
copying build/lib/spacedatanetwork_astro/sds/REC/KMLListStyle.py -> build/bdist.macosx-26.0-arm64/wheel/./spacedatanetwork_astro/sds/REC
copying build/lib/spacedatanetwork_astro/sds/REC/maneuverStatus.py -> build/bdist.macosx-26.0-arm64/wheel/./spacedatanetwork_astro/sds/REC
copying build/lib/spacedatanetwork_astro/sds/REC/Address.py -> build/bdist.macosx-26.0-arm64/wheel/./spacedatanetwork_astro/sds/REC
copying build/lib/spacedatanetwork_astro/sds/REC/screeningVolumeShape.py -> build/bdist.macosx-26.0-arm64/wheel/./spacedatanetwork_astro/sds/REC
copying build/lib/spacedatanetwork_astro/sds/REC/Interlock.py -> build/bdist.macosx-26.0-arm64/wheel/./spacedatanetwork_astro/sds/REC
copying build/lib/spacedatanetwork_astro/sds/REC/MEMErrorModel.py -> build/bdist.macosx-26.0-arm64/wheel/./spacedatanetwork_astro/sds/REC
copying build/lib/spacedatanetwork_astro/sds/REC/KMLScreenOverlay.py -> build/bdist.macosx-26.0-arm64/wheel/./spacedatanetwork_astro/sds/REC
copying build/lib/spacedatanetwork_astro/sds/REC/KMLTour.py -> build/bdist.macosx-26.0-arm64/wheel/./spacedatanetwork_astro/sds/REC
copying build/lib/spacedatanetwork_astro/sds/REC/TIMInstant.py -> build/bdist.macosx-26.0-arm64/wheel/./spacedatanetwork_astro/sds/REC
copying build/lib/spacedatanetwork_astro/sds/REC/CLMCountersignature.py -> build/bdist.macosx-26.0-arm64/wheel/./spacedatanetwork_astro/sds/REC
copying build/lib/spacedatanetwork_astro/sds/REC/MFE.py -> build/bdist.macosx-26.0-arm64/wheel/./spacedatanetwork_astro/sds/REC
copying build/lib/spacedatanetwork_astro/sds/REC/StringArgumentType.py -> build/bdist.macosx-26.0-arm64/wheel/./spacedatanetwork_astro/sds/REC
copying build/lib/spacedatanetwork_astro/sds/REC/VCF.py -> build/bdist.macosx-26.0-arm64/wheel/./spacedatanetwork_astro/sds/REC
copying build/lib/spacedatanetwork_astro/sds/REC/Service.py -> build/bdist.macosx-26.0-arm64/wheel/./spacedatanetwork_astro/sds/REC
copying build/lib/spacedatanetwork_astro/sds/REC/VCFSubject.py -> build/bdist.macosx-26.0-arm64/wheel/./spacedatanetwork_astro/sds/REC
copying build/lib/spacedatanetwork_astro/sds/REC/PSSSolution.py -> build/bdist.macosx-26.0-arm64/wheel/./spacedatanetwork_astro/sds/REC
copying build/lib/spacedatanetwork_astro/sds/REC/GELConvergenceDiagnostics.py -> build/bdist.macosx-26.0-arm64/wheel/./spacedatanetwork_astro/sds/REC
copying build/lib/spacedatanetwork_astro/sds/REC/OPPQuantity.py -> build/bdist.macosx-26.0-arm64/wheel/./spacedatanetwork_astro/sds/REC
copying build/lib/spacedatanetwork_astro/sds/REC/gnssObsData.py -> build/bdist.macosx-26.0-arm64/wheel/./spacedatanetwork_astro/sds/REC
copying build/lib/spacedatanetwork_astro/sds/REC/lambertTransferPath.py -> build/bdist.macosx-26.0-arm64/wheel/./spacedatanetwork_astro/sds/REC
copying build/lib/spacedatanetwork_astro/sds/REC/KMLMultiGeometry.py -> build/bdist.macosx-26.0-arm64/wheel/./spacedatanetwork_astro/sds/REC
copying build/lib/spacedatanetwork_astro/sds/REC/PGMMetadataEntry.py -> build/bdist.macosx-26.0-arm64/wheel/./spacedatanetwork_astro/sds/REC
copying build/lib/spacedatanetwork_astro/sds/REC/TRHTransmitter.py -> build/bdist.macosx-26.0-arm64/wheel/./spacedatanetwork_astro/sds/REC
copying build/lib/spacedatanetwork_astro/sds/REC/VAMApprovedAlternate.py -> build/bdist.macosx-26.0-arm64/wheel/./spacedatanetwork_astro/sds/REC
copying build/lib/spacedatanetwork_astro/sds/REC/PLK.py -> build/bdist.macosx-26.0-arm64/wheel/./spacedatanetwork_astro/sds/REC
copying build/lib/spacedatanetwork_astro/sds/REC/ErrorDetectionType.py -> build/bdist.macosx-26.0-arm64/wheel/./spacedatanetwork_astro/sds/REC
copying build/lib/spacedatanetwork_astro/sds/REC/KMLViewRefreshMode.py -> build/bdist.macosx-26.0-arm64/wheel/./spacedatanetwork_astro/sds/REC
copying build/lib/spacedatanetwork_astro/sds/REC/SDFConical.py -> build/bdist.macosx-26.0-arm64/wheel/./spacedatanetwork_astro/sds/REC
copying build/lib/spacedatanetwork_astro/sds/REC/EVL.py -> build/bdist.macosx-26.0-arm64/wheel/./spacedatanetwork_astro/sds/REC
copying build/lib/spacedatanetwork_astro/sds/REC/detectionResult.py -> build/bdist.macosx-26.0-arm64/wheel/./spacedatanetwork_astro/sds/REC
copying build/lib/spacedatanetwork_astro/sds/REC/entityKind.py -> build/bdist.macosx-26.0-arm64/wheel/./spacedatanetwork_astro/sds/REC
copying build/lib/spacedatanetwork_astro/sds/REC/MetaCommand.py -> build/bdist.macosx-26.0-arm64/wheel/./spacedatanetwork_astro/sds/REC
copying build/lib/spacedatanetwork_astro/sds/REC/KMLAnimatedUpdate.py -> build/bdist.macosx-26.0-arm64/wheel/./spacedatanetwork_astro/sds/REC
copying build/lib/spacedatanetwork_astro/sds/REC/linkCondition.py -> build/bdist.macosx-26.0-arm64/wheel/./spacedatanetwork_astro/sds/REC
copying build/lib/spacedatanetwork_astro/sds/REC/ModuleBundleEntryRole.py -> build/bdist.macosx-26.0-arm64/wheel/./spacedatanetwork_astro/sds/REC
copying build/lib/spacedatanetwork_astro/sds/REC/KMLPlacemark.py -> build/bdist.macosx-26.0-arm64/wheel/./spacedatanetwork_astro/sds/REC
copying build/lib/spacedatanetwork_astro/sds/REC/DFH.py -> build/bdist.macosx-26.0-arm64/wheel/./spacedatanetwork_astro/sds/REC
copying build/lib/spacedatanetwork_astro/sds/REC/SDFCustom.py -> build/bdist.macosx-26.0-arm64/wheel/./spacedatanetwork_astro/sds/REC
copying build/lib/spacedatanetwork_astro/sds/REC/emitterType.py -> build/bdist.macosx-26.0-arm64/wheel/./spacedatanetwork_astro/sds/REC
copying build/lib/spacedatanetwork_astro/sds/REC/STO.py -> build/bdist.macosx-26.0-arm64/wheel/./spacedatanetwork_astro/sds/REC
copying build/lib/spacedatanetwork_astro/sds/REC/SCNAssetsChanged.py -> build/bdist.macosx-26.0-arm64/wheel/./spacedatanetwork_astro/sds/REC
copying build/lib/spacedatanetwork_astro/sds/REC/SCNExclusionZone.py -> build/bdist.macosx-26.0-arm64/wheel/./spacedatanetwork_astro/sds/REC
copying build/lib/spacedatanetwork_astro/sds/REC/aciIntervalKind.py -> build/bdist.macosx-26.0-arm64/wheel/./spacedatanetwork_astro/sds/REC
copying build/lib/spacedatanetwork_astro/sds/REC/CZMTileset.py -> build/bdist.macosx-26.0-arm64/wheel/./spacedatanetwork_astro/sds/REC
copying build/lib/spacedatanetwork_astro/sds/REC/SpacecraftFrameWrapper.py -> build/bdist.macosx-26.0-arm64/wheel/./spacedatanetwork_astro/sds/REC
copying build/lib/spacedatanetwork_astro/sds/REC/lambertSolveState.py -> build/bdist.macosx-26.0-arm64/wheel/./spacedatanetwork_astro/sds/REC
copying build/lib/spacedatanetwork_astro/sds/REC/SDR.py -> build/bdist.macosx-26.0-arm64/wheel/./spacedatanetwork_astro/sds/REC
copying build/lib/spacedatanetwork_astro/sds/REC/TDMSegment.py -> build/bdist.macosx-26.0-arm64/wheel/./spacedatanetwork_astro/sds/REC
copying build/lib/spacedatanetwork_astro/sds/REC/CZMMaterial.py -> build/bdist.macosx-26.0-arm64/wheel/./spacedatanetwork_astro/sds/REC
copying build/lib/spacedatanetwork_astro/sds/REC/CanonicalizationRule.py -> build/bdist.macosx-26.0-arm64/wheel/./spacedatanetwork_astro/sds/REC
copying build/lib/spacedatanetwork_astro/sds/REC/timConversionStatus.py -> build/bdist.macosx-26.0-arm64/wheel/./spacedatanetwork_astro/sds/REC
copying build/lib/spacedatanetwork_astro/sds/REC/lamConstraintViolation.py -> build/bdist.macosx-26.0-arm64/wheel/./spacedatanetwork_astro/sds/REC
copying build/lib/spacedatanetwork_astro/sds/REC/TrkTrackStatus.py -> build/bdist.macosx-26.0-arm64/wheel/./spacedatanetwork_astro/sds/REC
copying build/lib/spacedatanetwork_astro/sds/REC/rbkEulerSequenceCode.py -> build/bdist.macosx-26.0-arm64/wheel/./spacedatanetwork_astro/sds/REC
copying build/lib/spacedatanetwork_astro/sds/REC/KMLRegion.py -> build/bdist.macosx-26.0-arm64/wheel/./spacedatanetwork_astro/sds/REC
copying build/lib/spacedatanetwork_astro/sds/REC/RFO.py -> build/bdist.macosx-26.0-arm64/wheel/./spacedatanetwork_astro/sds/REC
copying build/lib/spacedatanetwork_astro/sds/REC/NDSModuleStat.py -> build/bdist.macosx-26.0-arm64/wheel/./spacedatanetwork_astro/sds/REC
copying build/lib/spacedatanetwork_astro/sds/REC/EOO.py -> build/bdist.macosx-26.0-arm64/wheel/./spacedatanetwork_astro/sds/REC
copying build/lib/spacedatanetwork_astro/sds/REC/AGRSeries.py -> build/bdist.macosx-26.0-arm64/wheel/./spacedatanetwork_astro/sds/REC
copying build/lib/spacedatanetwork_astro/sds/REC/SKI.py -> build/bdist.macosx-26.0-arm64/wheel/./spacedatanetwork_astro/sds/REC
copying build/lib/spacedatanetwork_astro/sds/REC/CommandContainer.py -> build/bdist.macosx-26.0-arm64/wheel/./spacedatanetwork_astro/sds/REC
copying build/lib/spacedatanetwork_astro/sds/REC/FRMFrameTransformResult.py -> build/bdist.macosx-26.0-arm64/wheel/./spacedatanetwork_astro/sds/REC
copying build/lib/spacedatanetwork_astro/sds/REC/PRWInit.py -> build/bdist.macosx-26.0-arm64/wheel/./spacedatanetwork_astro/sds/REC
copying build/lib/spacedatanetwork_astro/sds/REC/EGPProvenance.py -> build/bdist.macosx-26.0-arm64/wheel/./spacedatanetwork_astro/sds/REC
copying build/lib/spacedatanetwork_astro/sds/REC/zonalHarmonic.py -> build/bdist.macosx-26.0-arm64/wheel/./spacedatanetwork_astro/sds/REC
copying build/lib/spacedatanetwork_astro/sds/REC/VCFAlias.py -> build/bdist.macosx-26.0-arm64/wheel/./spacedatanetwork_astro/sds/REC
copying build/lib/spacedatanetwork_astro/sds/REC/stateRequestKind.py -> build/bdist.macosx-26.0-arm64/wheel/./spacedatanetwork_astro/sds/REC
copying build/lib/spacedatanetwork_astro/sds/REC/SCNViewCone.py -> build/bdist.macosx-26.0-arm64/wheel/./spacedatanetwork_astro/sds/REC
copying build/lib/spacedatanetwork_astro/sds/REC/TRHHardwareRef.py -> build/bdist.macosx-26.0-arm64/wheel/./spacedatanetwork_astro/sds/REC
copying build/lib/spacedatanetwork_astro/sds/REC/rfDetectionStatus.py -> build/bdist.macosx-26.0-arm64/wheel/./spacedatanetwork_astro/sds/REC
copying build/lib/spacedatanetwork_astro/sds/REC/TRE.py -> build/bdist.macosx-26.0-arm64/wheel/./spacedatanetwork_astro/sds/REC
copying build/lib/spacedatanetwork_astro/sds/REC/CrewRole.py -> build/bdist.macosx-26.0-arm64/wheel/./spacedatanetwork_astro/sds/REC
copying build/lib/spacedatanetwork_astro/sds/REC/odrParameterDisposition.py -> build/bdist.macosx-26.0-arm64/wheel/./spacedatanetwork_astro/sds/REC
copying build/lib/spacedatanetwork_astro/sds/REC/gelObservationDisposition.py -> build/bdist.macosx-26.0-arm64/wheel/./spacedatanetwork_astro/sds/REC
copying build/lib/spacedatanetwork_astro/sds/REC/NDSTrustEngineStat.py -> build/bdist.macosx-26.0-arm64/wheel/./spacedatanetwork_astro/sds/REC
copying build/lib/spacedatanetwork_astro/sds/REC/irmJobState.py -> build/bdist.macosx-26.0-arm64/wheel/./spacedatanetwork_astro/sds/REC
copying build/lib/spacedatanetwork_astro/sds/REC/MPE.py -> build/bdist.macosx-26.0-arm64/wheel/./spacedatanetwork_astro/sds/REC
copying build/lib/spacedatanetwork_astro/sds/REC/attManeuver.py -> build/bdist.macosx-26.0-arm64/wheel/./spacedatanetwork_astro/sds/REC
copying build/lib/spacedatanetwork_astro/sds/REC/SCVPackedRasterBand.py -> build/bdist.macosx-26.0-arm64/wheel/./spacedatanetwork_astro/sds/REC
copying build/lib/spacedatanetwork_astro/sds/REC/BPF.py -> build/bdist.macosx-26.0-arm64/wheel/./spacedatanetwork_astro/sds/REC
copying build/lib/spacedatanetwork_astro/sds/REC/OOE.py -> build/bdist.macosx-26.0-arm64/wheel/./spacedatanetwork_astro/sds/REC
copying build/lib/spacedatanetwork_astro/sds/REC/FieldStreamValue.py -> build/bdist.macosx-26.0-arm64/wheel/./spacedatanetwork_astro/sds/REC
copying build/lib/spacedatanetwork_astro/sds/REC/qrpKind.py -> build/bdist.macosx-26.0-arm64/wheel/./spacedatanetwork_astro/sds/REC
copying build/lib/spacedatanetwork_astro/sds/REC/KMLFolder.py -> build/bdist.macosx-26.0-arm64/wheel/./spacedatanetwork_astro/sds/REC
copying build/lib/spacedatanetwork_astro/sds/REC/FRMMatrix3.py -> build/bdist.macosx-26.0-arm64/wheel/./spacedatanetwork_astro/sds/REC
copying build/lib/spacedatanetwork_astro/sds/REC/bspInterpolationStatus.py -> build/bdist.macosx-26.0-arm64/wheel/./spacedatanetwork_astro/sds/REC
copying build/lib/spacedatanetwork_astro/sds/REC/CVPProvenance.py -> build/bdist.macosx-26.0-arm64/wheel/./spacedatanetwork_astro/sds/REC
copying build/lib/spacedatanetwork_astro/sds/REC/RBKMatrix3.py -> build/bdist.macosx-26.0-arm64/wheel/./spacedatanetwork_astro/sds/REC
copying build/lib/spacedatanetwork_astro/sds/REC/aouReportType.py -> build/bdist.macosx-26.0-arm64/wheel/./spacedatanetwork_astro/sds/REC
copying build/lib/spacedatanetwork_astro/sds/REC/peerRegistryTrustCategory.py -> build/bdist.macosx-26.0-arm64/wheel/./spacedatanetwork_astro/sds/REC
copying build/lib/spacedatanetwork_astro/sds/REC/SplineCalibrator.py -> build/bdist.macosx-26.0-arm64/wheel/./spacedatanetwork_astro/sds/REC
copying build/lib/spacedatanetwork_astro/sds/REC/DTTProvenance.py -> build/bdist.macosx-26.0-arm64/wheel/./spacedatanetwork_astro/sds/REC
copying build/lib/spacedatanetwork_astro/sds/REC/lambertBranchKind.py -> build/bdist.macosx-26.0-arm64/wheel/./spacedatanetwork_astro/sds/REC
copying build/lib/spacedatanetwork_astro/sds/REC/OPPSurface.py -> build/bdist.macosx-26.0-arm64/wheel/./spacedatanetwork_astro/sds/REC
copying build/lib/spacedatanetwork_astro/sds/REC/operationalState.py -> build/bdist.macosx-26.0-arm64/wheel/./spacedatanetwork_astro/sds/REC
copying build/lib/spacedatanetwork_astro/sds/REC/AOF.py -> build/bdist.macosx-26.0-arm64/wheel/./spacedatanetwork_astro/sds/REC
copying build/lib/spacedatanetwork_astro/sds/REC/TXSProvenance.py -> build/bdist.macosx-26.0-arm64/wheel/./spacedatanetwork_astro/sds/REC
copying build/lib/spacedatanetwork_astro/sds/REC/FieldStreamAudience.py -> build/bdist.macosx-26.0-arm64/wheel/./spacedatanetwork_astro/sds/REC
copying build/lib/spacedatanetwork_astro/sds/REC/FlatBufferTypeRef.py -> build/bdist.macosx-26.0-arm64/wheel/./spacedatanetwork_astro/sds/REC
copying build/lib/spacedatanetwork_astro/sds/REC/EMCEndpointRef.py -> build/bdist.macosx-26.0-arm64/wheel/./spacedatanetwork_astro/sds/REC
copying build/lib/spacedatanetwork_astro/sds/REC/TKG.py -> build/bdist.macosx-26.0-arm64/wheel/./spacedatanetwork_astro/sds/REC
copying build/lib/spacedatanetwork_astro/sds/REC/CZMCheckerboardMaterial.py -> build/bdist.macosx-26.0-arm64/wheel/./spacedatanetwork_astro/sds/REC
copying build/lib/spacedatanetwork_astro/sds/REC/COTHowType.py -> build/bdist.macosx-26.0-arm64/wheel/./spacedatanetwork_astro/sds/REC
copying build/lib/spacedatanetwork_astro/sds/REC/CAQResult.py -> build/bdist.macosx-26.0-arm64/wheel/./spacedatanetwork_astro/sds/REC
copying build/lib/spacedatanetwork_astro/sds/REC/RFLModelParameter.py -> build/bdist.macosx-26.0-arm64/wheel/./spacedatanetwork_astro/sds/REC
copying build/lib/spacedatanetwork_astro/sds/REC/vepInterpolation.py -> build/bdist.macosx-26.0-arm64/wheel/./spacedatanetwork_astro/sds/REC
copying build/lib/spacedatanetwork_astro/sds/REC/CZMDynamicProperty.py -> build/bdist.macosx-26.0-arm64/wheel/./spacedatanetwork_astro/sds/REC
copying build/lib/spacedatanetwork_astro/sds/REC/FloatEncodingType.py -> build/bdist.macosx-26.0-arm64/wheel/./spacedatanetwork_astro/sds/REC
copying build/lib/spacedatanetwork_astro/sds/REC/ESL.py -> build/bdist.macosx-26.0-arm64/wheel/./spacedatanetwork_astro/sds/REC
copying build/lib/spacedatanetwork_astro/sds/REC/rflEndpointKind.py -> build/bdist.macosx-26.0-arm64/wheel/./spacedatanetwork_astro/sds/REC
copying build/lib/spacedatanetwork_astro/sds/REC/RFEProvenance.py -> build/bdist.macosx-26.0-arm64/wheel/./spacedatanetwork_astro/sds/REC
copying build/lib/spacedatanetwork_astro/sds/REC/TRPAsset.py -> build/bdist.macosx-26.0-arm64/wheel/./spacedatanetwork_astro/sds/REC
copying build/lib/spacedatanetwork_astro/sds/REC/ephemerisDataLine.py -> build/bdist.macosx-26.0-arm64/wheel/./spacedatanetwork_astro/sds/REC
copying build/lib/spacedatanetwork_astro/sds/REC/FieldStreamRule.py -> build/bdist.macosx-26.0-arm64/wheel/./spacedatanetwork_astro/sds/REC
copying build/lib/spacedatanetwork_astro/sds/REC/SOI.py -> build/bdist.macosx-26.0-arm64/wheel/./spacedatanetwork_astro/sds/REC
copying build/lib/spacedatanetwork_astro/sds/REC/GNP.py -> build/bdist.macosx-26.0-arm64/wheel/./spacedatanetwork_astro/sds/REC
copying build/lib/spacedatanetwork_astro/sds/REC/OPPAreas.py -> build/bdist.macosx-26.0-arm64/wheel/./spacedatanetwork_astro/sds/REC
copying build/lib/spacedatanetwork_astro/sds/REC/GNPProvenance.py -> build/bdist.macosx-26.0-arm64/wheel/./spacedatanetwork_astro/sds/REC
copying build/lib/spacedatanetwork_astro/sds/REC/SPW.py -> build/bdist.macosx-26.0-arm64/wheel/./spacedatanetwork_astro/sds/REC
copying build/lib/spacedatanetwork_astro/sds/REC/VEPProvenance.py -> build/bdist.macosx-26.0-arm64/wheel/./spacedatanetwork_astro/sds/REC
copying build/lib/spacedatanetwork_astro/sds/REC/CZMImageMaterial.py -> build/bdist.macosx-26.0-arm64/wheel/./spacedatanetwork_astro/sds/REC
copying build/lib/spacedatanetwork_astro/sds/REC/sdfTimeRangeResult.py -> build/bdist.macosx-26.0-arm64/wheel/./spacedatanetwork_astro/sds/REC
copying build/lib/spacedatanetwork_astro/sds/REC/SPWCOLLECTION.py -> build/bdist.macosx-26.0-arm64/wheel/./spacedatanetwork_astro/sds/REC
copying build/lib/spacedatanetwork_astro/sds/REC/BEMProvenance.py -> build/bdist.macosx-26.0-arm64/wheel/./spacedatanetwork_astro/sds/REC
copying build/lib/spacedatanetwork_astro/sds/REC/FRMStateVector.py -> build/bdist.macosx-26.0-arm64/wheel/./spacedatanetwork_astro/sds/REC
copying build/lib/spacedatanetwork_astro/sds/REC/RBKRigidBodyKinematicsResult.py -> build/bdist.macosx-26.0-arm64/wheel/./spacedatanetwork_astro/sds/REC
copying build/lib/spacedatanetwork_astro/sds/REC/SCN.py -> build/bdist.macosx-26.0-arm64/wheel/./spacedatanetwork_astro/sds/REC
copying build/lib/spacedatanetwork_astro/sds/REC/KMLCoordinate.py -> build/bdist.macosx-26.0-arm64/wheel/./spacedatanetwork_astro/sds/REC
copying build/lib/spacedatanetwork_astro/sds/REC/cvpAltitudeReference.py -> build/bdist.macosx-26.0-arm64/wheel/./spacedatanetwork_astro/sds/REC
copying build/lib/spacedatanetwork_astro/sds/REC/SAR.py -> build/bdist.macosx-26.0-arm64/wheel/./spacedatanetwork_astro/sds/REC
copying build/lib/spacedatanetwork_astro/sds/REC/CZMPolygon.py -> build/bdist.macosx-26.0-arm64/wheel/./spacedatanetwork_astro/sds/REC
copying build/lib/spacedatanetwork_astro/sds/REC/SWR.py -> build/bdist.macosx-26.0-arm64/wheel/./spacedatanetwork_astro/sds/REC
copying build/lib/spacedatanetwork_astro/sds/REC/sbmObjectClass.py -> build/bdist.macosx-26.0-arm64/wheel/./spacedatanetwork_astro/sds/REC
copying build/lib/spacedatanetwork_astro/sds/REC/QEM.py -> build/bdist.macosx-26.0-arm64/wheel/./spacedatanetwork_astro/sds/REC
copying build/lib/spacedatanetwork_astro/sds/REC/CommandMetaData.py -> build/bdist.macosx-26.0-arm64/wheel/./spacedatanetwork_astro/sds/REC
copying build/lib/spacedatanetwork_astro/sds/REC/beamContourPoint.py -> build/bdist.macosx-26.0-arm64/wheel/./spacedatanetwork_astro/sds/REC
copying build/lib/spacedatanetwork_astro/sds/REC/RangefinderType.py -> build/bdist.macosx-26.0-arm64/wheel/./spacedatanetwork_astro/sds/REC
copying build/lib/spacedatanetwork_astro/sds/REC/commissionScope.py -> build/bdist.macosx-26.0-arm64/wheel/./spacedatanetwork_astro/sds/REC
copying build/lib/spacedatanetwork_astro/sds/REC/Metadata.py -> build/bdist.macosx-26.0-arm64/wheel/./spacedatanetwork_astro/sds/REC
copying build/lib/spacedatanetwork_astro/sds/REC/RateBasisType.py -> build/bdist.macosx-26.0-arm64/wheel/./spacedatanetwork_astro/sds/REC
copying build/lib/spacedatanetwork_astro/sds/REC/ENV.py -> build/bdist.macosx-26.0-arm64/wheel/./spacedatanetwork_astro/sds/REC
copying build/lib/spacedatanetwork_astro/sds/REC/orbitRegime.py -> build/bdist.macosx-26.0-arm64/wheel/./spacedatanetwork_astro/sds/REC
copying build/lib/spacedatanetwork_astro/sds/REC/NUMRootSolveResult.py -> build/bdist.macosx-26.0-arm64/wheel/./spacedatanetwork_astro/sds/REC
copying build/lib/spacedatanetwork_astro/sds/REC/BottomType.py -> build/bdist.macosx-26.0-arm64/wheel/./spacedatanetwork_astro/sds/REC
copying build/lib/spacedatanetwork_astro/sds/REC/EGP.py -> build/bdist.macosx-26.0-arm64/wheel/./spacedatanetwork_astro/sds/REC
copying build/lib/spacedatanetwork_astro/sds/REC/SCV.py -> build/bdist.macosx-26.0-arm64/wheel/./spacedatanetwork_astro/sds/REC
copying build/lib/spacedatanetwork_astro/sds/REC/TRHAntenna.py -> build/bdist.macosx-26.0-arm64/wheel/./spacedatanetwork_astro/sds/REC
copying build/lib/spacedatanetwork_astro/sds/REC/TMSIdentifier.py -> build/bdist.macosx-26.0-arm64/wheel/./spacedatanetwork_astro/sds/REC
copying build/lib/spacedatanetwork_astro/sds/REC/STV.py -> build/bdist.macosx-26.0-arm64/wheel/./spacedatanetwork_astro/sds/REC
copying build/lib/spacedatanetwork_astro/sds/REC/trsPathClass.py -> build/bdist.macosx-26.0-arm64/wheel/./spacedatanetwork_astro/sds/REC
copying build/lib/spacedatanetwork_astro/sds/REC/CZMPolygonHole.py -> build/bdist.macosx-26.0-arm64/wheel/./spacedatanetwork_astro/sds/REC
copying build/lib/spacedatanetwork_astro/sds/REC/SIT.py -> build/bdist.macosx-26.0-arm64/wheel/./spacedatanetwork_astro/sds/REC
copying build/lib/spacedatanetwork_astro/sds/REC/SDRRadarConfig.py -> build/bdist.macosx-26.0-arm64/wheel/./spacedatanetwork_astro/sds/REC
copying build/lib/spacedatanetwork_astro/sds/REC/SonarType.py -> build/bdist.macosx-26.0-arm64/wheel/./spacedatanetwork_astro/sds/REC
copying build/lib/spacedatanetwork_astro/sds/REC/DCState.py -> build/bdist.macosx-26.0-arm64/wheel/./spacedatanetwork_astro/sds/REC
copying build/lib/spacedatanetwork_astro/sds/REC/timingStandard.py -> build/bdist.macosx-26.0-arm64/wheel/./spacedatanetwork_astro/sds/REC
copying build/lib/spacedatanetwork_astro/sds/REC/manifoldStatus.py -> build/bdist.macosx-26.0-arm64/wheel/./spacedatanetwork_astro/sds/REC
copying build/lib/spacedatanetwork_astro/sds/REC/gstFrameRealization.py -> build/bdist.macosx-26.0-arm64/wheel/./spacedatanetwork_astro/sds/REC
copying build/lib/spacedatanetwork_astro/sds/REC/rsdIntegrationStrategy.py -> build/bdist.macosx-26.0-arm64/wheel/./spacedatanetwork_astro/sds/REC
copying build/lib/spacedatanetwork_astro/sds/REC/rfmVectorSpecification.py -> build/bdist.macosx-26.0-arm64/wheel/./spacedatanetwork_astro/sds/REC
copying build/lib/spacedatanetwork_astro/sds/REC/CZMDynInterval.py -> build/bdist.macosx-26.0-arm64/wheel/./spacedatanetwork_astro/sds/REC
copying build/lib/spacedatanetwork_astro/sds/REC/IntegratorType.py -> build/bdist.macosx-26.0-arm64/wheel/./spacedatanetwork_astro/sds/REC
copying build/lib/spacedatanetwork_astro/sds/REC/numResultStatus.py -> build/bdist.macosx-26.0-arm64/wheel/./spacedatanetwork_astro/sds/REC
copying build/lib/spacedatanetwork_astro/sds/REC/CustomFrameWrapper.py -> build/bdist.macosx-26.0-arm64/wheel/./spacedatanetwork_astro/sds/REC
copying build/lib/spacedatanetwork_astro/sds/REC/CZMPolylineOutlineMaterial.py -> build/bdist.macosx-26.0-arm64/wheel/./spacedatanetwork_astro/sds/REC
copying build/lib/spacedatanetwork_astro/sds/REC/OOD.py -> build/bdist.macosx-26.0-arm64/wheel/./spacedatanetwork_astro/sds/REC
copying build/lib/spacedatanetwork_astro/sds/REC/GVHEngineType.py -> build/bdist.macosx-26.0-arm64/wheel/./spacedatanetwork_astro/sds/REC
copying build/lib/spacedatanetwork_astro/sds/REC/cesNormalizationKind.py -> build/bdist.macosx-26.0-arm64/wheel/./spacedatanetwork_astro/sds/REC
copying build/lib/spacedatanetwork_astro/sds/REC/avlRingRole.py -> build/bdist.macosx-26.0-arm64/wheel/./spacedatanetwork_astro/sds/REC
copying build/lib/spacedatanetwork_astro/sds/REC/TkgTrackStatus.py -> build/bdist.macosx-26.0-arm64/wheel/./spacedatanetwork_astro/sds/REC
copying build/lib/spacedatanetwork_astro/sds/REC/EpochType.py -> build/bdist.macosx-26.0-arm64/wheel/./spacedatanetwork_astro/sds/REC
copying build/lib/spacedatanetwork_astro/sds/REC/SCVSensorContribution.py -> build/bdist.macosx-26.0-arm64/wheel/./spacedatanetwork_astro/sds/REC
copying build/lib/spacedatanetwork_astro/sds/REC/CZMPolylineVolume.py -> build/bdist.macosx-26.0-arm64/wheel/./spacedatanetwork_astro/sds/REC
copying build/lib/spacedatanetwork_astro/sds/REC/scvGeometryEncoding.py -> build/bdist.macosx-26.0-arm64/wheel/./spacedatanetwork_astro/sds/REC
copying build/lib/spacedatanetwork_astro/sds/REC/purchaseTier.py -> build/bdist.macosx-26.0-arm64/wheel/./spacedatanetwork_astro/sds/REC
copying build/lib/spacedatanetwork_astro/sds/REC/icnConnectorKind.py -> build/bdist.macosx-26.0-arm64/wheel/./spacedatanetwork_astro/sds/REC
copying build/lib/spacedatanetwork_astro/sds/REC/CZMArcType.py -> build/bdist.macosx-26.0-arm64/wheel/./spacedatanetwork_astro/sds/REC
copying build/lib/spacedatanetwork_astro/sds/REC/MDPEncounterStage.py -> build/bdist.macosx-26.0-arm64/wheel/./spacedatanetwork_astro/sds/REC
copying build/lib/spacedatanetwork_astro/sds/REC/cnpMetricKind.py -> build/bdist.macosx-26.0-arm64/wheel/./spacedatanetwork_astro/sds/REC
copying build/lib/spacedatanetwork_astro/sds/REC/thrusterType.py -> build/bdist.macosx-26.0-arm64/wheel/./spacedatanetwork_astro/sds/REC
copying build/lib/spacedatanetwork_astro/sds/REC/CVG.py -> build/bdist.macosx-26.0-arm64/wheel/./spacedatanetwork_astro/sds/REC
copying build/lib/spacedatanetwork_astro/sds/REC/CZMInterval.py -> build/bdist.macosx-26.0-arm64/wheel/./spacedatanetwork_astro/sds/REC
copying build/lib/spacedatanetwork_astro/sds/REC/beamType.py -> build/bdist.macosx-26.0-arm64/wheel/./spacedatanetwork_astro/sds/REC
copying build/lib/spacedatanetwork_astro/sds/REC/TMF.py -> build/bdist.macosx-26.0-arm64/wheel/./spacedatanetwork_astro/sds/REC
copying build/lib/spacedatanetwork_astro/sds/REC/SHCVariableTerm.py -> build/bdist.macosx-26.0-arm64/wheel/./spacedatanetwork_astro/sds/REC
copying build/lib/spacedatanetwork_astro/sds/REC/EVLEventSample.py -> build/bdist.macosx-26.0-arm64/wheel/./spacedatanetwork_astro/sds/REC
copying build/lib/spacedatanetwork_astro/sds/REC/publicationAssetKind.py -> build/bdist.macosx-26.0-arm64/wheel/./spacedatanetwork_astro/sds/REC
copying build/lib/spacedatanetwork_astro/sds/REC/ContainerBinaryEncoding.py -> build/bdist.macosx-26.0-arm64/wheel/./spacedatanetwork_astro/sds/REC
copying build/lib/spacedatanetwork_astro/sds/REC/VAMMetrics.py -> build/bdist.macosx-26.0-arm64/wheel/./spacedatanetwork_astro/sds/REC
copying build/lib/spacedatanetwork_astro/sds/REC/appDataDirection.py -> build/bdist.macosx-26.0-arm64/wheel/./spacedatanetwork_astro/sds/REC
copying build/lib/spacedatanetwork_astro/sds/REC/RBK.py -> build/bdist.macosx-26.0-arm64/wheel/./spacedatanetwork_astro/sds/REC
copying build/lib/spacedatanetwork_astro/sds/REC/brokerLiveness.py -> build/bdist.macosx-26.0-arm64/wheel/./spacedatanetwork_astro/sds/REC
copying build/lib/spacedatanetwork_astro/sds/REC/PCEParameterCatalog.py -> build/bdist.macosx-26.0-arm64/wheel/./spacedatanetwork_astro/sds/REC
copying build/lib/spacedatanetwork_astro/sds/REC/rfsMaterialClass.py -> build/bdist.macosx-26.0-arm64/wheel/./spacedatanetwork_astro/sds/REC
copying build/lib/spacedatanetwork_astro/sds/REC/GCTVariant.py -> build/bdist.macosx-26.0-arm64/wheel/./spacedatanetwork_astro/sds/REC
copying build/lib/spacedatanetwork_astro/sds/REC/odrEstimatorKind.py -> build/bdist.macosx-26.0-arm64/wheel/./spacedatanetwork_astro/sds/REC
copying build/lib/spacedatanetwork_astro/sds/REC/attRepresentation.py -> build/bdist.macosx-26.0-arm64/wheel/./spacedatanetwork_astro/sds/REC
copying build/lib/spacedatanetwork_astro/sds/REC/LandCoverType.py -> build/bdist.macosx-26.0-arm64/wheel/./spacedatanetwork_astro/sds/REC
copying build/lib/spacedatanetwork_astro/sds/REC/VEPReplenishment.py -> build/bdist.macosx-26.0-arm64/wheel/./spacedatanetwork_astro/sds/REC
copying build/lib/spacedatanetwork_astro/sds/REC/VCFConformance.py -> build/bdist.macosx-26.0-arm64/wheel/./spacedatanetwork_astro/sds/REC
copying build/lib/spacedatanetwork_astro/sds/REC/FSO.py -> build/bdist.macosx-26.0-arm64/wheel/./spacedatanetwork_astro/sds/REC
copying build/lib/spacedatanetwork_astro/sds/REC/KMLLineString.py -> build/bdist.macosx-26.0-arm64/wheel/./spacedatanetwork_astro/sds/REC
copying build/lib/spacedatanetwork_astro/sds/REC/ModulePayloadEncoding.py -> build/bdist.macosx-26.0-arm64/wheel/./spacedatanetwork_astro/sds/REC
copying build/lib/spacedatanetwork_astro/sds/REC/CZMShadowMode.py -> build/bdist.macosx-26.0-arm64/wheel/./spacedatanetwork_astro/sds/REC
copying build/lib/spacedatanetwork_astro/sds/REC/gnssSatObs.py -> build/bdist.macosx-26.0-arm64/wheel/./spacedatanetwork_astro/sds/REC
copying build/lib/spacedatanetwork_astro/sds/REC/REV.py -> build/bdist.macosx-26.0-arm64/wheel/./spacedatanetwork_astro/sds/REC
copying build/lib/spacedatanetwork_astro/sds/REC/licensingChallengeRole.py -> build/bdist.macosx-26.0-arm64/wheel/./spacedatanetwork_astro/sds/REC
copying build/lib/spacedatanetwork_astro/sds/REC/SDFComponent.py -> build/bdist.macosx-26.0-arm64/wheel/./spacedatanetwork_astro/sds/REC
copying build/lib/spacedatanetwork_astro/sds/REC/SDFBatchResponse.py -> build/bdist.macosx-26.0-arm64/wheel/./spacedatanetwork_astro/sds/REC
copying build/lib/spacedatanetwork_astro/sds/REC/Header.py -> build/bdist.macosx-26.0-arm64/wheel/./spacedatanetwork_astro/sds/REC
copying build/lib/spacedatanetwork_astro/sds/REC/ContainerEntry.py -> build/bdist.macosx-26.0-arm64/wheel/./spacedatanetwork_astro/sds/REC
copying build/lib/spacedatanetwork_astro/sds/REC/SEO.py -> build/bdist.macosx-26.0-arm64/wheel/./spacedatanetwork_astro/sds/REC
copying build/lib/spacedatanetwork_astro/sds/REC/capabilityClass.py -> build/bdist.macosx-26.0-arm64/wheel/./spacedatanetwork_astro/sds/REC
copying build/lib/spacedatanetwork_astro/sds/REC/RFMLocalAlignedConstrainedAxes.py -> build/bdist.macosx-26.0-arm64/wheel/./spacedatanetwork_astro/sds/REC
copying build/lib/spacedatanetwork_astro/sds/REC/ACWRefractionModel.py -> build/bdist.macosx-26.0-arm64/wheel/./spacedatanetwork_astro/sds/REC
copying build/lib/spacedatanetwork_astro/sds/REC/LeadMethod.py -> build/bdist.macosx-26.0-arm64/wheel/./spacedatanetwork_astro/sds/REC
copying build/lib/spacedatanetwork_astro/sds/REC/SHWCompileResponse.py -> build/bdist.macosx-26.0-arm64/wheel/./spacedatanetwork_astro/sds/REC
copying build/lib/spacedatanetwork_astro/sds/REC/KMLViewVolume.py -> build/bdist.macosx-26.0-arm64/wheel/./spacedatanetwork_astro/sds/REC
copying build/lib/spacedatanetwork_astro/sds/REC/propagatorConfig.py -> build/bdist.macosx-26.0-arm64/wheel/./spacedatanetwork_astro/sds/REC
copying build/lib/spacedatanetwork_astro/sds/REC/PCEEvaluationRequest.py -> build/bdist.macosx-26.0-arm64/wheel/./spacedatanetwork_astro/sds/REC
copying build/lib/spacedatanetwork_astro/sds/REC/KMLData.py -> build/bdist.macosx-26.0-arm64/wheel/./spacedatanetwork_astro/sds/REC
copying build/lib/spacedatanetwork_astro/sds/REC/NUMVectorSaturateRequest.py -> build/bdist.macosx-26.0-arm64/wheel/./spacedatanetwork_astro/sds/REC
copying build/lib/spacedatanetwork_astro/sds/REC/EVLParameterConditionConfiguration.py -> build/bdist.macosx-26.0-arm64/wheel/./spacedatanetwork_astro/sds/REC
copying build/lib/spacedatanetwork_astro/sds/REC/DTT.py -> build/bdist.macosx-26.0-arm64/wheel/./spacedatanetwork_astro/sds/REC
copying build/lib/spacedatanetwork_astro/sds/REC/RFSReflectionEntry.py -> build/bdist.macosx-26.0-arm64/wheel/./spacedatanetwork_astro/sds/REC
copying build/lib/spacedatanetwork_astro/sds/REC/TerrainDataSource.py -> build/bdist.macosx-26.0-arm64/wheel/./spacedatanetwork_astro/sds/REC
copying build/lib/spacedatanetwork_astro/sds/REC/STR.py -> build/bdist.macosx-26.0-arm64/wheel/./spacedatanetwork_astro/sds/REC
copying build/lib/spacedatanetwork_astro/sds/REC/TMSProvenance.py -> build/bdist.macosx-26.0-arm64/wheel/./spacedatanetwork_astro/sds/REC
copying build/lib/spacedatanetwork_astro/sds/REC/EGPMember.py -> build/bdist.macosx-26.0-arm64/wheel/./spacedatanetwork_astro/sds/REC
copying build/lib/spacedatanetwork_astro/sds/REC/shcNormalization.py -> build/bdist.macosx-26.0-arm64/wheel/./spacedatanetwork_astro/sds/REC
copying build/lib/spacedatanetwork_astro/sds/REC/brokerCustodyModel.py -> build/bdist.macosx-26.0-arm64/wheel/./spacedatanetwork_astro/sds/REC
copying build/lib/spacedatanetwork_astro/sds/REC/PCEParameterValue.py -> build/bdist.macosx-26.0-arm64/wheel/./spacedatanetwork_astro/sds/REC
copying build/lib/spacedatanetwork_astro/sds/REC/fieldStreamDecisionCategory.py -> build/bdist.macosx-26.0-arm64/wheel/./spacedatanetwork_astro/sds/REC
copying build/lib/spacedatanetwork_astro/sds/REC/oppRcsAspect.py -> build/bdist.macosx-26.0-arm64/wheel/./spacedatanetwork_astro/sds/REC
copying build/lib/spacedatanetwork_astro/sds/REC/TRSResult.py -> build/bdist.macosx-26.0-arm64/wheel/./spacedatanetwork_astro/sds/REC
copying build/lib/spacedatanetwork_astro/sds/REC/CZMColor.py -> build/bdist.macosx-26.0-arm64/wheel/./spacedatanetwork_astro/sds/REC
copying build/lib/spacedatanetwork_astro/sds/REC/IRMFault.py -> build/bdist.macosx-26.0-arm64/wheel/./spacedatanetwork_astro/sds/REC
copying build/lib/spacedatanetwork_astro/sds/REC/scvEnvelopeKind.py -> build/bdist.macosx-26.0-arm64/wheel/./spacedatanetwork_astro/sds/REC
copying build/lib/spacedatanetwork_astro/sds/REC/GRV.py -> build/bdist.macosx-26.0-arm64/wheel/./spacedatanetwork_astro/sds/REC
copying build/lib/spacedatanetwork_astro/sds/REC/DataMode.py -> build/bdist.macosx-26.0-arm64/wheel/./spacedatanetwork_astro/sds/REC
copying build/lib/spacedatanetwork_astro/sds/REC/ACWRequest.py -> build/bdist.macosx-26.0-arm64/wheel/./spacedatanetwork_astro/sds/REC
copying build/lib/spacedatanetwork_astro/sds/REC/TXSPriorPosition.py -> build/bdist.macosx-26.0-arm64/wheel/./spacedatanetwork_astro/sds/REC
copying build/lib/spacedatanetwork_astro/sds/REC/KML.py -> build/bdist.macosx-26.0-arm64/wheel/./spacedatanetwork_astro/sds/REC
copying build/lib/spacedatanetwork_astro/sds/REC/ION.py -> build/bdist.macosx-26.0-arm64/wheel/./spacedatanetwork_astro/sds/REC
copying build/lib/spacedatanetwork_astro/sds/REC/ETM.py -> build/bdist.macosx-26.0-arm64/wheel/./spacedatanetwork_astro/sds/REC
copying build/lib/spacedatanetwork_astro/sds/REC/DPM.py -> build/bdist.macosx-26.0-arm64/wheel/./spacedatanetwork_astro/sds/REC
copying build/lib/spacedatanetwork_astro/sds/REC/Ellipsoid.py -> build/bdist.macosx-26.0-arm64/wheel/./spacedatanetwork_astro/sds/REC
copying build/lib/spacedatanetwork_astro/sds/REC/vcfLineEnding.py -> build/bdist.macosx-26.0-arm64/wheel/./spacedatanetwork_astro/sds/REC
copying build/lib/spacedatanetwork_astro/sds/REC/visualAssetDecisionKind.py -> build/bdist.macosx-26.0-arm64/wheel/./spacedatanetwork_astro/sds/REC
copying build/lib/spacedatanetwork_astro/sds/REC/PIVResponse.py -> build/bdist.macosx-26.0-arm64/wheel/./spacedatanetwork_astro/sds/REC
copying build/lib/spacedatanetwork_astro/sds/REC/MotionModel.py -> build/bdist.macosx-26.0-arm64/wheel/./spacedatanetwork_astro/sds/REC
copying build/lib/spacedatanetwork_astro/sds/REC/txsOperationalStatus.py -> build/bdist.macosx-26.0-arm64/wheel/./spacedatanetwork_astro/sds/REC
copying build/lib/spacedatanetwork_astro/sds/REC/shaderUniformType.py -> build/bdist.macosx-26.0-arm64/wheel/./spacedatanetwork_astro/sds/REC
copying build/lib/spacedatanetwork_astro/sds/REC/targetState.py -> build/bdist.macosx-26.0-arm64/wheel/./spacedatanetwork_astro/sds/REC
copying build/lib/spacedatanetwork_astro/sds/REC/IntegerArgumentType.py -> build/bdist.macosx-26.0-arm64/wheel/./spacedatanetwork_astro/sds/REC
copying build/lib/spacedatanetwork_astro/sds/REC/sarPolarization.py -> build/bdist.macosx-26.0-arm64/wheel/./spacedatanetwork_astro/sds/REC
copying build/lib/spacedatanetwork_astro/sds/REC/SCVTargetResult.py -> build/bdist.macosx-26.0-arm64/wheel/./spacedatanetwork_astro/sds/REC
copying build/lib/spacedatanetwork_astro/sds/REC/fieldStreamValueStateCategory.py -> build/bdist.macosx-26.0-arm64/wheel/./spacedatanetwork_astro/sds/REC
copying build/lib/spacedatanetwork_astro/sds/REC/SCVResult.py -> build/bdist.macosx-26.0-arm64/wheel/./spacedatanetwork_astro/sds/REC
copying build/lib/spacedatanetwork_astro/sds/REC/PCEParameterDescriptor.py -> build/bdist.macosx-26.0-arm64/wheel/./spacedatanetwork_astro/sds/REC
copying build/lib/spacedatanetwork_astro/sds/REC/KMLPlaylist.py -> build/bdist.macosx-26.0-arm64/wheel/./spacedatanetwork_astro/sds/REC
copying build/lib/spacedatanetwork_astro/sds/REC/CZMPolylineArrowMaterial.py -> build/bdist.macosx-26.0-arm64/wheel/./spacedatanetwork_astro/sds/REC
copying build/lib/spacedatanetwork_astro/sds/REC/MNF.py -> build/bdist.macosx-26.0-arm64/wheel/./spacedatanetwork_astro/sds/REC
copying build/lib/spacedatanetwork_astro/sds/REC/SCVProgress.py -> build/bdist.macosx-26.0-arm64/wheel/./spacedatanetwork_astro/sds/REC
copying build/lib/spacedatanetwork_astro/sds/REC/scvBodyKind.py -> build/bdist.macosx-26.0-arm64/wheel/./spacedatanetwork_astro/sds/REC
copying build/lib/spacedatanetwork_astro/sds/REC/PricingTier.py -> build/bdist.macosx-26.0-arm64/wheel/./spacedatanetwork_astro/sds/REC
copying build/lib/spacedatanetwork_astro/sds/REC/sensorCategory.py -> build/bdist.macosx-26.0-arm64/wheel/./spacedatanetwork_astro/sds/REC
copying build/lib/spacedatanetwork_astro/sds/REC/VSTDisplaySettings.py -> build/bdist.macosx-26.0-arm64/wheel/./spacedatanetwork_astro/sds/REC
copying build/lib/spacedatanetwork_astro/sds/REC/rfsScatteringClass.py -> build/bdist.macosx-26.0-arm64/wheel/./spacedatanetwork_astro/sds/REC
copying build/lib/spacedatanetwork_astro/sds/REC/icnAuthKind.py -> build/bdist.macosx-26.0-arm64/wheel/./spacedatanetwork_astro/sds/REC
copying build/lib/spacedatanetwork_astro/sds/REC/KMLPolygon.py -> build/bdist.macosx-26.0-arm64/wheel/./spacedatanetwork_astro/sds/REC
copying build/lib/spacedatanetwork_astro/sds/REC/pceOwnerClass.py -> build/bdist.macosx-26.0-arm64/wheel/./spacedatanetwork_astro/sds/REC
copying build/lib/spacedatanetwork_astro/sds/REC/EME.py -> build/bdist.macosx-26.0-arm64/wheel/./spacedatanetwork_astro/sds/REC
copying build/lib/spacedatanetwork_astro/sds/REC/MeasurementType.py -> build/bdist.macosx-26.0-arm64/wheel/./spacedatanetwork_astro/sds/REC
copying build/lib/spacedatanetwork_astro/sds/REC/RFLModelBinding.py -> build/bdist.macosx-26.0-arm64/wheel/./spacedatanetwork_astro/sds/REC
copying build/lib/spacedatanetwork_astro/sds/REC/actKind.py -> build/bdist.macosx-26.0-arm64/wheel/./spacedatanetwork_astro/sds/REC
copying build/lib/spacedatanetwork_astro/sds/REC/KMLListItemType.py -> build/bdist.macosx-26.0-arm64/wheel/./spacedatanetwork_astro/sds/REC
copying build/lib/spacedatanetwork_astro/sds/REC/TimeWindowRefType.py -> build/bdist.macosx-26.0-arm64/wheel/./spacedatanetwork_astro/sds/REC
copying build/lib/spacedatanetwork_astro/sds/REC/PCF.py -> build/bdist.macosx-26.0-arm64/wheel/./spacedatanetwork_astro/sds/REC
copying build/lib/spacedatanetwork_astro/sds/REC/RBKRigidBodyKinematicsRequest.py -> build/bdist.macosx-26.0-arm64/wheel/./spacedatanetwork_astro/sds/REC
copying build/lib/spacedatanetwork_astro/sds/REC/evlFieldOfViewShape.py -> build/bdist.macosx-26.0-arm64/wheel/./spacedatanetwork_astro/sds/REC
copying build/lib/spacedatanetwork_astro/sds/REC/reentryDisposition.py -> build/bdist.macosx-26.0-arm64/wheel/./spacedatanetwork_astro/sds/REC
copying build/lib/spacedatanetwork_astro/sds/REC/uvwSigmas.py -> build/bdist.macosx-26.0-arm64/wheel/./spacedatanetwork_astro/sds/REC
copying build/lib/spacedatanetwork_astro/sds/REC/CVPObstacleRef.py -> build/bdist.macosx-26.0-arm64/wheel/./spacedatanetwork_astro/sds/REC
copying build/lib/spacedatanetwork_astro/sds/REC/CSM.py -> build/bdist.macosx-26.0-arm64/wheel/./spacedatanetwork_astro/sds/REC
copying build/lib/spacedatanetwork_astro/sds/REC/licensingConfigMessageType.py -> build/bdist.macosx-26.0-arm64/wheel/./spacedatanetwork_astro/sds/REC
copying build/lib/spacedatanetwork_astro/sds/REC/RotorFlags.py -> build/bdist.macosx-26.0-arm64/wheel/./spacedatanetwork_astro/sds/REC
copying build/lib/spacedatanetwork_astro/sds/REC/CDM.py -> build/bdist.macosx-26.0-arm64/wheel/./spacedatanetwork_astro/sds/REC
copying build/lib/spacedatanetwork_astro/sds/REC/SCVStateSample.py -> build/bdist.macosx-26.0-arm64/wheel/./spacedatanetwork_astro/sds/REC
copying build/lib/spacedatanetwork_astro/sds/REC/OPM.py -> build/bdist.macosx-26.0-arm64/wheel/./spacedatanetwork_astro/sds/REC
copying build/lib/spacedatanetwork_astro/sds/REC/OOS.py -> build/bdist.macosx-26.0-arm64/wheel/./spacedatanetwork_astro/sds/REC
copying build/lib/spacedatanetwork_astro/sds/REC/trhHardwareKind.py -> build/bdist.macosx-26.0-arm64/wheel/./spacedatanetwork_astro/sds/REC
copying build/lib/spacedatanetwork_astro/sds/REC/seoParticleType.py -> build/bdist.macosx-26.0-arm64/wheel/./spacedatanetwork_astro/sds/REC
copying build/lib/spacedatanetwork_astro/sds/REC/CoordFrame.py -> build/bdist.macosx-26.0-arm64/wheel/./spacedatanetwork_astro/sds/REC
copying build/lib/spacedatanetwork_astro/sds/REC/USR.py -> build/bdist.macosx-26.0-arm64/wheel/./spacedatanetwork_astro/sds/REC
copying build/lib/spacedatanetwork_astro/sds/REC/maintenanceType.py -> build/bdist.macosx-26.0-arm64/wheel/./spacedatanetwork_astro/sds/REC
copying build/lib/spacedatanetwork_astro/sds/REC/TRS.py -> build/bdist.macosx-26.0-arm64/wheel/./spacedatanetwork_astro/sds/REC
copying build/lib/spacedatanetwork_astro/sds/REC/PhysicalProperties.py -> build/bdist.macosx-26.0-arm64/wheel/./spacedatanetwork_astro/sds/REC
copying build/lib/spacedatanetwork_astro/sds/REC/scvRasterProductKind.py -> build/bdist.macosx-26.0-arm64/wheel/./spacedatanetwork_astro/sds/REC
copying build/lib/spacedatanetwork_astro/sds/REC/NUMRootSolveRequest.py -> build/bdist.macosx-26.0-arm64/wheel/./spacedatanetwork_astro/sds/REC
copying build/lib/spacedatanetwork_astro/sds/REC/CAT.py -> build/bdist.macosx-26.0-arm64/wheel/./spacedatanetwork_astro/sds/REC
copying build/lib/spacedatanetwork_astro/sds/REC/CZMPacket.py -> build/bdist.macosx-26.0-arm64/wheel/./spacedatanetwork_astro/sds/REC
copying build/lib/spacedatanetwork_astro/sds/REC/ComparisonOperator.py -> build/bdist.macosx-26.0-arm64/wheel/./spacedatanetwork_astro/sds/REC
copying build/lib/spacedatanetwork_astro/sds/REC/CZMColorBlendMode.py -> build/bdist.macosx-26.0-arm64/wheel/./spacedatanetwork_astro/sds/REC
copying build/lib/spacedatanetwork_astro/sds/REC/ANI.py -> build/bdist.macosx-26.0-arm64/wheel/./spacedatanetwork_astro/sds/REC
copying build/lib/spacedatanetwork_astro/sds/REC/BOV.py -> build/bdist.macosx-26.0-arm64/wheel/./spacedatanetwork_astro/sds/REC
copying build/lib/spacedatanetwork_astro/sds/REC/GravityModelType.py -> build/bdist.macosx-26.0-arm64/wheel/./spacedatanetwork_astro/sds/REC
copying build/lib/spacedatanetwork_astro/sds/REC/KMLBalloonStyle.py -> build/bdist.macosx-26.0-arm64/wheel/./spacedatanetwork_astro/sds/REC
copying build/lib/spacedatanetwork_astro/sds/REC/OBT.py -> build/bdist.macosx-26.0-arm64/wheel/./spacedatanetwork_astro/sds/REC
copying build/lib/spacedatanetwork_astro/sds/REC/KMLLineStyle.py -> build/bdist.macosx-26.0-arm64/wheel/./spacedatanetwork_astro/sds/REC
copying build/lib/spacedatanetwork_astro/sds/REC/ReferenceFrame.py -> build/bdist.macosx-26.0-arm64/wheel/./spacedatanetwork_astro/sds/REC
copying build/lib/spacedatanetwork_astro/sds/REC/CustomFrame.py -> build/bdist.macosx-26.0-arm64/wheel/./spacedatanetwork_astro/sds/REC
copying build/lib/spacedatanetwork_astro/sds/REC/ODRSolverConfiguration.py -> build/bdist.macosx-26.0-arm64/wheel/./spacedatanetwork_astro/sds/REC
copying build/lib/spacedatanetwork_astro/sds/REC/VesselType.py -> build/bdist.macosx-26.0-arm64/wheel/./spacedatanetwork_astro/sds/REC
copying build/lib/spacedatanetwork_astro/sds/REC/VAMQuaternion.py -> build/bdist.macosx-26.0-arm64/wheel/./spacedatanetwork_astro/sds/REC
copying build/lib/spacedatanetwork_astro/sds/REC/LGR.py -> build/bdist.macosx-26.0-arm64/wheel/./spacedatanetwork_astro/sds/REC
copying build/lib/spacedatanetwork_astro/sds/REC/AircraftType.py -> build/bdist.macosx-26.0-arm64/wheel/./spacedatanetwork_astro/sds/REC
copying build/lib/spacedatanetwork_astro/sds/REC/ncdContainerFormat.py -> build/bdist.macosx-26.0-arm64/wheel/./spacedatanetwork_astro/sds/REC
copying build/lib/spacedatanetwork_astro/sds/REC/scvSensorShapeKind.py -> build/bdist.macosx-26.0-arm64/wheel/./spacedatanetwork_astro/sds/REC
copying build/lib/spacedatanetwork_astro/sds/REC/CryptoKey.py -> build/bdist.macosx-26.0-arm64/wheel/./spacedatanetwork_astro/sds/REC
copying build/lib/spacedatanetwork_astro/sds/REC/wxfTimeBasis.py -> build/bdist.macosx-26.0-arm64/wheel/./spacedatanetwork_astro/sds/REC
copying build/lib/spacedatanetwork_astro/sds/REC/cnpReduction.py -> build/bdist.macosx-26.0-arm64/wheel/./spacedatanetwork_astro/sds/REC
copying build/lib/spacedatanetwork_astro/sds/REC/BEMHopSchedule.py -> build/bdist.macosx-26.0-arm64/wheel/./spacedatanetwork_astro/sds/REC
copying build/lib/spacedatanetwork_astro/sds/REC/NUM.py -> build/bdist.macosx-26.0-arm64/wheel/./spacedatanetwork_astro/sds/REC
copying build/lib/spacedatanetwork_astro/sds/REC/CMS.py -> build/bdist.macosx-26.0-arm64/wheel/./spacedatanetwork_astro/sds/REC
copying build/lib/spacedatanetwork_astro/sds/REC/VAMVector3.py -> build/bdist.macosx-26.0-arm64/wheel/./spacedatanetwork_astro/sds/REC
copying build/lib/spacedatanetwork_astro/sds/REC/rafPduType.py -> build/bdist.macosx-26.0-arm64/wheel/./spacedatanetwork_astro/sds/REC
copying build/lib/spacedatanetwork_astro/sds/REC/PCEParameterSample.py -> build/bdist.macosx-26.0-arm64/wheel/./spacedatanetwork_astro/sds/REC
copying build/lib/spacedatanetwork_astro/sds/REC/CZMRectangle.py -> build/bdist.macosx-26.0-arm64/wheel/./spacedatanetwork_astro/sds/REC
copying build/lib/spacedatanetwork_astro/sds/REC/VCMStateVector.py -> build/bdist.macosx-26.0-arm64/wheel/./spacedatanetwork_astro/sds/REC
copying build/lib/spacedatanetwork_astro/sds/REC/CRM.py -> build/bdist.macosx-26.0-arm64/wheel/./spacedatanetwork_astro/sds/REC
copying build/lib/spacedatanetwork_astro/sds/REC/TRK.py -> build/bdist.macosx-26.0-arm64/wheel/./spacedatanetwork_astro/sds/REC
copying build/lib/spacedatanetwork_astro/sds/REC/SCVHistogramBin.py -> build/bdist.macosx-26.0-arm64/wheel/./spacedatanetwork_astro/sds/REC
copying build/lib/spacedatanetwork_astro/sds/REC/STVReferenceFrame.py -> build/bdist.macosx-26.0-arm64/wheel/./spacedatanetwork_astro/sds/REC
copying build/lib/spacedatanetwork_astro/sds/REC/ParameterProperties.py -> build/bdist.macosx-26.0-arm64/wheel/./spacedatanetwork_astro/sds/REC
copying build/lib/spacedatanetwork_astro/sds/REC/SimplePolarization.py -> build/bdist.macosx-26.0-arm64/wheel/./spacedatanetwork_astro/sds/REC
copying build/lib/spacedatanetwork_astro/sds/REC/ODRIterationStatistics.py -> build/bdist.macosx-26.0-arm64/wheel/./spacedatanetwork_astro/sds/REC
copying build/lib/spacedatanetwork_astro/sds/REC/perturbationStatus.py -> build/bdist.macosx-26.0-arm64/wheel/./spacedatanetwork_astro/sds/REC
copying build/lib/spacedatanetwork_astro/sds/REC/IQC.py -> build/bdist.macosx-26.0-arm64/wheel/./spacedatanetwork_astro/sds/REC
copying build/lib/spacedatanetwork_astro/sds/REC/packetKind.py -> build/bdist.macosx-26.0-arm64/wheel/./spacedatanetwork_astro/sds/REC
copying build/lib/spacedatanetwork_astro/sds/REC/CelestialFrameWrapper.py -> build/bdist.macosx-26.0-arm64/wheel/./spacedatanetwork_astro/sds/REC
copying build/lib/spacedatanetwork_astro/sds/REC/DataLinkType.py -> build/bdist.macosx-26.0-arm64/wheel/./spacedatanetwork_astro/sds/REC
copying build/lib/spacedatanetwork_astro/sds/REC/EVLEventLocationRequest.py -> build/bdist.macosx-26.0-arm64/wheel/./spacedatanetwork_astro/sds/REC
copying build/lib/spacedatanetwork_astro/sds/REC/tbsMergeMethod.py -> build/bdist.macosx-26.0-arm64/wheel/./spacedatanetwork_astro/sds/REC
copying build/lib/spacedatanetwork_astro/sds/REC/PLGMethodManifest.py -> build/bdist.macosx-26.0-arm64/wheel/./spacedatanetwork_astro/sds/REC
copying build/lib/spacedatanetwork_astro/sds/REC/AlarmSeverityType.py -> build/bdist.macosx-26.0-arm64/wheel/./spacedatanetwork_astro/sds/REC
copying build/lib/spacedatanetwork_astro/sds/REC/papTaperFamily.py -> build/bdist.macosx-26.0-arm64/wheel/./spacedatanetwork_astro/sds/REC
copying build/lib/spacedatanetwork_astro/sds/REC/CentralBody.py -> build/bdist.macosx-26.0-arm64/wheel/./spacedatanetwork_astro/sds/REC
copying build/lib/spacedatanetwork_astro/sds/REC/RFMCoordinateSystem.py -> build/bdist.macosx-26.0-arm64/wheel/./spacedatanetwork_astro/sds/REC
copying build/lib/spacedatanetwork_astro/sds/REC/KMLTourControl.py -> build/bdist.macosx-26.0-arm64/wheel/./spacedatanetwork_astro/sds/REC
copying build/lib/spacedatanetwork_astro/sds/REC/SHC.py -> build/bdist.macosx-26.0-arm64/wheel/./spacedatanetwork_astro/sds/REC
copying build/lib/spacedatanetwork_astro/sds/REC/keyMaterialAlgorithm.py -> build/bdist.macosx-26.0-arm64/wheel/./spacedatanetwork_astro/sds/REC
copying build/lib/spacedatanetwork_astro/sds/REC/rflAccessState.py -> build/bdist.macosx-26.0-arm64/wheel/./spacedatanetwork_astro/sds/REC
copying build/lib/spacedatanetwork_astro/sds/REC/appSourceKind.py -> build/bdist.macosx-26.0-arm64/wheel/./spacedatanetwork_astro/sds/REC
copying build/lib/spacedatanetwork_astro/sds/REC/CZMViewFrom.py -> build/bdist.macosx-26.0-arm64/wheel/./spacedatanetwork_astro/sds/REC
copying build/lib/spacedatanetwork_astro/sds/REC/cesVectorEncoding.py -> build/bdist.macosx-26.0-arm64/wheel/./spacedatanetwork_astro/sds/REC
copying build/lib/spacedatanetwork_astro/sds/REC/GJNProperty.py -> build/bdist.macosx-26.0-arm64/wheel/./spacedatanetwork_astro/sds/REC
copying build/lib/spacedatanetwork_astro/sds/REC/SCVCoverageGrid.py -> build/bdist.macosx-26.0-arm64/wheel/./spacedatanetwork_astro/sds/REC
copying build/lib/spacedatanetwork_astro/sds/REC/OPPMass.py -> build/bdist.macosx-26.0-arm64/wheel/./spacedatanetwork_astro/sds/REC
copying build/lib/spacedatanetwork_astro/sds/REC/BSPVector3Series.py -> build/bdist.macosx-26.0-arm64/wheel/./spacedatanetwork_astro/sds/REC
copying build/lib/spacedatanetwork_astro/sds/REC/ArgumentAssignment.py -> build/bdist.macosx-26.0-arm64/wheel/./spacedatanetwork_astro/sds/REC
copying build/lib/spacedatanetwork_astro/sds/REC/PRWBatchResponse.py -> build/bdist.macosx-26.0-arm64/wheel/./spacedatanetwork_astro/sds/REC
copying build/lib/spacedatanetwork_astro/sds/REC/OPPDimensions.py -> build/bdist.macosx-26.0-arm64/wheel/./spacedatanetwork_astro/sds/REC
copying build/lib/spacedatanetwork_astro/sds/REC/attCovType.py -> build/bdist.macosx-26.0-arm64/wheel/./spacedatanetwork_astro/sds/REC
copying build/lib/spacedatanetwork_astro/sds/REC/PSSConstraintValue.py -> build/bdist.macosx-26.0-arm64/wheel/./spacedatanetwork_astro/sds/REC
copying build/lib/spacedatanetwork_astro/sds/REC/PSSObjectiveValue.py -> build/bdist.macosx-26.0-arm64/wheel/./spacedatanetwork_astro/sds/REC
copying build/lib/spacedatanetwork_astro/sds/REC/sizeShapeProfile.py -> build/bdist.macosx-26.0-arm64/wheel/./spacedatanetwork_astro/sds/REC
copying build/lib/spacedatanetwork_astro/sds/REC/IQCGeolocation.py -> build/bdist.macosx-26.0-arm64/wheel/./spacedatanetwork_astro/sds/REC
copying build/lib/spacedatanetwork_astro/sds/REC/GNPName.py -> build/bdist.macosx-26.0-arm64/wheel/./spacedatanetwork_astro/sds/REC
copying build/lib/spacedatanetwork_astro/sds/REC/PLGFlowTrigger.py -> build/bdist.macosx-26.0-arm64/wheel/./spacedatanetwork_astro/sds/REC
copying build/lib/spacedatanetwork_astro/sds/REC/WeaponType.py -> build/bdist.macosx-26.0-arm64/wheel/./spacedatanetwork_astro/sds/REC
copying build/lib/spacedatanetwork_astro/sds/REC/PRG.py -> build/bdist.macosx-26.0-arm64/wheel/./spacedatanetwork_astro/sds/REC
copying build/lib/spacedatanetwork_astro/sds/REC/StateVector.py -> build/bdist.macosx-26.0-arm64/wheel/./spacedatanetwork_astro/sds/REC
copying build/lib/spacedatanetwork_astro/sds/REC/rfEmitterDetail.py -> build/bdist.macosx-26.0-arm64/wheel/./spacedatanetwork_astro/sds/REC
copying build/lib/spacedatanetwork_astro/sds/REC/spaceObjectClass.py -> build/bdist.macosx-26.0-arm64/wheel/./spacedatanetwork_astro/sds/REC
copying build/lib/spacedatanetwork_astro/sds/REC/VerifierType.py -> build/bdist.macosx-26.0-arm64/wheel/./spacedatanetwork_astro/sds/REC
copying build/lib/spacedatanetwork_astro/sds/REC/PPEOrbitalElementRecord.py -> build/bdist.macosx-26.0-arm64/wheel/./spacedatanetwork_astro/sds/REC
copying build/lib/spacedatanetwork_astro/sds/REC/PRWKeplerianElements.py -> build/bdist.macosx-26.0-arm64/wheel/./spacedatanetwork_astro/sds/REC
copying build/lib/spacedatanetwork_astro/sds/REC/tfnFacilityType.py -> build/bdist.macosx-26.0-arm64/wheel/./spacedatanetwork_astro/sds/REC
copying build/lib/spacedatanetwork_astro/sds/REC/ChainProof.py -> build/bdist.macosx-26.0-arm64/wheel/./spacedatanetwork_astro/sds/REC
copying build/lib/spacedatanetwork_astro/sds/REC/ACWElevationMaskPoint.py -> build/bdist.macosx-26.0-arm64/wheel/./spacedatanetwork_astro/sds/REC
copying build/lib/spacedatanetwork_astro/sds/REC/remFragmentEvaluation.py -> build/bdist.macosx-26.0-arm64/wheel/./spacedatanetwork_astro/sds/REC
copying build/lib/spacedatanetwork_astro/sds/REC/OSM.py -> build/bdist.macosx-26.0-arm64/wheel/./spacedatanetwork_astro/sds/REC
copying build/lib/spacedatanetwork_astro/sds/REC/CHN.py -> build/bdist.macosx-26.0-arm64/wheel/./spacedatanetwork_astro/sds/REC
copying build/lib/spacedatanetwork_astro/sds/REC/MDS.py -> build/bdist.macosx-26.0-arm64/wheel/./spacedatanetwork_astro/sds/REC
copying build/lib/spacedatanetwork_astro/sds/REC/KMLUpdate.py -> build/bdist.macosx-26.0-arm64/wheel/./spacedatanetwork_astro/sds/REC
copying build/lib/spacedatanetwork_astro/sds/REC/rfsGeometryKind.py -> build/bdist.macosx-26.0-arm64/wheel/./spacedatanetwork_astro/sds/REC
copying build/lib/spacedatanetwork_astro/sds/REC/BSP.py -> build/bdist.macosx-26.0-arm64/wheel/./spacedatanetwork_astro/sds/REC
copying build/lib/spacedatanetwork_astro/sds/REC/MPETargeterConstraint.py -> build/bdist.macosx-26.0-arm64/wheel/./spacedatanetwork_astro/sds/REC
copying build/lib/spacedatanetwork_astro/sds/REC/NST.py -> build/bdist.macosx-26.0-arm64/wheel/./spacedatanetwork_astro/sds/REC
copying build/lib/spacedatanetwork_astro/sds/REC/StringDataEncoding.py -> build/bdist.macosx-26.0-arm64/wheel/./spacedatanetwork_astro/sds/REC
copying build/lib/spacedatanetwork_astro/sds/REC/TCTRadii.py -> build/bdist.macosx-26.0-arm64/wheel/./spacedatanetwork_astro/sds/REC
copying build/lib/spacedatanetwork_astro/sds/REC/txsPolarization.py -> build/bdist.macosx-26.0-arm64/wheel/./spacedatanetwork_astro/sds/REC
copying build/lib/spacedatanetwork_astro/sds/REC/KMLNetworkLink.py -> build/bdist.macosx-26.0-arm64/wheel/./spacedatanetwork_astro/sds/REC
copying build/lib/spacedatanetwork_astro/sds/REC/rsdTargetFluctuation.py -> build/bdist.macosx-26.0-arm64/wheel/./spacedatanetwork_astro/sds/REC
copying build/lib/spacedatanetwork_astro/sds/REC/NDSTopicStat.py -> build/bdist.macosx-26.0-arm64/wheel/./spacedatanetwork_astro/sds/REC
copying build/lib/spacedatanetwork_astro/sds/REC/APPUIPage.py -> build/bdist.macosx-26.0-arm64/wheel/./spacedatanetwork_astro/sds/REC
copying build/lib/spacedatanetwork_astro/sds/REC/missileEnvironment.py -> build/bdist.macosx-26.0-arm64/wheel/./spacedatanetwork_astro/sds/REC
copying build/lib/spacedatanetwork_astro/sds/REC/GrantFieldStreamPolicy.py -> build/bdist.macosx-26.0-arm64/wheel/./spacedatanetwork_astro/sds/REC
copying build/lib/spacedatanetwork_astro/sds/REC/hfcAtmosphereCouplingMode.py -> build/bdist.macosx-26.0-arm64/wheel/./spacedatanetwork_astro/sds/REC
copying build/lib/spacedatanetwork_astro/sds/REC/SDFSpherical.py -> build/bdist.macosx-26.0-arm64/wheel/./spacedatanetwork_astro/sds/REC
copying build/lib/spacedatanetwork_astro/sds/REC/CCT.py -> build/bdist.macosx-26.0-arm64/wheel/./spacedatanetwork_astro/sds/REC
copying build/lib/spacedatanetwork_astro/sds/REC/bpfPartKind.py -> build/bdist.macosx-26.0-arm64/wheel/./spacedatanetwork_astro/sds/REC
copying build/lib/spacedatanetwork_astro/sds/REC/WKS.py -> build/bdist.macosx-26.0-arm64/wheel/./spacedatanetwork_astro/sds/REC
copying build/lib/spacedatanetwork_astro/sds/REC/PLGBuildArtifact.py -> build/bdist.macosx-26.0-arm64/wheel/./spacedatanetwork_astro/sds/REC
copying build/lib/spacedatanetwork_astro/sds/REC/COTPoint.py -> build/bdist.macosx-26.0-arm64/wheel/./spacedatanetwork_astro/sds/REC
copying build/lib/spacedatanetwork_astro/sds/REC/doaCollectionMode.py -> build/bdist.macosx-26.0-arm64/wheel/./spacedatanetwork_astro/sds/REC
copying build/lib/spacedatanetwork_astro/sds/REC/LWK.py -> build/bdist.macosx-26.0-arm64/wheel/./spacedatanetwork_astro/sds/REC
copying build/lib/spacedatanetwork_astro/sds/REC/DataCoverage.py -> build/bdist.macosx-26.0-arm64/wheel/./spacedatanetwork_astro/sds/REC
copying build/lib/spacedatanetwork_astro/sds/REC/qrpFilterOp.py -> build/bdist.macosx-26.0-arm64/wheel/./spacedatanetwork_astro/sds/REC
copying build/lib/spacedatanetwork_astro/sds/REC/geoConfidence.py -> build/bdist.macosx-26.0-arm64/wheel/./spacedatanetwork_astro/sds/REC
copying build/lib/spacedatanetwork_astro/sds/REC/AlarmRange.py -> build/bdist.macosx-26.0-arm64/wheel/./spacedatanetwork_astro/sds/REC
copying build/lib/spacedatanetwork_astro/sds/REC/shaderHookPoint.py -> build/bdist.macosx-26.0-arm64/wheel/./spacedatanetwork_astro/sds/REC
copying build/lib/spacedatanetwork_astro/sds/REC/OEM.py -> build/bdist.macosx-26.0-arm64/wheel/./spacedatanetwork_astro/sds/REC
copying build/lib/spacedatanetwork_astro/sds/REC/CVP.py -> build/bdist.macosx-26.0-arm64/wheel/./spacedatanetwork_astro/sds/REC
copying build/lib/spacedatanetwork_astro/sds/REC/KMLLatLonAltBox.py -> build/bdist.macosx-26.0-arm64/wheel/./spacedatanetwork_astro/sds/REC
copying build/lib/spacedatanetwork_astro/sds/REC/TIMConversionRequest.py -> build/bdist.macosx-26.0-arm64/wheel/./spacedatanetwork_astro/sds/REC
copying build/lib/spacedatanetwork_astro/sds/REC/PluginDependency.py -> build/bdist.macosx-26.0-arm64/wheel/./spacedatanetwork_astro/sds/REC
copying build/lib/spacedatanetwork_astro/sds/REC/ACR.py -> build/bdist.macosx-26.0-arm64/wheel/./spacedatanetwork_astro/sds/REC
copying build/lib/spacedatanetwork_astro/sds/REC/DomainProof.py -> build/bdist.macosx-26.0-arm64/wheel/./spacedatanetwork_astro/sds/REC
copying build/lib/spacedatanetwork_astro/sds/REC/DPMAsset.py -> build/bdist.macosx-26.0-arm64/wheel/./spacedatanetwork_astro/sds/REC
copying build/lib/spacedatanetwork_astro/sds/REC/KMLPhotoOverlay.py -> build/bdist.macosx-26.0-arm64/wheel/./spacedatanetwork_astro/sds/REC
copying build/lib/spacedatanetwork_astro/sds/REC/CZMCartesian.py -> build/bdist.macosx-26.0-arm64/wheel/./spacedatanetwork_astro/sds/REC
copying build/lib/spacedatanetwork_astro/sds/REC/sensorStats.py -> build/bdist.macosx-26.0-arm64/wheel/./spacedatanetwork_astro/sds/REC
copying build/lib/spacedatanetwork_astro/sds/REC/FloatParameterType.py -> build/bdist.macosx-26.0-arm64/wheel/./spacedatanetwork_astro/sds/REC
copying build/lib/spacedatanetwork_astro/sds/REC/SCVMemoryRegion.py -> build/bdist.macosx-26.0-arm64/wheel/./spacedatanetwork_astro/sds/REC
copying build/lib/spacedatanetwork_astro/sds/REC/TFNProvenance.py -> build/bdist.macosx-26.0-arm64/wheel/./spacedatanetwork_astro/sds/REC
copying build/lib/spacedatanetwork_astro/sds/REC/ACIBestServer.py -> build/bdist.macosx-26.0-arm64/wheel/./spacedatanetwork_astro/sds/REC
copying build/lib/spacedatanetwork_astro/sds/REC/RFE.py -> build/bdist.macosx-26.0-arm64/wheel/./spacedatanetwork_astro/sds/REC
copying build/lib/spacedatanetwork_astro/sds/REC/propagatorStateFlags.py -> build/bdist.macosx-26.0-arm64/wheel/./spacedatanetwork_astro/sds/REC
copying build/lib/spacedatanetwork_astro/sds/REC/imageCategory.py -> build/bdist.macosx-26.0-arm64/wheel/./spacedatanetwork_astro/sds/REC
copying build/lib/spacedatanetwork_astro/sds/REC/txsStructureClass.py -> build/bdist.macosx-26.0-arm64/wheel/./spacedatanetwork_astro/sds/REC
copying build/lib/spacedatanetwork_astro/sds/REC/soiObsType.py -> build/bdist.macosx-26.0-arm64/wheel/./spacedatanetwork_astro/sds/REC
copying build/lib/spacedatanetwork_astro/sds/REC/BSPInterpolationResult.py -> build/bdist.macosx-26.0-arm64/wheel/./spacedatanetwork_astro/sds/REC
copying build/lib/spacedatanetwork_astro/sds/REC/controlMessageKind.py -> build/bdist.macosx-26.0-arm64/wheel/./spacedatanetwork_astro/sds/REC
copying build/lib/spacedatanetwork_astro/sds/REC/ROC.py -> build/bdist.macosx-26.0-arm64/wheel/./spacedatanetwork_astro/sds/REC
copying build/lib/spacedatanetwork_astro/sds/REC/ContainerRefEntry.py -> build/bdist.macosx-26.0-arm64/wheel/./spacedatanetwork_astro/sds/REC
copying build/lib/spacedatanetwork_astro/sds/REC/SDRBatchResponse.py -> build/bdist.macosx-26.0-arm64/wheel/./spacedatanetwork_astro/sds/REC
copying build/lib/spacedatanetwork_astro/sds/REC/APPSourceRef.py -> build/bdist.macosx-26.0-arm64/wheel/./spacedatanetwork_astro/sds/REC
copying build/lib/spacedatanetwork_astro/sds/REC/analyticProfile.py -> build/bdist.macosx-26.0-arm64/wheel/./spacedatanetwork_astro/sds/REC
copying build/lib/spacedatanetwork_astro/sds/REC/rflConstraint.py -> build/bdist.macosx-26.0-arm64/wheel/./spacedatanetwork_astro/sds/REC
copying build/lib/spacedatanetwork_astro/sds/REC/PropagationModel.py -> build/bdist.macosx-26.0-arm64/wheel/./spacedatanetwork_astro/sds/REC
copying build/lib/spacedatanetwork_astro/sds/REC/memEditingAction.py -> build/bdist.macosx-26.0-arm64/wheel/./spacedatanetwork_astro/sds/REC
copying build/lib/spacedatanetwork_astro/sds/REC/VAMQualityDimension.py -> build/bdist.macosx-26.0-arm64/wheel/./spacedatanetwork_astro/sds/REC
copying build/lib/spacedatanetwork_astro/sds/REC/CZMLabelStyle.py -> build/bdist.macosx-26.0-arm64/wheel/./spacedatanetwork_astro/sds/REC
copying build/lib/spacedatanetwork_astro/sds/REC/flatSqlNodeOperation.py -> build/bdist.macosx-26.0-arm64/wheel/./spacedatanetwork_astro/sds/REC
copying build/lib/spacedatanetwork_astro/sds/REC/PHY.py -> build/bdist.macosx-26.0-arm64/wheel/./spacedatanetwork_astro/sds/REC
copying build/lib/spacedatanetwork_astro/sds/REC/dssRetention.py -> build/bdist.macosx-26.0-arm64/wheel/./spacedatanetwork_astro/sds/REC
copying build/lib/spacedatanetwork_astro/sds/REC/NCDSegmentDescriptor.py -> build/bdist.macosx-26.0-arm64/wheel/./spacedatanetwork_astro/sds/REC
copying build/lib/spacedatanetwork_astro/sds/REC/wxfLevelKind.py -> build/bdist.macosx-26.0-arm64/wheel/./spacedatanetwork_astro/sds/REC
copying build/lib/spacedatanetwork_astro/sds/REC/eventResult.py -> build/bdist.macosx-26.0-arm64/wheel/./spacedatanetwork_astro/sds/REC
copying build/lib/spacedatanetwork_astro/sds/REC/evlSamplePoint.py -> build/bdist.macosx-26.0-arm64/wheel/./spacedatanetwork_astro/sds/REC
copying build/lib/spacedatanetwork_astro/sds/REC/clmClaimRole.py -> build/bdist.macosx-26.0-arm64/wheel/./spacedatanetwork_astro/sds/REC
copying build/lib/spacedatanetwork_astro/sds/REC/NUMVectorSaturateResult.py -> build/bdist.macosx-26.0-arm64/wheel/./spacedatanetwork_astro/sds/REC
copying build/lib/spacedatanetwork_astro/sds/REC/slpAlgorithm.py -> build/bdist.macosx-26.0-arm64/wheel/./spacedatanetwork_astro/sds/REC
copying build/lib/spacedatanetwork_astro/sds/REC/SLPSolverReport.py -> build/bdist.macosx-26.0-arm64/wheel/./spacedatanetwork_astro/sds/REC
copying build/lib/spacedatanetwork_astro/sds/REC/AGR.py -> build/bdist.macosx-26.0-arm64/wheel/./spacedatanetwork_astro/sds/REC
copying build/lib/spacedatanetwork_astro/sds/REC/manifoldElset.py -> build/bdist.macosx-26.0-arm64/wheel/./spacedatanetwork_astro/sds/REC
copying build/lib/spacedatanetwork_astro/sds/REC/Perturbations.py -> build/bdist.macosx-26.0-arm64/wheel/./spacedatanetwork_astro/sds/REC
copying build/lib/spacedatanetwork_astro/sds/REC/SensorMode.py -> build/bdist.macosx-26.0-arm64/wheel/./spacedatanetwork_astro/sds/REC
copying build/lib/spacedatanetwork_astro/sds/REC/appContentEncoding.py -> build/bdist.macosx-26.0-arm64/wheel/./spacedatanetwork_astro/sds/REC
copying build/lib/spacedatanetwork_astro/sds/REC/TRV.py -> build/bdist.macosx-26.0-arm64/wheel/./spacedatanetwork_astro/sds/REC
copying build/lib/spacedatanetwork_astro/sds/REC/SymmetricAlgo.py -> build/bdist.macosx-26.0-arm64/wheel/./spacedatanetwork_astro/sds/REC
copying build/lib/spacedatanetwork_astro/sds/REC/TIMConversionResult.py -> build/bdist.macosx-26.0-arm64/wheel/./spacedatanetwork_astro/sds/REC
copying build/lib/spacedatanetwork_astro/sds/REC/licensingWrappedKeyAlgorithm.py -> build/bdist.macosx-26.0-arm64/wheel/./spacedatanetwork_astro/sds/REC
copying build/lib/spacedatanetwork_astro/sds/REC/gctFieldQuantity.py -> build/bdist.macosx-26.0-arm64/wheel/./spacedatanetwork_astro/sds/REC
copying build/lib/spacedatanetwork_astro/sds/REC/stxScheduleStatus.py -> build/bdist.macosx-26.0-arm64/wheel/./spacedatanetwork_astro/sds/REC
copying build/lib/spacedatanetwork_astro/sds/REC/trpCombinator.py -> build/bdist.macosx-26.0-arm64/wheel/./spacedatanetwork_astro/sds/REC
copying build/lib/spacedatanetwork_astro/sds/REC/ENGINE_TYPE.py -> build/bdist.macosx-26.0-arm64/wheel/./spacedatanetwork_astro/sds/REC
copying build/lib/spacedatanetwork_astro/sds/REC/VCM.py -> build/bdist.macosx-26.0-arm64/wheel/./spacedatanetwork_astro/sds/REC
copying build/lib/spacedatanetwork_astro/sds/REC/invokeSurfaceKind.py -> build/bdist.macosx-26.0-arm64/wheel/./spacedatanetwork_astro/sds/REC
copying build/lib/spacedatanetwork_astro/sds/REC/bufferOwnership.py -> build/bdist.macosx-26.0-arm64/wheel/./spacedatanetwork_astro/sds/REC
copying build/lib/spacedatanetwork_astro/sds/REC/PluginCapability.py -> build/bdist.macosx-26.0-arm64/wheel/./spacedatanetwork_astro/sds/REC
copying build/lib/spacedatanetwork_astro/sds/REC/__init__.py -> build/bdist.macosx-26.0-arm64/wheel/./spacedatanetwork_astro/sds/REC
copying build/lib/spacedatanetwork_astro/sds/REC/CZMCornerType.py -> build/bdist.macosx-26.0-arm64/wheel/./spacedatanetwork_astro/sds/REC
copying build/lib/spacedatanetwork_astro/sds/REC/TBS.py -> build/bdist.macosx-26.0-arm64/wheel/./spacedatanetwork_astro/sds/REC
copying build/lib/spacedatanetwork_astro/sds/REC/lambertVector3.py -> build/bdist.macosx-26.0-arm64/wheel/./spacedatanetwork_astro/sds/REC
copying build/lib/spacedatanetwork_astro/sds/REC/ooiStatus.py -> build/bdist.macosx-26.0-arm64/wheel/./spacedatanetwork_astro/sds/REC
copying build/lib/spacedatanetwork_astro/sds/REC/CmsModulationType.py -> build/bdist.macosx-26.0-arm64/wheel/./spacedatanetwork_astro/sds/REC
copying build/lib/spacedatanetwork_astro/sds/REC/SCVSwathSegment.py -> build/bdist.macosx-26.0-arm64/wheel/./spacedatanetwork_astro/sds/REC
copying build/lib/spacedatanetwork_astro/sds/REC/VEP.py -> build/bdist.macosx-26.0-arm64/wheel/./spacedatanetwork_astro/sds/REC
copying build/lib/spacedatanetwork_astro/sds/REC/DPMSourceBatch.py -> build/bdist.macosx-26.0-arm64/wheel/./spacedatanetwork_astro/sds/REC
copying build/lib/spacedatanetwork_astro/sds/REC/KMLUnits.py -> build/bdist.macosx-26.0-arm64/wheel/./spacedatanetwork_astro/sds/REC
copying build/lib/spacedatanetwork_astro/sds/REC/TRN.py -> build/bdist.macosx-26.0-arm64/wheel/./spacedatanetwork_astro/sds/REC
copying build/lib/spacedatanetwork_astro/sds/REC/MDPFlightTimeBound.py -> build/bdist.macosx-26.0-arm64/wheel/./spacedatanetwork_astro/sds/REC
copying build/lib/spacedatanetwork_astro/sds/REC/ForceModel.py -> build/bdist.macosx-26.0-arm64/wheel/./spacedatanetwork_astro/sds/REC
copying build/lib/spacedatanetwork_astro/sds/REC/evlEventType.py -> build/bdist.macosx-26.0-arm64/wheel/./spacedatanetwork_astro/sds/REC
copying build/lib/spacedatanetwork_astro/sds/REC/CAQ.py -> build/bdist.macosx-26.0-arm64/wheel/./spacedatanetwork_astro/sds/REC
copying build/lib/spacedatanetwork_astro/sds/REC/SLPIteration.py -> build/bdist.macosx-26.0-arm64/wheel/./spacedatanetwork_astro/sds/REC
copying build/lib/spacedatanetwork_astro/sds/REC/OON.py -> build/bdist.macosx-26.0-arm64/wheel/./spacedatanetwork_astro/sds/REC
copying build/lib/spacedatanetwork_astro/sds/REC/Maneuver.py -> build/bdist.macosx-26.0-arm64/wheel/./spacedatanetwork_astro/sds/REC
copying build/lib/spacedatanetwork_astro/sds/REC/accessCategory.py -> build/bdist.macosx-26.0-arm64/wheel/./spacedatanetwork_astro/sds/REC
copying build/lib/spacedatanetwork_astro/sds/REC/OPP.py -> build/bdist.macosx-26.0-arm64/wheel/./spacedatanetwork_astro/sds/REC
copying build/lib/spacedatanetwork_astro/sds/REC/pmmAccessPolicy.py -> build/bdist.macosx-26.0-arm64/wheel/./spacedatanetwork_astro/sds/REC
copying build/lib/spacedatanetwork_astro/sds/REC/rflLinkKind.py -> build/bdist.macosx-26.0-arm64/wheel/./spacedatanetwork_astro/sds/REC
copying build/lib/spacedatanetwork_astro/sds/REC/PAPGainCut.py -> build/bdist.macosx-26.0-arm64/wheel/./spacedatanetwork_astro/sds/REC
copying build/lib/spacedatanetwork_astro/sds/REC/PenetrationModel.py -> build/bdist.macosx-26.0-arm64/wheel/./spacedatanetwork_astro/sds/REC
copying build/lib/spacedatanetwork_astro/sds/REC/EVLEvent.py -> build/bdist.macosx-26.0-arm64/wheel/./spacedatanetwork_astro/sds/REC
copying build/lib/spacedatanetwork_astro/sds/REC/AtmosphereModel.py -> build/bdist.macosx-26.0-arm64/wheel/./spacedatanetwork_astro/sds/REC
copying build/lib/spacedatanetwork_astro/sds/REC/oppMaterialClass.py -> build/bdist.macosx-26.0-arm64/wheel/./spacedatanetwork_astro/sds/REC
copying build/lib/spacedatanetwork_astro/sds/REC/EVLEventReport.py -> build/bdist.macosx-26.0-arm64/wheel/./spacedatanetwork_astro/sds/REC
copying build/lib/spacedatanetwork_astro/sds/REC/CZMHorizontalOrigin.py -> build/bdist.macosx-26.0-arm64/wheel/./spacedatanetwork_astro/sds/REC
copying build/lib/spacedatanetwork_astro/sds/REC/SCHEMA_STANDARD.py -> build/bdist.macosx-26.0-arm64/wheel/./spacedatanetwork_astro/sds/REC
copying build/lib/spacedatanetwork_astro/sds/REC/SUSTAINER.py -> build/bdist.macosx-26.0-arm64/wheel/./spacedatanetwork_astro/sds/REC
copying build/lib/spacedatanetwork_astro/sds/REC/fieldStreamValueEncodingCategory.py -> build/bdist.macosx-26.0-arm64/wheel/./spacedatanetwork_astro/sds/REC
copying build/lib/spacedatanetwork_astro/sds/REC/AGRBin.py -> build/bdist.macosx-26.0-arm64/wheel/./spacedatanetwork_astro/sds/REC
copying build/lib/spacedatanetwork_astro/sds/REC/CZMNearFarScalar.py -> build/bdist.macosx-26.0-arm64/wheel/./spacedatanetwork_astro/sds/REC
copying build/lib/spacedatanetwork_astro/sds/REC/CountermeasureStatus.py -> build/bdist.macosx-26.0-arm64/wheel/./spacedatanetwork_astro/sds/REC
copying build/lib/spacedatanetwork_astro/sds/REC/solarPerturbationSource.py -> build/bdist.macosx-26.0-arm64/wheel/./spacedatanetwork_astro/sds/REC
copying build/lib/spacedatanetwork_astro/sds/REC/glslStage.py -> build/bdist.macosx-26.0-arm64/wheel/./spacedatanetwork_astro/sds/REC
copying build/lib/spacedatanetwork_astro/sds/REC/PLGFlowTriggerBinding.py -> build/bdist.macosx-26.0-arm64/wheel/./spacedatanetwork_astro/sds/REC
copying build/lib/spacedatanetwork_astro/sds/REC/GPXWaypoint.py -> build/bdist.macosx-26.0-arm64/wheel/./spacedatanetwork_astro/sds/REC
copying build/lib/spacedatanetwork_astro/sds/REC/gnssConstellation.py -> build/bdist.macosx-26.0-arm64/wheel/./spacedatanetwork_astro/sds/REC
copying build/lib/spacedatanetwork_astro/sds/REC/FlightPhase.py -> build/bdist.macosx-26.0-arm64/wheel/./spacedatanetwork_astro/sds/REC
copying build/lib/spacedatanetwork_astro/sds/REC/KMLStyle.py -> build/bdist.macosx-26.0-arm64/wheel/./spacedatanetwork_astro/sds/REC
copying build/lib/spacedatanetwork_astro/sds/REC/DataQualityMetrics.py -> build/bdist.macosx-26.0-arm64/wheel/./spacedatanetwork_astro/sds/REC
copying build/lib/spacedatanetwork_astro/sds/REC/EnumerationAlarm.py -> build/bdist.macosx-26.0-arm64/wheel/./spacedatanetwork_astro/sds/REC
copying build/lib/spacedatanetwork_astro/sds/REC/meanElementSource.py -> build/bdist.macosx-26.0-arm64/wheel/./spacedatanetwork_astro/sds/REC
copying build/lib/spacedatanetwork_astro/sds/REC/ContextAlarm.py -> build/bdist.macosx-26.0-arm64/wheel/./spacedatanetwork_astro/sds/REC
copying build/lib/spacedatanetwork_astro/sds/REC/EntityType.py -> build/bdist.macosx-26.0-arm64/wheel/./spacedatanetwork_astro/sds/REC
copying build/lib/spacedatanetwork_astro/sds/REC/cvpEmitterRole.py -> build/bdist.macosx-26.0-arm64/wheel/./spacedatanetwork_astro/sds/REC
copying build/lib/spacedatanetwork_astro/sds/REC/EPF.py -> build/bdist.macosx-26.0-arm64/wheel/./spacedatanetwork_astro/sds/REC
copying build/lib/spacedatanetwork_astro/sds/REC/packetCompressionAlgorithm.py -> build/bdist.macosx-26.0-arm64/wheel/./spacedatanetwork_astro/sds/REC
copying build/lib/spacedatanetwork_astro/sds/REC/GPX.py -> build/bdist.macosx-26.0-arm64/wheel/./spacedatanetwork_astro/sds/REC
copying build/lib/spacedatanetwork_astro/sds/REC/sbmFragmentOrigin.py -> build/bdist.macosx-26.0-arm64/wheel/./spacedatanetwork_astro/sds/REC
copying build/lib/spacedatanetwork_astro/sds/REC/ACIProvenance.py -> build/bdist.macosx-26.0-arm64/wheel/./spacedatanetwork_astro/sds/REC
copying build/lib/spacedatanetwork_astro/sds/REC/EntryFunction.py -> build/bdist.macosx-26.0-arm64/wheel/./spacedatanetwork_astro/sds/REC
copying build/lib/spacedatanetwork_astro/sds/REC/MissilePhase.py -> build/bdist.macosx-26.0-arm64/wheel/./spacedatanetwork_astro/sds/REC
copying build/lib/spacedatanetwork_astro/sds/REC/HFC.py -> build/bdist.macosx-26.0-arm64/wheel/./spacedatanetwork_astro/sds/REC
copying build/lib/spacedatanetwork_astro/sds/REC/KMLIconStyle.py -> build/bdist.macosx-26.0-arm64/wheel/./spacedatanetwork_astro/sds/REC
copying build/lib/spacedatanetwork_astro/sds/REC/DOA.py -> build/bdist.macosx-26.0-arm64/wheel/./spacedatanetwork_astro/sds/REC
copying build/lib/spacedatanetwork_astro/sds/REC/ODRAttestation.py -> build/bdist.macosx-26.0-arm64/wheel/./spacedatanetwork_astro/sds/REC
copying build/lib/spacedatanetwork_astro/sds/REC/AGRCategory.py -> build/bdist.macosx-26.0-arm64/wheel/./spacedatanetwork_astro/sds/REC
copying build/lib/spacedatanetwork_astro/sds/REC/BooleanOperatorType.py -> build/bdist.macosx-26.0-arm64/wheel/./spacedatanetwork_astro/sds/REC
copying build/lib/spacedatanetwork_astro/sds/REC/PLGHostCapability.py -> build/bdist.macosx-26.0-arm64/wheel/./spacedatanetwork_astro/sds/REC
copying build/lib/spacedatanetwork_astro/sds/REC/ScoreType.py -> build/bdist.macosx-26.0-arm64/wheel/./spacedatanetwork_astro/sds/REC
copying build/lib/spacedatanetwork_astro/sds/REC/PLD.py -> build/bdist.macosx-26.0-arm64/wheel/./spacedatanetwork_astro/sds/REC
copying build/lib/spacedatanetwork_astro/sds/REC/PLGAcceptedTypeSet.py -> build/bdist.macosx-26.0-arm64/wheel/./spacedatanetwork_astro/sds/REC
copying build/lib/spacedatanetwork_astro/sds/REC/DPMCompletenessIndex.py -> build/bdist.macosx-26.0-arm64/wheel/./spacedatanetwork_astro/sds/REC
copying build/lib/spacedatanetwork_astro/sds/REC/RSD.py -> build/bdist.macosx-26.0-arm64/wheel/./spacedatanetwork_astro/sds/REC
copying build/lib/spacedatanetwork_astro/sds/REC/BEM.py -> build/bdist.macosx-26.0-arm64/wheel/./spacedatanetwork_astro/sds/REC
copying build/lib/spacedatanetwork_astro/sds/REC/ArgumentRefEntry.py -> build/bdist.macosx-26.0-arm64/wheel/./spacedatanetwork_astro/sds/REC
copying build/lib/spacedatanetwork_astro/sds/REC/sdfPrimitive.py -> build/bdist.macosx-26.0-arm64/wheel/./spacedatanetwork_astro/sds/REC
copying build/lib/spacedatanetwork_astro/sds/REC/bpfProtectionTier.py -> build/bdist.macosx-26.0-arm64/wheel/./spacedatanetwork_astro/sds/REC
copying build/lib/spacedatanetwork_astro/sds/REC/VST.py -> build/bdist.macosx-26.0-arm64/wheel/./spacedatanetwork_astro/sds/REC
copying build/lib/spacedatanetwork_astro/sds/REC/keyMaterialRole.py -> build/bdist.macosx-26.0-arm64/wheel/./spacedatanetwork_astro/sds/REC
copying build/lib/spacedatanetwork_astro/sds/REC/TemporalCoverage.py -> build/bdist.macosx-26.0-arm64/wheel/./spacedatanetwork_astro/sds/REC
copying build/lib/spacedatanetwork_astro/sds/REC/wxfValuesEncoding.py -> build/bdist.macosx-26.0-arm64/wheel/./spacedatanetwork_astro/sds/REC
copying build/lib/spacedatanetwork_astro/sds/REC/FCSMode.py -> build/bdist.macosx-26.0-arm64/wheel/./spacedatanetwork_astro/sds/REC
copying build/lib/spacedatanetwork_astro/sds/REC/MDSEncounter.py -> build/bdist.macosx-26.0-arm64/wheel/./spacedatanetwork_astro/sds/REC
copying build/lib/spacedatanetwork_astro/sds/REC/CFP.py -> build/bdist.macosx-26.0-arm64/wheel/./spacedatanetwork_astro/sds/REC
copying build/lib/spacedatanetwork_astro/sds/REC/BEMHopSlot.py -> build/bdist.macosx-26.0-arm64/wheel/./spacedatanetwork_astro/sds/REC
copying build/lib/spacedatanetwork_astro/sds/REC/ACIHandover.py -> build/bdist.macosx-26.0-arm64/wheel/./spacedatanetwork_astro/sds/REC
copying build/lib/spacedatanetwork_astro/sds/REC/covarianceMatrixLine.py -> build/bdist.macosx-26.0-arm64/wheel/./spacedatanetwork_astro/sds/REC
copying build/lib/spacedatanetwork_astro/sds/REC/ArrayParameterType.py -> build/bdist.macosx-26.0-arm64/wheel/./spacedatanetwork_astro/sds/REC
copying build/lib/spacedatanetwork_astro/sds/REC/gelTechniqueClass.py -> build/bdist.macosx-26.0-arm64/wheel/./spacedatanetwork_astro/sds/REC
copying build/lib/spacedatanetwork_astro/sds/REC/ComModulationType.py -> build/bdist.macosx-26.0-arm64/wheel/./spacedatanetwork_astro/sds/REC
copying build/lib/spacedatanetwork_astro/sds/REC/TPN.py -> build/bdist.macosx-26.0-arm64/wheel/./spacedatanetwork_astro/sds/REC
copying build/lib/spacedatanetwork_astro/sds/REC/DataSourceType.py -> build/bdist.macosx-26.0-arm64/wheel/./spacedatanetwork_astro/sds/REC
copying build/lib/spacedatanetwork_astro/sds/REC/attPhysicalProperties.py -> build/bdist.macosx-26.0-arm64/wheel/./spacedatanetwork_astro/sds/REC
copying build/lib/spacedatanetwork_astro/sds/REC/acwResultStatus.py -> build/bdist.macosx-26.0-arm64/wheel/./spacedatanetwork_astro/sds/REC
copying build/lib/spacedatanetwork_astro/sds/REC/vepEnergyType.py -> build/bdist.macosx-26.0-arm64/wheel/./spacedatanetwork_astro/sds/REC
copying build/lib/spacedatanetwork_astro/sds/REC/TRHReceiver.py -> build/bdist.macosx-26.0-arm64/wheel/./spacedatanetwork_astro/sds/REC
copying build/lib/spacedatanetwork_astro/sds/REC/GJNLinearRing.py -> build/bdist.macosx-26.0-arm64/wheel/./spacedatanetwork_astro/sds/REC
copying build/lib/spacedatanetwork_astro/sds/REC/TIM.py -> build/bdist.macosx-26.0-arm64/wheel/./spacedatanetwork_astro/sds/REC
copying build/lib/spacedatanetwork_astro/sds/REC/equinoctialElements.py -> build/bdist.macosx-26.0-arm64/wheel/./spacedatanetwork_astro/sds/REC
copying build/lib/spacedatanetwork_astro/sds/REC/subscriptionLifecycleStatus.py -> build/bdist.macosx-26.0-arm64/wheel/./spacedatanetwork_astro/sds/REC
copying build/lib/spacedatanetwork_astro/sds/REC/VAM.py -> build/bdist.macosx-26.0-arm64/wheel/./spacedatanetwork_astro/sds/REC
copying build/lib/spacedatanetwork_astro/sds/REC/scvResultState.py -> build/bdist.macosx-26.0-arm64/wheel/./spacedatanetwork_astro/sds/REC
copying build/lib/spacedatanetwork_astro/sds/REC/FSOTableBinding.py -> build/bdist.macosx-26.0-arm64/wheel/./spacedatanetwork_astro/sds/REC
copying build/lib/spacedatanetwork_astro/sds/REC/TargetType.py -> build/bdist.macosx-26.0-arm64/wheel/./spacedatanetwork_astro/sds/REC
copying build/lib/spacedatanetwork_astro/sds/REC/KMLColorMode.py -> build/bdist.macosx-26.0-arm64/wheel/./spacedatanetwork_astro/sds/REC
copying build/lib/spacedatanetwork_astro/sds/REC/TFN.py -> build/bdist.macosx-26.0-arm64/wheel/./spacedatanetwork_astro/sds/REC
copying build/lib/spacedatanetwork_astro/sds/REC/ACW.py -> build/bdist.macosx-26.0-arm64/wheel/./spacedatanetwork_astro/sds/REC
copying build/lib/spacedatanetwork_astro/sds/REC/SCVPackedRasterProducts.py -> build/bdist.macosx-26.0-arm64/wheel/./spacedatanetwork_astro/sds/REC
copying build/lib/spacedatanetwork_astro/sds/REC/PropulsionType.py -> build/bdist.macosx-26.0-arm64/wheel/./spacedatanetwork_astro/sds/REC
copying build/lib/spacedatanetwork_astro/sds/REC/IntegerDataEncoding.py -> build/bdist.macosx-26.0-arm64/wheel/./spacedatanetwork_astro/sds/REC
copying build/lib/spacedatanetwork_astro/sds/REC/WTH.py -> build/bdist.macosx-26.0-arm64/wheel/./spacedatanetwork_astro/sds/REC
copying build/lib/spacedatanetwork_astro/sds/REC/CZMPath.py -> build/bdist.macosx-26.0-arm64/wheel/./spacedatanetwork_astro/sds/REC
copying build/lib/spacedatanetwork_astro/sds/REC/papArrayGeometry.py -> build/bdist.macosx-26.0-arm64/wheel/./spacedatanetwork_astro/sds/REC
copying build/lib/spacedatanetwork_astro/sds/REC/OCM.py -> build/bdist.macosx-26.0-arm64/wheel/./spacedatanetwork_astro/sds/REC
copying build/lib/spacedatanetwork_astro/sds/REC/CNPProvenance.py -> build/bdist.macosx-26.0-arm64/wheel/./spacedatanetwork_astro/sds/REC
copying build/lib/spacedatanetwork_astro/sds/REC/PCEEvaluationResult.py -> build/bdist.macosx-26.0-arm64/wheel/./spacedatanetwork_astro/sds/REC
copying build/lib/spacedatanetwork_astro/sds/REC/TerrainInterpolation.py -> build/bdist.macosx-26.0-arm64/wheel/./spacedatanetwork_astro/sds/REC
copying build/lib/spacedatanetwork_astro/sds/REC/CMR.py -> build/bdist.macosx-26.0-arm64/wheel/./spacedatanetwork_astro/sds/REC
copying build/lib/spacedatanetwork_astro/sds/REC/BAL.py -> build/bdist.macosx-26.0-arm64/wheel/./spacedatanetwork_astro/sds/REC
copying build/lib/spacedatanetwork_astro/sds/REC/dssAction.py -> build/bdist.macosx-26.0-arm64/wheel/./spacedatanetwork_astro/sds/REC
copying build/lib/spacedatanetwork_astro/sds/REC/ProjectileType.py -> build/bdist.macosx-26.0-arm64/wheel/./spacedatanetwork_astro/sds/REC
copying build/lib/spacedatanetwork_astro/sds/REC/SNWBatchRequest.py -> build/bdist.macosx-26.0-arm64/wheel/./spacedatanetwork_astro/sds/REC
copying build/lib/spacedatanetwork_astro/sds/REC/FlatbuffersEncryption.py -> build/bdist.macosx-26.0-arm64/wheel/./spacedatanetwork_astro/sds/REC
copying build/lib/spacedatanetwork_astro/sds/REC/pceParameter.py -> build/bdist.macosx-26.0-arm64/wheel/./spacedatanetwork_astro/sds/REC
copying build/lib/spacedatanetwork_astro/sds/REC/STX.py -> build/bdist.macosx-26.0-arm64/wheel/./spacedatanetwork_astro/sds/REC
copying build/lib/spacedatanetwork_astro/sds/REC/SCCStateResponse.py -> build/bdist.macosx-26.0-arm64/wheel/./spacedatanetwork_astro/sds/REC
copying build/lib/spacedatanetwork_astro/sds/REC/dttSourceClass.py -> build/bdist.macosx-26.0-arm64/wheel/./spacedatanetwork_astro/sds/REC
copying build/lib/spacedatanetwork_astro/sds/REC/bemHopSlotState.py -> build/bdist.macosx-26.0-arm64/wheel/./spacedatanetwork_astro/sds/REC
copying build/lib/spacedatanetwork_astro/sds/REC/SLPObjective.py -> build/bdist.macosx-26.0-arm64/wheel/./spacedatanetwork_astro/sds/REC
copying build/lib/spacedatanetwork_astro/sds/REC/SCX.py -> build/bdist.macosx-26.0-arm64/wheel/./spacedatanetwork_astro/sds/REC
copying build/lib/spacedatanetwork_astro/sds/REC/licensingProofMessageType.py -> build/bdist.macosx-26.0-arm64/wheel/./spacedatanetwork_astro/sds/REC
copying build/lib/spacedatanetwork_astro/sds/REC/txsPositionAuthorityClass.py -> build/bdist.macosx-26.0-arm64/wheel/./spacedatanetwork_astro/sds/REC
copying build/lib/spacedatanetwork_astro/sds/REC/KMLResourceMapAlias.py -> build/bdist.macosx-26.0-arm64/wheel/./spacedatanetwork_astro/sds/REC
copying build/lib/spacedatanetwork_astro/sds/REC/TDMTransmitRamp.py -> build/bdist.macosx-26.0-arm64/wheel/./spacedatanetwork_astro/sds/REC
copying build/lib/spacedatanetwork_astro/sds/REC/SCNPointOfInterest.py -> build/bdist.macosx-26.0-arm64/wheel/./spacedatanetwork_astro/sds/REC
copying build/lib/spacedatanetwork_astro/sds/REC/STOModuleRef.py -> build/bdist.macosx-26.0-arm64/wheel/./spacedatanetwork_astro/sds/REC
copying build/lib/spacedatanetwork_astro/sds/REC/scvGeometryDomain.py -> build/bdist.macosx-26.0-arm64/wheel/./spacedatanetwork_astro/sds/REC
copying build/lib/spacedatanetwork_astro/sds/REC/signalModulation.py -> build/bdist.macosx-26.0-arm64/wheel/./spacedatanetwork_astro/sds/REC
copying build/lib/spacedatanetwork_astro/sds/REC/SDRSingleInput.py -> build/bdist.macosx-26.0-arm64/wheel/./spacedatanetwork_astro/sds/REC
copying build/lib/spacedatanetwork_astro/sds/REC/trpPredicateKind.py -> build/bdist.macosx-26.0-arm64/wheel/./spacedatanetwork_astro/sds/REC
copying build/lib/spacedatanetwork_astro/sds/REC/KMLSimpleData.py -> build/bdist.macosx-26.0-arm64/wheel/./spacedatanetwork_astro/sds/REC
copying build/lib/spacedatanetwork_astro/sds/REC/CNPRegion.py -> build/bdist.macosx-26.0-arm64/wheel/./spacedatanetwork_astro/sds/REC
copying build/lib/spacedatanetwork_astro/sds/REC/ArgumentTypeSet.py -> build/bdist.macosx-26.0-arm64/wheel/./spacedatanetwork_astro/sds/REC
copying build/lib/spacedatanetwork_astro/sds/REC/KMF.py -> build/bdist.macosx-26.0-arm64/wheel/./spacedatanetwork_astro/sds/REC
copying build/lib/spacedatanetwork_astro/sds/REC/AggregateMember.py -> build/bdist.macosx-26.0-arm64/wheel/./spacedatanetwork_astro/sds/REC
copying build/lib/spacedatanetwork_astro/sds/REC/ServiceSet.py -> build/bdist.macosx-26.0-arm64/wheel/./spacedatanetwork_astro/sds/REC
copying build/lib/spacedatanetwork_astro/sds/REC/odSensorContribution.py -> build/bdist.macosx-26.0-arm64/wheel/./spacedatanetwork_astro/sds/REC
copying build/lib/spacedatanetwork_astro/sds/REC/SiteType.py -> build/bdist.macosx-26.0-arm64/wheel/./spacedatanetwork_astro/sds/REC
copying build/lib/spacedatanetwork_astro/sds/REC/ACWResult.py -> build/bdist.macosx-26.0-arm64/wheel/./spacedatanetwork_astro/sds/REC
copying build/lib/spacedatanetwork_astro/sds/REC/KMLLabelStyle.py -> build/bdist.macosx-26.0-arm64/wheel/./spacedatanetwork_astro/sds/REC
copying build/lib/spacedatanetwork_astro/sds/REC/AGRPivotCell.py -> build/bdist.macosx-26.0-arm64/wheel/./spacedatanetwork_astro/sds/REC
copying build/lib/spacedatanetwork_astro/sds/REC/rflObstacleInteraction.py -> build/bdist.macosx-26.0-arm64/wheel/./spacedatanetwork_astro/sds/REC
copying build/lib/spacedatanetwork_astro/sds/REC/AmmoType.py -> build/bdist.macosx-26.0-arm64/wheel/./spacedatanetwork_astro/sds/REC
copying build/lib/spacedatanetwork_astro/sds/REC/WaveformType.py -> build/bdist.macosx-26.0-arm64/wheel/./spacedatanetwork_astro/sds/REC
copying build/lib/spacedatanetwork_astro/sds/REC/KMLSchemaData.py -> build/bdist.macosx-26.0-arm64/wheel/./spacedatanetwork_astro/sds/REC
copying build/lib/spacedatanetwork_astro/sds/REC/lambertSolutionBranch.py -> build/bdist.macosx-26.0-arm64/wheel/./spacedatanetwork_astro/sds/REC
copying build/lib/spacedatanetwork_astro/sds/REC/irDetectionType.py -> build/bdist.macosx-26.0-arm64/wheel/./spacedatanetwork_astro/sds/REC
copying build/lib/spacedatanetwork_astro/sds/REC/attitudeStateType.py -> build/bdist.macosx-26.0-arm64/wheel/./spacedatanetwork_astro/sds/REC
copying build/lib/spacedatanetwork_astro/sds/REC/ODREditedObservation.py -> build/bdist.macosx-26.0-arm64/wheel/./spacedatanetwork_astro/sds/REC
copying build/lib/spacedatanetwork_astro/sds/REC/FSB.py -> build/bdist.macosx-26.0-arm64/wheel/./spacedatanetwork_astro/sds/REC
copying build/lib/spacedatanetwork_astro/sds/REC/visualAssetUpAxis.py -> build/bdist.macosx-26.0-arm64/wheel/./spacedatanetwork_astro/sds/REC
copying build/lib/spacedatanetwork_astro/sds/REC/emcCouplingPath.py -> build/bdist.macosx-26.0-arm64/wheel/./spacedatanetwork_astro/sds/REC
copying build/lib/spacedatanetwork_astro/sds/REC/MEMEditingDecision.py -> build/bdist.macosx-26.0-arm64/wheel/./spacedatanetwork_astro/sds/REC
copying build/lib/spacedatanetwork_astro/sds/REC/EMC.py -> build/bdist.macosx-26.0-arm64/wheel/./spacedatanetwork_astro/sds/REC
copying build/lib/spacedatanetwork_astro/sds/REC/radarObsType.py -> build/bdist.macosx-26.0-arm64/wheel/./spacedatanetwork_astro/sds/REC
copying build/lib/spacedatanetwork_astro/sds/REC/CCTCategoryRollup.py -> build/bdist.macosx-26.0-arm64/wheel/./spacedatanetwork_astro/sds/REC
copying build/lib/spacedatanetwork_astro/sds/REC/CES.py -> build/bdist.macosx-26.0-arm64/wheel/./spacedatanetwork_astro/sds/REC
copying build/lib/spacedatanetwork_astro/sds/REC/BooleanParameterType.py -> build/bdist.macosx-26.0-arm64/wheel/./spacedatanetwork_astro/sds/REC
copying build/lib/spacedatanetwork_astro/sds/REC/ARM.py -> build/bdist.macosx-26.0-arm64/wheel/./spacedatanetwork_astro/sds/REC
copying build/lib/spacedatanetwork_astro/sds/REC/CZM.py -> build/bdist.macosx-26.0-arm64/wheel/./spacedatanetwork_astro/sds/REC
copying build/lib/spacedatanetwork_astro/sds/REC/GPXTrackSegment.py -> build/bdist.macosx-26.0-arm64/wheel/./spacedatanetwork_astro/sds/REC
copying build/lib/spacedatanetwork_astro/sds/REC/AEM.py -> build/bdist.macosx-26.0-arm64/wheel/./spacedatanetwork_astro/sds/REC
copying build/lib/spacedatanetwork_astro/sds/REC/SCVEllipsoid.py -> build/bdist.macosx-26.0-arm64/wheel/./spacedatanetwork_astro/sds/REC
copying build/lib/spacedatanetwork_astro/sds/REC/RFSProvenance.py -> build/bdist.macosx-26.0-arm64/wheel/./spacedatanetwork_astro/sds/REC
copying build/lib/spacedatanetwork_astro/sds/REC/OrbitFrame.py -> build/bdist.macosx-26.0-arm64/wheel/./spacedatanetwork_astro/sds/REC
copying build/lib/spacedatanetwork_astro/sds/REC/WPN.py -> build/bdist.macosx-26.0-arm64/wheel/./spacedatanetwork_astro/sds/REC
copying build/lib/spacedatanetwork_astro/sds/REC/pnlTrackingMode.py -> build/bdist.macosx-26.0-arm64/wheel/./spacedatanetwork_astro/sds/REC
copying build/lib/spacedatanetwork_astro/sds/REC/ndsPublisherRung.py -> build/bdist.macosx-26.0-arm64/wheel/./spacedatanetwork_astro/sds/REC
copying build/lib/spacedatanetwork_astro/sds/REC/visualAssetVariantKind.py -> build/bdist.macosx-26.0-arm64/wheel/./spacedatanetwork_astro/sds/REC
copying build/lib/spacedatanetwork_astro/sds/REC/cnpMethod.py -> build/bdist.macosx-26.0-arm64/wheel/./spacedatanetwork_astro/sds/REC
copying build/lib/spacedatanetwork_astro/sds/REC/TDM.py -> build/bdist.macosx-26.0-arm64/wheel/./spacedatanetwork_astro/sds/REC
copying build/lib/spacedatanetwork_astro/sds/REC/launchDetectionType.py -> build/bdist.macosx-26.0-arm64/wheel/./spacedatanetwork_astro/sds/REC
copying build/lib/spacedatanetwork_astro/sds/REC/KMLPolyStyle.py -> build/bdist.macosx-26.0-arm64/wheel/./spacedatanetwork_astro/sds/REC
copying build/lib/spacedatanetwork_astro/sds/REC/transmissionClass.py -> build/bdist.macosx-26.0-arm64/wheel/./spacedatanetwork_astro/sds/REC
copying build/lib/spacedatanetwork_astro/sds/REC/TMS.py -> build/bdist.macosx-26.0-arm64/wheel/./spacedatanetwork_astro/sds/REC
copying build/lib/spacedatanetwork_astro/sds/REC/SLPNonlinearConstraint.py -> build/bdist.macosx-26.0-arm64/wheel/./spacedatanetwork_astro/sds/REC
copying build/lib/spacedatanetwork_astro/sds/REC/SCVCancel.py -> build/bdist.macosx-26.0-arm64/wheel/./spacedatanetwork_astro/sds/REC
copying build/lib/spacedatanetwork_astro/sds/REC/IRMDecodeContext.py -> build/bdist.macosx-26.0-arm64/wheel/./spacedatanetwork_astro/sds/REC
copying build/lib/spacedatanetwork_astro/sds/REC/QRPFilter.py -> build/bdist.macosx-26.0-arm64/wheel/./spacedatanetwork_astro/sds/REC
copying build/lib/spacedatanetwork_astro/sds/REC/AntennaPattern.py -> build/bdist.macosx-26.0-arm64/wheel/./spacedatanetwork_astro/sds/REC
copying build/lib/spacedatanetwork_astro/sds/REC/PLGPortManifest.py -> build/bdist.macosx-26.0-arm64/wheel/./spacedatanetwork_astro/sds/REC
copying build/lib/spacedatanetwork_astro/sds/REC/reviewLifecycleStatus.py -> build/bdist.macosx-26.0-arm64/wheel/./spacedatanetwork_astro/sds/REC
copying build/lib/spacedatanetwork_astro/sds/REC/FuzeType.py -> build/bdist.macosx-26.0-arm64/wheel/./spacedatanetwork_astro/sds/REC
copying build/lib/spacedatanetwork_astro/sds/REC/ContextCalibrator.py -> build/bdist.macosx-26.0-arm64/wheel/./spacedatanetwork_astro/sds/REC
copying build/lib/spacedatanetwork_astro/sds/REC/LKS.py -> build/bdist.macosx-26.0-arm64/wheel/./spacedatanetwork_astro/sds/REC
copying build/lib/spacedatanetwork_astro/sds/REC/AssociationMethod.py -> build/bdist.macosx-26.0-arm64/wheel/./spacedatanetwork_astro/sds/REC
copying build/lib/spacedatanetwork_astro/sds/REC/EPFContributor.py -> build/bdist.macosx-26.0-arm64/wheel/./spacedatanetwork_astro/sds/REC
copying build/lib/spacedatanetwork_astro/sds/REC/MBL.py -> build/bdist.macosx-26.0-arm64/wheel/./spacedatanetwork_astro/sds/REC
copying build/lib/spacedatanetwork_astro/sds/REC/AVL.py -> build/bdist.macosx-26.0-arm64/wheel/./spacedatanetwork_astro/sds/REC
copying build/lib/spacedatanetwork_astro/sds/REC/BallisticModel.py -> build/bdist.macosx-26.0-arm64/wheel/./spacedatanetwork_astro/sds/REC
copying build/lib/spacedatanetwork_astro/sds/REC/RFLInterferenceContribution.py -> build/bdist.macosx-26.0-arm64/wheel/./spacedatanetwork_astro/sds/REC
copying build/lib/spacedatanetwork_astro/sds/REC/ODREstimatedParameter.py -> build/bdist.macosx-26.0-arm64/wheel/./spacedatanetwork_astro/sds/REC
copying build/lib/spacedatanetwork_astro/sds/REC/imageFormat.py -> build/bdist.macosx-26.0-arm64/wheel/./spacedatanetwork_astro/sds/REC
copying build/lib/spacedatanetwork_astro/sds/REC/CLM.py -> build/bdist.macosx-26.0-arm64/wheel/./spacedatanetwork_astro/sds/REC
copying build/lib/spacedatanetwork_astro/sds/REC/numDiscretizeRoundDirection.py -> build/bdist.macosx-26.0-arm64/wheel/./spacedatanetwork_astro/sds/REC
copying build/lib/spacedatanetwork_astro/sds/REC/CelestialFrame.py -> build/bdist.macosx-26.0-arm64/wheel/./spacedatanetwork_astro/sds/REC
copying build/lib/spacedatanetwork_astro/sds/REC/VSTCameraOptions.py -> build/bdist.macosx-26.0-arm64/wheel/./spacedatanetwork_astro/sds/REC
copying build/lib/spacedatanetwork_astro/sds/REC/DeviceType.py -> build/bdist.macosx-26.0-arm64/wheel/./spacedatanetwork_astro/sds/REC
copying build/lib/spacedatanetwork_astro/sds/REC/viewerSatelliteAlignmentMode.py -> build/bdist.macosx-26.0-arm64/wheel/./spacedatanetwork_astro/sds/REC
copying build/lib/spacedatanetwork_astro/sds/REC/evlLocatorClass.py -> build/bdist.macosx-26.0-arm64/wheel/./spacedatanetwork_astro/sds/REC
copying build/lib/spacedatanetwork_astro/sds/REC/SCCAssetPicker.py -> build/bdist.macosx-26.0-arm64/wheel/./spacedatanetwork_astro/sds/REC
copying build/lib/spacedatanetwork_astro/sds/REC/OrbitDetermination.py -> build/bdist.macosx-26.0-arm64/wheel/./spacedatanetwork_astro/sds/REC
copying build/lib/spacedatanetwork_astro/sds/REC/cvpRingRole.py -> build/bdist.macosx-26.0-arm64/wheel/./spacedatanetwork_astro/sds/REC
copying build/lib/spacedatanetwork_astro/sds/REC/FPCPathResult.py -> build/bdist.macosx-26.0-arm64/wheel/./spacedatanetwork_astro/sds/REC
copying build/lib/spacedatanetwork_astro/sds/REC/emcMechanismCategory.py -> build/bdist.macosx-26.0-arm64/wheel/./spacedatanetwork_astro/sds/REC
copying build/lib/spacedatanetwork_astro/sds/REC/UserDefinedParameters.py -> build/bdist.macosx-26.0-arm64/wheel/./spacedatanetwork_astro/sds/REC
copying build/lib/spacedatanetwork_astro/sds/REC/RCF.py -> build/bdist.macosx-26.0-arm64/wheel/./spacedatanetwork_astro/sds/REC
copying build/lib/spacedatanetwork_astro/sds/REC/commsChannel.py -> build/bdist.macosx-26.0-arm64/wheel/./spacedatanetwork_astro/sds/REC
copying build/lib/spacedatanetwork_astro/sds/REC/egpMembershipMode.py -> build/bdist.macosx-26.0-arm64/wheel/./spacedatanetwork_astro/sds/REC
copying build/lib/spacedatanetwork_astro/sds/REC/AVLProvenance.py -> build/bdist.macosx-26.0-arm64/wheel/./spacedatanetwork_astro/sds/REC
copying build/lib/spacedatanetwork_astro/sds/REC/EngineType.py -> build/bdist.macosx-26.0-arm64/wheel/./spacedatanetwork_astro/sds/REC
copying build/lib/spacedatanetwork_astro/sds/REC/mtiStandard.py -> build/bdist.macosx-26.0-arm64/wheel/./spacedatanetwork_astro/sds/REC
copying build/lib/spacedatanetwork_astro/sds/REC/NUMScalarInterpolationRequest.py -> build/bdist.macosx-26.0-arm64/wheel/./spacedatanetwork_astro/sds/REC
copying build/lib/spacedatanetwork_astro/sds/REC/ephemerisFormat.py -> build/bdist.macosx-26.0-arm64/wheel/./spacedatanetwork_astro/sds/REC
copying build/lib/spacedatanetwork_astro/sds/REC/gctTilingScheme.py -> build/bdist.macosx-26.0-arm64/wheel/./spacedatanetwork_astro/sds/REC
copying build/lib/spacedatanetwork_astro/sds/REC/frmStateRepresentation.py -> build/bdist.macosx-26.0-arm64/wheel/./spacedatanetwork_astro/sds/REC
copying build/lib/spacedatanetwork_astro/sds/REC/IRMSource.py -> build/bdist.macosx-26.0-arm64/wheel/./spacedatanetwork_astro/sds/REC
copying build/lib/spacedatanetwork_astro/sds/REC/MDSDeepSpaceManeuver.py -> build/bdist.macosx-26.0-arm64/wheel/./spacedatanetwork_astro/sds/REC
copying build/lib/spacedatanetwork_astro/sds/REC/VehicleType.py -> build/bdist.macosx-26.0-arm64/wheel/./spacedatanetwork_astro/sds/REC
copying build/lib/spacedatanetwork_astro/sds/REC/BinaryDataEncoding.py -> build/bdist.macosx-26.0-arm64/wheel/./spacedatanetwork_astro/sds/REC
copying build/lib/spacedatanetwork_astro/sds/REC/REC.py -> build/bdist.macosx-26.0-arm64/wheel/./spacedatanetwork_astro/sds/REC
copying build/lib/spacedatanetwork_astro/sds/REC/ACTKeySlot.py -> build/bdist.macosx-26.0-arm64/wheel/./spacedatanetwork_astro/sds/REC
copying build/lib/spacedatanetwork_astro/sds/REC/SCVTimeGrid.py -> build/bdist.macosx-26.0-arm64/wheel/./spacedatanetwork_astro/sds/REC
copying build/lib/spacedatanetwork_astro/sds/REC/geoStationKeeping.py -> build/bdist.macosx-26.0-arm64/wheel/./spacedatanetwork_astro/sds/REC
copying build/lib/spacedatanetwork_astro/sds/REC/SCC.py -> build/bdist.macosx-26.0-arm64/wheel/./spacedatanetwork_astro/sds/REC
copying build/lib/spacedatanetwork_astro/sds/REC/PMMTrustAnchor.py -> build/bdist.macosx-26.0-arm64/wheel/./spacedatanetwork_astro/sds/REC
copying build/lib/spacedatanetwork_astro/sds/REC/BalStabilizationType.py -> build/bdist.macosx-26.0-arm64/wheel/./spacedatanetwork_astro/sds/REC
copying build/lib/spacedatanetwork_astro/sds/REC/IQCExtension.py -> build/bdist.macosx-26.0-arm64/wheel/./spacedatanetwork_astro/sds/REC
copying build/lib/spacedatanetwork_astro/sds/REC/reentryStateVector.py -> build/bdist.macosx-26.0-arm64/wheel/./spacedatanetwork_astro/sds/REC
copying build/lib/spacedatanetwork_astro/sds/REC/AlgorithmOutput.py -> build/bdist.macosx-26.0-arm64/wheel/./spacedatanetwork_astro/sds/REC
copying build/lib/spacedatanetwork_astro/sds/REC/NUMVectorDiscretizeRequest.py -> build/bdist.macosx-26.0-arm64/wheel/./spacedatanetwork_astro/sds/REC
copying build/lib/spacedatanetwork_astro/sds/REC/cvpGeometryKind.py -> build/bdist.macosx-26.0-arm64/wheel/./spacedatanetwork_astro/sds/REC
copying build/lib/spacedatanetwork_astro/sds/REC/PLG.py -> build/bdist.macosx-26.0-arm64/wheel/./spacedatanetwork_astro/sds/REC
copying build/lib/spacedatanetwork_astro/sds/REC/GPXFixType.py -> build/bdist.macosx-26.0-arm64/wheel/./spacedatanetwork_astro/sds/REC
copying build/lib/spacedatanetwork_astro/sds/REC/gnssObsType.py -> build/bdist.macosx-26.0-arm64/wheel/./spacedatanetwork_astro/sds/REC
copying build/lib/spacedatanetwork_astro/sds/REC/TRHTransponder.py -> build/bdist.macosx-26.0-arm64/wheel/./spacedatanetwork_astro/sds/REC
copying build/lib/spacedatanetwork_astro/sds/REC/RAF.py -> build/bdist.macosx-26.0-arm64/wheel/./spacedatanetwork_astro/sds/REC
copying build/lib/spacedatanetwork_astro/sds/REC/paymentMethod.py -> build/bdist.macosx-26.0-arm64/wheel/./spacedatanetwork_astro/sds/REC
copying build/lib/spacedatanetwork_astro/sds/REC/VAMTransform.py -> build/bdist.macosx-26.0-arm64/wheel/./spacedatanetwork_astro/sds/REC
copying build/lib/spacedatanetwork_astro/sds/REC/gctSampleEncoding.py -> build/bdist.macosx-26.0-arm64/wheel/./spacedatanetwork_astro/sds/REC
copying build/lib/spacedatanetwork_astro/sds/REC/ENC.py -> build/bdist.macosx-26.0-arm64/wheel/./spacedatanetwork_astro/sds/REC
copying build/lib/spacedatanetwork_astro/sds/REC/ENGINE.py -> build/bdist.macosx-26.0-arm64/wheel/./spacedatanetwork_astro/sds/REC
copying build/lib/spacedatanetwork_astro/sds/REC/RFLProvenance.py -> build/bdist.macosx-26.0-arm64/wheel/./spacedatanetwork_astro/sds/REC
copying build/lib/spacedatanetwork_astro/sds/REC/reentryImpact.py -> build/bdist.macosx-26.0-arm64/wheel/./spacedatanetwork_astro/sds/REC
copying build/lib/spacedatanetwork_astro/sds/REC/ACL.py -> build/bdist.macosx-26.0-arm64/wheel/./spacedatanetwork_astro/sds/REC
copying build/lib/spacedatanetwork_astro/sds/REC/CTR.py -> build/bdist.macosx-26.0-arm64/wheel/./spacedatanetwork_astro/sds/REC
copying build/lib/spacedatanetwork_astro/sds/REC/TCT.py -> build/bdist.macosx-26.0-arm64/wheel/./spacedatanetwork_astro/sds/REC
copying build/lib/spacedatanetwork_astro/sds/REC/BUS.py -> build/bdist.macosx-26.0-arm64/wheel/./spacedatanetwork_astro/sds/REC
copying build/lib/spacedatanetwork_astro/sds/REC/BaseContainer.py -> build/bdist.macosx-26.0-arm64/wheel/./spacedatanetwork_astro/sds/REC
copying build/lib/spacedatanetwork_astro/sds/REC/CommandSignificance.py -> build/bdist.macosx-26.0-arm64/wheel/./spacedatanetwork_astro/sds/REC
copying build/lib/spacedatanetwork_astro/sds/REC/gctCloudGenus.py -> build/bdist.macosx-26.0-arm64/wheel/./spacedatanetwork_astro/sds/REC
copying build/lib/spacedatanetwork_astro/sds/REC/pmmEntryState.py -> build/bdist.macosx-26.0-arm64/wheel/./spacedatanetwork_astro/sds/REC
copying build/lib/spacedatanetwork_astro/sds/REC/OMM.py -> build/bdist.macosx-26.0-arm64/wheel/./spacedatanetwork_astro/sds/REC
copying build/lib/spacedatanetwork_astro/sds/REC/KeyExchange.py -> build/bdist.macosx-26.0-arm64/wheel/./spacedatanetwork_astro/sds/REC
copying build/lib/spacedatanetwork_astro/sds/REC/MEM.py -> build/bdist.macosx-26.0-arm64/wheel/./spacedatanetwork_astro/sds/REC
copying build/lib/spacedatanetwork_astro/sds/REC/LAM.py -> build/bdist.macosx-26.0-arm64/wheel/./spacedatanetwork_astro/sds/REC
copying build/lib/spacedatanetwork_astro/sds/REC/lamMissionPhase.py -> build/bdist.macosx-26.0-arm64/wheel/./spacedatanetwork_astro/sds/REC
copying build/lib/spacedatanetwork_astro/sds/REC/anomalyConvention.py -> build/bdist.macosx-26.0-arm64/wheel/./spacedatanetwork_astro/sds/REC
copying build/lib/spacedatanetwork_astro/sds/REC/maneuverableFlag.py -> build/bdist.macosx-26.0-arm64/wheel/./spacedatanetwork_astro/sds/REC
copying build/lib/spacedatanetwork_astro/sds/REC/PRWInitSource.py -> build/bdist.macosx-26.0-arm64/wheel/./spacedatanetwork_astro/sds/REC
copying build/lib/spacedatanetwork_astro/sds/REC/NUMGaussMarkovResult.py -> build/bdist.macosx-26.0-arm64/wheel/./spacedatanetwork_astro/sds/REC
copying build/lib/spacedatanetwork_astro/sds/REC/splitRole.py -> build/bdist.macosx-26.0-arm64/wheel/./spacedatanetwork_astro/sds/REC
copying build/lib/spacedatanetwork_astro/sds/REC/snwErrorCode.py -> build/bdist.macosx-26.0-arm64/wheel/./spacedatanetwork_astro/sds/REC
copying build/lib/spacedatanetwork_astro/sds/REC/TXS.py -> build/bdist.macosx-26.0-arm64/wheel/./spacedatanetwork_astro/sds/REC
copying build/lib/spacedatanetwork_astro/sds/REC/AbsoluteTimeParameterType.py -> build/bdist.macosx-26.0-arm64/wheel/./spacedatanetwork_astro/sds/REC
copying build/lib/spacedatanetwork_astro/sds/REC/sdfOperation.py -> build/bdist.macosx-26.0-arm64/wheel/./spacedatanetwork_astro/sds/REC
copying build/lib/spacedatanetwork_astro/sds/REC/SensorType.py -> build/bdist.macosx-26.0-arm64/wheel/./spacedatanetwork_astro/sds/REC
copying build/lib/spacedatanetwork_astro/sds/REC/elementType.py -> build/bdist.macosx-26.0-arm64/wheel/./spacedatanetwork_astro/sds/REC
copying build/lib/spacedatanetwork_astro/sds/REC/ACT.py -> build/bdist.macosx-26.0-arm64/wheel/./spacedatanetwork_astro/sds/REC
copying build/lib/spacedatanetwork_astro/sds/REC/CZMDynSampled.py -> build/bdist.macosx-26.0-arm64/wheel/./spacedatanetwork_astro/sds/REC
copying build/lib/spacedatanetwork_astro/sds/REC/OOI.py -> build/bdist.macosx-26.0-arm64/wheel/./spacedatanetwork_astro/sds/REC
copying build/lib/spacedatanetwork_astro/sds/REC/CZMModel.py -> build/bdist.macosx-26.0-arm64/wheel/./spacedatanetwork_astro/sds/REC
copying build/lib/spacedatanetwork_astro/sds/REC/IntegrationMethod.py -> build/bdist.macosx-26.0-arm64/wheel/./spacedatanetwork_astro/sds/REC
copying build/lib/spacedatanetwork_astro/sds/REC/soiCollectionMode.py -> build/bdist.macosx-26.0-arm64/wheel/./spacedatanetwork_astro/sds/REC
copying build/lib/spacedatanetwork_astro/sds/REC/TFNDesignator.py -> build/bdist.macosx-26.0-arm64/wheel/./spacedatanetwork_astro/sds/REC
copying build/lib/spacedatanetwork_astro/sds/REC/GPXLink.py -> build/bdist.macosx-26.0-arm64/wheel/./spacedatanetwork_astro/sds/REC
copying build/lib/spacedatanetwork_astro/sds/REC/VAMReview.py -> build/bdist.macosx-26.0-arm64/wheel/./spacedatanetwork_astro/sds/REC
copying build/lib/spacedatanetwork_astro/sds/REC/KMLWait.py -> build/bdist.macosx-26.0-arm64/wheel/./spacedatanetwork_astro/sds/REC
copying build/lib/spacedatanetwork_astro/sds/REC/tbsRadioClass.py -> build/bdist.macosx-26.0-arm64/wheel/./spacedatanetwork_astro/sds/REC
copying build/lib/spacedatanetwork_astro/sds/REC/APPModuleRef.py -> build/bdist.macosx-26.0-arm64/wheel/./spacedatanetwork_astro/sds/REC
copying build/lib/spacedatanetwork_astro/sds/REC/rfsIncidencePolarization.py -> build/bdist.macosx-26.0-arm64/wheel/./spacedatanetwork_astro/sds/REC
copying build/lib/spacedatanetwork_astro/sds/REC/lamAscentEvent.py -> build/bdist.macosx-26.0-arm64/wheel/./spacedatanetwork_astro/sds/REC
copying build/lib/spacedatanetwork_astro/sds/REC/ndsIngestEventKind.py -> build/bdist.macosx-26.0-arm64/wheel/./spacedatanetwork_astro/sds/REC
copying build/lib/spacedatanetwork_astro/sds/REC/gstNetwork.py -> build/bdist.macosx-26.0-arm64/wheel/./spacedatanetwork_astro/sds/REC
copying build/lib/spacedatanetwork_astro/sds/REC/ParameterRefEntry.py -> build/bdist.macosx-26.0-arm64/wheel/./spacedatanetwork_astro/sds/REC
copying build/lib/spacedatanetwork_astro/sds/REC/DefaultAlarm.py -> build/bdist.macosx-26.0-arm64/wheel/./spacedatanetwork_astro/sds/REC
copying build/lib/spacedatanetwork_astro/sds/REC/ACWStateSample.py -> build/bdist.macosx-26.0-arm64/wheel/./spacedatanetwork_astro/sds/REC
copying build/lib/spacedatanetwork_astro/sds/REC/ArrayDimension.py -> build/bdist.macosx-26.0-arm64/wheel/./spacedatanetwork_astro/sds/REC
copying build/lib/spacedatanetwork_astro/sds/REC/gnpFeatureClass.py -> build/bdist.macosx-26.0-arm64/wheel/./spacedatanetwork_astro/sds/REC
copying build/lib/spacedatanetwork_astro/sds/REC/LMR.py -> build/bdist.macosx-26.0-arm64/wheel/./spacedatanetwork_astro/sds/REC
copying build/lib/spacedatanetwork_astro/sds/REC/dttTilingScheme.py -> build/bdist.macosx-26.0-arm64/wheel/./spacedatanetwork_astro/sds/REC
copying build/lib/spacedatanetwork_astro/sds/REC/CPS.py -> build/bdist.macosx-26.0-arm64/wheel/./spacedatanetwork_astro/sds/REC
copying build/lib/spacedatanetwork_astro/sds/REC/TRVPredicateResult.py -> build/bdist.macosx-26.0-arm64/wheel/./spacedatanetwork_astro/sds/REC
copying build/lib/spacedatanetwork_astro/sds/REC/dttVerticalDatum.py -> build/bdist.macosx-26.0-arm64/wheel/./spacedatanetwork_astro/sds/REC
copying build/lib/spacedatanetwork_astro/sds/REC/txsMergeMethod.py -> build/bdist.macosx-26.0-arm64/wheel/./spacedatanetwork_astro/sds/REC
copying build/lib/spacedatanetwork_astro/sds/REC/COM.py -> build/bdist.macosx-26.0-arm64/wheel/./spacedatanetwork_astro/sds/REC
copying build/lib/spacedatanetwork_astro/sds/REC/APM.py -> build/bdist.macosx-26.0-arm64/wheel/./spacedatanetwork_astro/sds/REC
copying build/lib/spacedatanetwork_astro/sds/REC/EPFVerdict.py -> build/bdist.macosx-26.0-arm64/wheel/./spacedatanetwork_astro/sds/REC
copying build/lib/spacedatanetwork_astro/sds/REC/rfPolarization.py -> build/bdist.macosx-26.0-arm64/wheel/./spacedatanetwork_astro/sds/REC
copying build/lib/spacedatanetwork_astro/sds/REC/commsTransponder.py -> build/bdist.macosx-26.0-arm64/wheel/./spacedatanetwork_astro/sds/REC
copying build/lib/spacedatanetwork_astro/sds/REC/PPE.py -> build/bdist.macosx-26.0-arm64/wheel/./spacedatanetwork_astro/sds/REC
copying build/lib/spacedatanetwork_astro/sds/REC/aciHandoverKind.py -> build/bdist.macosx-26.0-arm64/wheel/./spacedatanetwork_astro/sds/REC
copying build/lib/spacedatanetwork_astro/sds/REC/rsdThresholdStrategy.py -> build/bdist.macosx-26.0-arm64/wheel/./spacedatanetwork_astro/sds/REC
copying build/lib/spacedatanetwork_astro/sds/REC/papGainCutAxis.py -> build/bdist.macosx-26.0-arm64/wheel/./spacedatanetwork_astro/sds/REC
copying build/lib/spacedatanetwork_astro/sds/REC/StreamSet.py -> build/bdist.macosx-26.0-arm64/wheel/./spacedatanetwork_astro/sds/REC
copying build/lib/spacedatanetwork_astro/sds/REC/MathAlgorithm.py -> build/bdist.macosx-26.0-arm64/wheel/./spacedatanetwork_astro/sds/REC
copying build/lib/spacedatanetwork_astro/sds/REC/beamPolarization.py -> build/bdist.macosx-26.0-arm64/wheel/./spacedatanetwork_astro/sds/REC
copying build/lib/spacedatanetwork_astro/sds/REC/SDF.py -> build/bdist.macosx-26.0-arm64/wheel/./spacedatanetwork_astro/sds/REC
copying build/lib/spacedatanetwork_astro/sds/REC/BooleanArgumentType.py -> build/bdist.macosx-26.0-arm64/wheel/./spacedatanetwork_astro/sds/REC
copying build/lib/spacedatanetwork_astro/sds/REC/CAQRequest.py -> build/bdist.macosx-26.0-arm64/wheel/./spacedatanetwork_astro/sds/REC
copying build/lib/spacedatanetwork_astro/sds/REC/CZMPoint.py -> build/bdist.macosx-26.0-arm64/wheel/./spacedatanetwork_astro/sds/REC
copying build/lib/spacedatanetwork_astro/sds/REC/SequenceContainer.py -> build/bdist.macosx-26.0-arm64/wheel/./spacedatanetwork_astro/sds/REC
copying build/lib/spacedatanetwork_astro/sds/REC/GCTDensityVolume.py -> build/bdist.macosx-26.0-arm64/wheel/./spacedatanetwork_astro/sds/REC
copying build/lib/spacedatanetwork_astro/sds/REC/CZMPolylineDashMaterial.py -> build/bdist.macosx-26.0-arm64/wheel/./spacedatanetwork_astro/sds/REC
copying build/lib/spacedatanetwork_astro/sds/REC/EVLContactConfiguration.py -> build/bdist.macosx-26.0-arm64/wheel/./spacedatanetwork_astro/sds/REC
copying build/lib/spacedatanetwork_astro/sds/REC/ParameterSet.py -> build/bdist.macosx-26.0-arm64/wheel/./spacedatanetwork_astro/sds/REC
copying build/lib/spacedatanetwork_astro/sds/REC/PolynomialCalibrator.py -> build/bdist.macosx-26.0-arm64/wheel/./spacedatanetwork_astro/sds/REC
copying build/lib/spacedatanetwork_astro/sds/REC/flatSqlByteStreamKind.py -> build/bdist.macosx-26.0-arm64/wheel/./spacedatanetwork_astro/sds/REC
copying build/lib/spacedatanetwork_astro/sds/REC/CNPStatistic.py -> build/bdist.macosx-26.0-arm64/wheel/./spacedatanetwork_astro/sds/REC
copying build/lib/spacedatanetwork_astro/sds/REC/TimeScale.py -> build/bdist.macosx-26.0-arm64/wheel/./spacedatanetwork_astro/sds/REC
copying build/lib/spacedatanetwork_astro/sds/REC/PKB.py -> build/bdist.macosx-26.0-arm64/wheel/./spacedatanetwork_astro/sds/REC
copying build/lib/spacedatanetwork_astro/sds/REC/memEditingReason.py -> build/bdist.macosx-26.0-arm64/wheel/./spacedatanetwork_astro/sds/REC
copying build/lib/spacedatanetwork_astro/sds/REC/lunarPerturbationSource.py -> build/bdist.macosx-26.0-arm64/wheel/./spacedatanetwork_astro/sds/REC
copying build/lib/spacedatanetwork_astro/sds/REC/FusionMethod.py -> build/bdist.macosx-26.0-arm64/wheel/./spacedatanetwork_astro/sds/REC
copying build/lib/spacedatanetwork_astro/sds/REC/covarianceAlgorithm.py -> build/bdist.macosx-26.0-arm64/wheel/./spacedatanetwork_astro/sds/REC
copying build/lib/spacedatanetwork_astro/sds/REC/CZMInterpolation.py -> build/bdist.macosx-26.0-arm64/wheel/./spacedatanetwork_astro/sds/REC
copying build/lib/spacedatanetwork_astro/sds/REC/txsServiceClass.py -> build/bdist.macosx-26.0-arm64/wheel/./spacedatanetwork_astro/sds/REC
copying build/lib/spacedatanetwork_astro/sds/REC/KMLAltitudeMode.py -> build/bdist.macosx-26.0-arm64/wheel/./spacedatanetwork_astro/sds/REC
copying build/lib/spacedatanetwork_astro/sds/REC/wxfTemporalKind.py -> build/bdist.macosx-26.0-arm64/wheel/./spacedatanetwork_astro/sds/REC
copying build/lib/spacedatanetwork_astro/sds/REC/OPPRadarCrossSection.py -> build/bdist.macosx-26.0-arm64/wheel/./spacedatanetwork_astro/sds/REC
copying build/lib/spacedatanetwork_astro/sds/REC/evlShadowModel.py -> build/bdist.macosx-26.0-arm64/wheel/./spacedatanetwork_astro/sds/REC
copying build/lib/spacedatanetwork_astro/sds/REC/ModuleType.py -> build/bdist.macosx-26.0-arm64/wheel/./spacedatanetwork_astro/sds/REC
copying build/lib/spacedatanetwork_astro/sds/REC/TRHInstallation.py -> build/bdist.macosx-26.0-arm64/wheel/./spacedatanetwork_astro/sds/REC
copying build/lib/spacedatanetwork_astro/sds/REC/Unit.py -> build/bdist.macosx-26.0-arm64/wheel/./spacedatanetwork_astro/sds/REC
copying build/lib/spacedatanetwork_astro/sds/REC/purchaseLifecycleStatus.py -> build/bdist.macosx-26.0-arm64/wheel/./spacedatanetwork_astro/sds/REC
copying build/lib/spacedatanetwork_astro/sds/REC/FPC.py -> build/bdist.macosx-26.0-arm64/wheel/./spacedatanetwork_astro/sds/REC
copying build/lib/spacedatanetwork_astro/sds/REC/FixedValueEntry.py -> build/bdist.macosx-26.0-arm64/wheel/./spacedatanetwork_astro/sds/REC
copying build/lib/spacedatanetwork_astro/sds/REC/ForceType.py -> build/bdist.macosx-26.0-arm64/wheel/./spacedatanetwork_astro/sds/REC
copying build/lib/spacedatanetwork_astro/sds/REC/CZMPolylineMaterial.py -> build/bdist.macosx-26.0-arm64/wheel/./spacedatanetwork_astro/sds/REC
copying build/lib/spacedatanetwork_astro/sds/REC/PCE.py -> build/bdist.macosx-26.0-arm64/wheel/./spacedatanetwork_astro/sds/REC
copying build/lib/spacedatanetwork_astro/sds/REC/PenResult.py -> build/bdist.macosx-26.0-arm64/wheel/./spacedatanetwork_astro/sds/REC
copying build/lib/spacedatanetwork_astro/sds/REC/PCEParameterCondition.py -> build/bdist.macosx-26.0-arm64/wheel/./spacedatanetwork_astro/sds/REC
copying build/lib/spacedatanetwork_astro/sds/REC/NSTNode.py -> build/bdist.macosx-26.0-arm64/wheel/./spacedatanetwork_astro/sds/REC
copying build/lib/spacedatanetwork_astro/sds/REC/CZMClockRange.py -> build/bdist.macosx-26.0-arm64/wheel/./spacedatanetwork_astro/sds/REC
copying build/lib/spacedatanetwork_astro/sds/REC/ACM.py -> build/bdist.macosx-26.0-arm64/wheel/./spacedatanetwork_astro/sds/REC
copying build/lib/spacedatanetwork_astro/sds/REC/trackEnvironment.py -> build/bdist.macosx-26.0-arm64/wheel/./spacedatanetwork_astro/sds/REC
copying build/lib/spacedatanetwork_astro/sds/REC/SONPropagationModel.py -> build/bdist.macosx-26.0-arm64/wheel/./spacedatanetwork_astro/sds/REC
copying build/lib/spacedatanetwork_astro/sds/REC/ATM.py -> build/bdist.macosx-26.0-arm64/wheel/./spacedatanetwork_astro/sds/REC
copying build/lib/spacedatanetwork_astro/sds/REC/SCCReady.py -> build/bdist.macosx-26.0-arm64/wheel/./spacedatanetwork_astro/sds/REC
copying build/lib/spacedatanetwork_astro/sds/REC/gctVariantScope.py -> build/bdist.macosx-26.0-arm64/wheel/./spacedatanetwork_astro/sds/REC
copying build/lib/spacedatanetwork_astro/sds/REC/commissionEnforcement.py -> build/bdist.macosx-26.0-arm64/wheel/./spacedatanetwork_astro/sds/REC
copying build/lib/spacedatanetwork_astro/sds/REC/LDM.py -> build/bdist.macosx-26.0-arm64/wheel/./spacedatanetwork_astro/sds/REC
copying build/lib/spacedatanetwork_astro/sds/REC/NDS.py -> build/bdist.macosx-26.0-arm64/wheel/./spacedatanetwork_astro/sds/REC
copying build/lib/spacedatanetwork_astro/sds/REC/GJNPolygonRings.py -> build/bdist.macosx-26.0-arm64/wheel/./spacedatanetwork_astro/sds/REC
copying build/lib/spacedatanetwork_astro/sds/REC/KMLLod.py -> build/bdist.macosx-26.0-arm64/wheel/./spacedatanetwork_astro/sds/REC
copying build/lib/spacedatanetwork_astro/sds/REC/survivingDebris.py -> build/bdist.macosx-26.0-arm64/wheel/./spacedatanetwork_astro/sds/REC
copying build/lib/spacedatanetwork_astro/sds/REC/RFSGeometryRef.py -> build/bdist.macosx-26.0-arm64/wheel/./spacedatanetwork_astro/sds/REC
copying build/lib/spacedatanetwork_astro/sds/REC/avlVolumeType.py -> build/bdist.macosx-26.0-arm64/wheel/./spacedatanetwork_astro/sds/REC
copying build/lib/spacedatanetwork_astro/sds/REC/stxScheduleAuthorityClass.py -> build/bdist.macosx-26.0-arm64/wheel/./spacedatanetwork_astro/sds/REC
copying build/lib/spacedatanetwork_astro/sds/REC/OPPProvenance.py -> build/bdist.macosx-26.0-arm64/wheel/./spacedatanetwork_astro/sds/REC
copying build/lib/spacedatanetwork_astro/sds/REC/TRP.py -> build/bdist.macosx-26.0-arm64/wheel/./spacedatanetwork_astro/sds/REC
copying build/lib/spacedatanetwork_astro/sds/REC/aouCategory.py -> build/bdist.macosx-26.0-arm64/wheel/./spacedatanetwork_astro/sds/REC
copying build/lib/spacedatanetwork_astro/sds/REC/TBSProvenance.py -> build/bdist.macosx-26.0-arm64/wheel/./spacedatanetwork_astro/sds/REC
copying build/lib/spacedatanetwork_astro/sds/REC/MST.py -> build/bdist.macosx-26.0-arm64/wheel/./spacedatanetwork_astro/sds/REC
copying build/lib/spacedatanetwork_astro/sds/REC/GCTCoverGrid.py -> build/bdist.macosx-26.0-arm64/wheel/./spacedatanetwork_astro/sds/REC
copying build/lib/spacedatanetwork_astro/sds/REC/BPFAttestation.py -> build/bdist.macosx-26.0-arm64/wheel/./spacedatanetwork_astro/sds/REC
copying build/lib/spacedatanetwork_astro/sds/REC/MNV.py -> build/bdist.macosx-26.0-arm64/wheel/./spacedatanetwork_astro/sds/REC
copying build/lib/spacedatanetwork_astro/sds/REC/MTI.py -> build/bdist.macosx-26.0-arm64/wheel/./spacedatanetwork_astro/sds/REC
copying build/lib/spacedatanetwork_astro/sds/REC/COT.py -> build/bdist.macosx-26.0-arm64/wheel/./spacedatanetwork_astro/sds/REC
copying build/lib/spacedatanetwork_astro/sds/REC/EVLEclipseConfiguration.py -> build/bdist.macosx-26.0-arm64/wheel/./spacedatanetwork_astro/sds/REC
copying build/lib/spacedatanetwork_astro/sds/REC/TNR.py -> build/bdist.macosx-26.0-arm64/wheel/./spacedatanetwork_astro/sds/REC
copying build/lib/spacedatanetwork_astro/sds/REC/IntegerParameterType.py -> build/bdist.macosx-26.0-arm64/wheel/./spacedatanetwork_astro/sds/REC
copying build/lib/spacedatanetwork_astro/sds/REC/CESObjectVector.py -> build/bdist.macosx-26.0-arm64/wheel/./spacedatanetwork_astro/sds/REC
copying build/lib/spacedatanetwork_astro/sds/REC/AggregateParameterType.py -> build/bdist.macosx-26.0-arm64/wheel/./spacedatanetwork_astro/sds/REC
copying build/lib/spacedatanetwork_astro/sds/REC/PropagatorMethod.py -> build/bdist.macosx-26.0-arm64/wheel/./spacedatanetwork_astro/sds/REC
copying build/lib/spacedatanetwork_astro/sds/REC/stxDayMask.py -> build/bdist.macosx-26.0-arm64/wheel/./spacedatanetwork_astro/sds/REC
copying build/lib/spacedatanetwork_astro/sds/REC/LCH.py -> build/bdist.macosx-26.0-arm64/wheel/./spacedatanetwork_astro/sds/REC
copying build/lib/spacedatanetwork_astro/sds/REC/TRPGroup.py -> build/bdist.macosx-26.0-arm64/wheel/./spacedatanetwork_astro/sds/REC
copying build/lib/spacedatanetwork_astro/sds/REC/sensorStatus.py -> build/bdist.macosx-26.0-arm64/wheel/./spacedatanetwork_astro/sds/REC
copying build/lib/spacedatanetwork_astro/sds/REC/EGPQuery.py -> build/bdist.macosx-26.0-arm64/wheel/./spacedatanetwork_astro/sds/REC
copying build/lib/spacedatanetwork_astro/sds/REC/MET.py -> build/bdist.macosx-26.0-arm64/wheel/./spacedatanetwork_astro/sds/REC
copying build/lib/spacedatanetwork_astro/sds/REC/MatchCriteria.py -> build/bdist.macosx-26.0-arm64/wheel/./spacedatanetwork_astro/sds/REC
copying build/lib/spacedatanetwork_astro/sds/REC/GCTLevel.py -> build/bdist.macosx-26.0-arm64/wheel/./spacedatanetwork_astro/sds/REC
copying build/lib/spacedatanetwork_astro/sds/REC/ArmorMaterial.py -> build/bdist.macosx-26.0-arm64/wheel/./spacedatanetwork_astro/sds/REC
copying build/lib/spacedatanetwork_astro/sds/REC/scvRasterProductEncoding.py -> build/bdist.macosx-26.0-arm64/wheel/./spacedatanetwork_astro/sds/REC
copying build/lib/spacedatanetwork_astro/sds/REC/SCVSensor.py -> build/bdist.macosx-26.0-arm64/wheel/./spacedatanetwork_astro/sds/REC
copying build/lib/spacedatanetwork_astro/sds/REC/TRH.py -> build/bdist.macosx-26.0-arm64/wheel/./spacedatanetwork_astro/sds/REC
copying build/lib/spacedatanetwork_astro/sds/REC/linkCategory.py -> build/bdist.macosx-26.0-arm64/wheel/./spacedatanetwork_astro/sds/REC
copying build/lib/spacedatanetwork_astro/sds/REC/LMS.py -> build/bdist.macosx-26.0-arm64/wheel/./spacedatanetwork_astro/sds/REC
copying build/lib/spacedatanetwork_astro/sds/REC/licensingChallengeMessageType.py -> build/bdist.macosx-26.0-arm64/wheel/./spacedatanetwork_astro/sds/REC
copying build/lib/spacedatanetwork_astro/sds/REC/ODR.py -> build/bdist.macosx-26.0-arm64/wheel/./spacedatanetwork_astro/sds/REC
copying build/lib/spacedatanetwork_astro/sds/REC/MSL.py -> build/bdist.macosx-26.0-arm64/wheel/./spacedatanetwork_astro/sds/REC
copying build/lib/spacedatanetwork_astro/sds/REC/SplinePoint.py -> build/bdist.macosx-26.0-arm64/wheel/./spacedatanetwork_astro/sds/REC
copying build/lib/spacedatanetwork_astro/sds/REC/rflMethod.py -> build/bdist.macosx-26.0-arm64/wheel/./spacedatanetwork_astro/sds/REC
copying build/lib/spacedatanetwork_astro/sds/REC/RecordType.py -> build/bdist.macosx-26.0-arm64/wheel/./spacedatanetwork_astro/sds/REC
copying build/lib/spacedatanetwork_astro/sds/REC/FixedFrameStream.py -> build/bdist.macosx-26.0-arm64/wheel/./spacedatanetwork_astro/sds/REC
copying build/lib/spacedatanetwork_astro/sds/REC/Geometry.py -> build/bdist.macosx-26.0-arm64/wheel/./spacedatanetwork_astro/sds/REC
copying build/lib/spacedatanetwork_astro/sds/REC/propagatorFamily.py -> build/bdist.macosx-26.0-arm64/wheel/./spacedatanetwork_astro/sds/REC
copying build/lib/spacedatanetwork_astro/sds/REC/resonanceSource.py -> build/bdist.macosx-26.0-arm64/wheel/./spacedatanetwork_astro/sds/REC
copying build/lib/spacedatanetwork_astro/sds/REC/KMLGridOrigin.py -> build/bdist.macosx-26.0-arm64/wheel/./spacedatanetwork_astro/sds/REC
copying build/lib/spacedatanetwork_astro/sds/REC/TFNOperatingSurface.py -> build/bdist.macosx-26.0-arm64/wheel/./spacedatanetwork_astro/sds/REC
copying build/lib/spacedatanetwork_astro/sds/REC/APL.py -> build/bdist.macosx-26.0-arm64/wheel/./spacedatanetwork_astro/sds/REC
copying build/lib/spacedatanetwork_astro/sds/REC/BandType.py -> build/bdist.macosx-26.0-arm64/wheel/./spacedatanetwork_astro/sds/REC
copying build/lib/spacedatanetwork_astro/sds/REC/trsSolverTier.py -> build/bdist.macosx-26.0-arm64/wheel/./spacedatanetwork_astro/sds/REC
copying build/lib/spacedatanetwork_astro/sds/REC/memoBindingScheme.py -> build/bdist.macosx-26.0-arm64/wheel/./spacedatanetwork_astro/sds/REC
copying build/lib/spacedatanetwork_astro/sds/REC/TRSRequest.py -> build/bdist.macosx-26.0-arm64/wheel/./spacedatanetwork_astro/sds/REC
copying build/lib/spacedatanetwork_astro/sds/REC/oppSurfaceKind.py -> build/bdist.macosx-26.0-arm64/wheel/./spacedatanetwork_astro/sds/REC
copying build/lib/spacedatanetwork_astro/sds/REC/SDFComposition.py -> build/bdist.macosx-26.0-arm64/wheel/./spacedatanetwork_astro/sds/REC
copying build/lib/spacedatanetwork_astro/sds/REC/ObservationPosition.py -> build/bdist.macosx-26.0-arm64/wheel/./spacedatanetwork_astro/sds/REC
copying build/lib/spacedatanetwork_astro/sds/REC/TXSEmission.py -> build/bdist.macosx-26.0-arm64/wheel/./spacedatanetwork_astro/sds/REC
copying build/lib/spacedatanetwork_astro/sds/REC/TerrainType.py -> build/bdist.macosx-26.0-arm64/wheel/./spacedatanetwork_astro/sds/REC
copying build/lib/spacedatanetwork_astro/sds/REC/seoObservatoryType.py -> build/bdist.macosx-26.0-arm64/wheel/./spacedatanetwork_astro/sds/REC
copying build/lib/spacedatanetwork_astro/sds/REC/VEPPerformancePoint.py -> build/bdist.macosx-26.0-arm64/wheel/./spacedatanetwork_astro/sds/REC
copying build/lib/spacedatanetwork_astro/sds/REC/CZMBillboard.py -> build/bdist.macosx-26.0-arm64/wheel/./spacedatanetwork_astro/sds/REC
copying build/lib/spacedatanetwork_astro/sds/REC/rflBudgetTerm.py -> build/bdist.macosx-26.0-arm64/wheel/./spacedatanetwork_astro/sds/REC
copying build/lib/spacedatanetwork_astro/sds/REC/sdfResult.py -> build/bdist.macosx-26.0-arm64/wheel/./spacedatanetwork_astro/sds/REC
copying build/lib/spacedatanetwork_astro/sds/REC/NoiseSource.py -> build/bdist.macosx-26.0-arm64/wheel/./spacedatanetwork_astro/sds/REC
copying build/lib/spacedatanetwork_astro/sds/REC/CMRProvenance.py -> build/bdist.macosx-26.0-arm64/wheel/./spacedatanetwork_astro/sds/REC
copying build/lib/spacedatanetwork_astro/sds/REC/DMG.py -> build/bdist.macosx-26.0-arm64/wheel/./spacedatanetwork_astro/sds/REC
copying build/lib/spacedatanetwork_astro/sds/REC/TCTPoint.py -> build/bdist.macosx-26.0-arm64/wheel/./spacedatanetwork_astro/sds/REC
copying build/lib/spacedatanetwork_astro/sds/REC/KMLSchema.py -> build/bdist.macosx-26.0-arm64/wheel/./spacedatanetwork_astro/sds/REC
copying build/lib/spacedatanetwork_astro/sds/REC/PPEPositionRecord.py -> build/bdist.macosx-26.0-arm64/wheel/./spacedatanetwork_astro/sds/REC
copying build/lib/spacedatanetwork_astro/sds/REC/FloatDataEncoding.py -> build/bdist.macosx-26.0-arm64/wheel/./spacedatanetwork_astro/sds/REC
copying build/lib/spacedatanetwork_astro/sds/REC/SUB.py -> build/bdist.macosx-26.0-arm64/wheel/./spacedatanetwork_astro/sds/REC
copying build/lib/spacedatanetwork_astro/sds/REC/AlgorithmInput.py -> build/bdist.macosx-26.0-arm64/wheel/./spacedatanetwork_astro/sds/REC
copying build/lib/spacedatanetwork_astro/sds/REC/evlResultStatus.py -> build/bdist.macosx-26.0-arm64/wheel/./spacedatanetwork_astro/sds/REC
copying build/lib/spacedatanetwork_astro/sds/REC/RFB.py -> build/bdist.macosx-26.0-arm64/wheel/./spacedatanetwork_astro/sds/REC
copying build/lib/spacedatanetwork_astro/sds/REC/irmValidatorMatch.py -> build/bdist.macosx-26.0-arm64/wheel/./spacedatanetwork_astro/sds/REC
copying build/lib/spacedatanetwork_astro/sds/REC/TimeReference.py -> build/bdist.macosx-26.0-arm64/wheel/./spacedatanetwork_astro/sds/REC
copying build/lib/spacedatanetwork_astro/sds/REC/DPMEncryptionBinding.py -> build/bdist.macosx-26.0-arm64/wheel/./spacedatanetwork_astro/sds/REC
copying build/lib/spacedatanetwork_astro/sds/REC/CustomAlgorithm.py -> build/bdist.macosx-26.0-arm64/wheel/./spacedatanetwork_astro/sds/REC
copying build/lib/spacedatanetwork_astro/sds/REC/KRF.py -> build/bdist.macosx-26.0-arm64/wheel/./spacedatanetwork_astro/sds/REC
copying build/lib/spacedatanetwork_astro/sds/REC/CZMPolyline.py -> build/bdist.macosx-26.0-arm64/wheel/./spacedatanetwork_astro/sds/REC
copying build/lib/spacedatanetwork_astro/sds/REC/EVLApsidesConfiguration.py -> build/bdist.macosx-26.0-arm64/wheel/./spacedatanetwork_astro/sds/REC
copying build/lib/spacedatanetwork_astro/sds/REC/recurringChargeMethod.py -> build/bdist.macosx-26.0-arm64/wheel/./spacedatanetwork_astro/sds/REC
copying build/lib/spacedatanetwork_astro/sds/REC/SpatialCoverage.py -> build/bdist.macosx-26.0-arm64/wheel/./spacedatanetwork_astro/sds/REC
copying build/lib/spacedatanetwork_astro/sds/REC/Record.py -> build/bdist.macosx-26.0-arm64/wheel/./spacedatanetwork_astro/sds/REC
copying build/lib/spacedatanetwork_astro/sds/REC/DestructionCause.py -> build/bdist.macosx-26.0-arm64/wheel/./spacedatanetwork_astro/sds/REC
copying build/lib/spacedatanetwork_astro/sds/REC/STF.py -> build/bdist.macosx-26.0-arm64/wheel/./spacedatanetwork_astro/sds/REC
copying build/lib/spacedatanetwork_astro/sds/REC/KMLImagePyramid.py -> build/bdist.macosx-26.0-arm64/wheel/./spacedatanetwork_astro/sds/REC
copying build/lib/spacedatanetwork_astro/sds/REC/RateInStream.py -> build/bdist.macosx-26.0-arm64/wheel/./spacedatanetwork_astro/sds/REC
copying build/lib/spacedatanetwork_astro/sds/REC/CZMLabel.py -> build/bdist.macosx-26.0-arm64/wheel/./spacedatanetwork_astro/sds/REC
copying build/lib/spacedatanetwork_astro/sds/REC/trhTurnaroundMode.py -> build/bdist.macosx-26.0-arm64/wheel/./spacedatanetwork_astro/sds/REC
copying build/lib/spacedatanetwork_astro/sds/REC/CZMBox.py -> build/bdist.macosx-26.0-arm64/wheel/./spacedatanetwork_astro/sds/REC
copying build/lib/spacedatanetwork_astro/sds/REC/LMO.py -> build/bdist.macosx-26.0-arm64/wheel/./spacedatanetwork_astro/sds/REC
copying build/lib/spacedatanetwork_astro/sds/REC/CollisionShape.py -> build/bdist.macosx-26.0-arm64/wheel/./spacedatanetwork_astro/sds/REC
copying build/lib/spacedatanetwork_astro/sds/REC/icnConnectorStatus.py -> build/bdist.macosx-26.0-arm64/wheel/./spacedatanetwork_astro/sds/REC
copying build/lib/spacedatanetwork_astro/sds/REC/SeekerType.py -> build/bdist.macosx-26.0-arm64/wheel/./spacedatanetwork_astro/sds/REC
copying build/lib/spacedatanetwork_astro/sds/REC/MDP.py -> build/bdist.macosx-26.0-arm64/wheel/./spacedatanetwork_astro/sds/REC
copying build/lib/spacedatanetwork_astro/sds/REC/remEvaluationOutcome.py -> build/bdist.macosx-26.0-arm64/wheel/./spacedatanetwork_astro/sds/REC
copying build/lib/spacedatanetwork_astro/sds/REC/APP.py -> build/bdist.macosx-26.0-arm64/wheel/./spacedatanetwork_astro/sds/REC
copying build/lib/spacedatanetwork_astro/sds/REC/OrbitFrameWrapper.py -> build/bdist.macosx-26.0-arm64/wheel/./spacedatanetwork_astro/sds/REC
copying build/lib/spacedatanetwork_astro/sds/REC/dpmTransportKind.py -> build/bdist.macosx-26.0-arm64/wheel/./spacedatanetwork_astro/sds/REC
copying build/lib/spacedatanetwork_astro/sds/REC/wxfGridKind.py -> build/bdist.macosx-26.0-arm64/wheel/./spacedatanetwork_astro/sds/REC
copying build/lib/spacedatanetwork_astro/sds/REC/BinaryParameterType.py -> build/bdist.macosx-26.0-arm64/wheel/./spacedatanetwork_astro/sds/REC
copying build/lib/spacedatanetwork_astro/sds/REC/ACI.py -> build/bdist.macosx-26.0-arm64/wheel/./spacedatanetwork_astro/sds/REC
copying build/lib/spacedatanetwork_astro/sds/REC/irmRangeMode.py -> build/bdist.macosx-26.0-arm64/wheel/./spacedatanetwork_astro/sds/REC
copying build/lib/spacedatanetwork_astro/sds/REC/AlgorithmTrigger.py -> build/bdist.macosx-26.0-arm64/wheel/./spacedatanetwork_astro/sds/REC
copying build/lib/spacedatanetwork_astro/sds/REC/OOT.py -> build/bdist.macosx-26.0-arm64/wheel/./spacedatanetwork_astro/sds/REC
copying build/lib/spacedatanetwork_astro/sds/REC/BaseMetaCommand.py -> build/bdist.macosx-26.0-arm64/wheel/./spacedatanetwork_astro/sds/REC
copying build/lib/spacedatanetwork_astro/sds/REC/CVPReceiverRef.py -> build/bdist.macosx-26.0-arm64/wheel/./spacedatanetwork_astro/sds/REC
copying build/lib/spacedatanetwork_astro/sds/REC/ionoSource.py -> build/bdist.macosx-26.0-arm64/wheel/./spacedatanetwork_astro/sds/REC
copying build/lib/spacedatanetwork_astro/sds/REC/AST.py -> build/bdist.macosx-26.0-arm64/wheel/./spacedatanetwork_astro/sds/REC
copying build/lib/spacedatanetwork_astro/sds/REC/NAV.py -> build/bdist.macosx-26.0-arm64/wheel/./spacedatanetwork_astro/sds/REC
copying build/lib/spacedatanetwork_astro/sds/REC/pceFrameDependency.py -> build/bdist.macosx-26.0-arm64/wheel/./spacedatanetwork_astro/sds/REC
copying build/lib/spacedatanetwork_astro/sds/REC/SHWCompileRequest.py -> build/bdist.macosx-26.0-arm64/wheel/./spacedatanetwork_astro/sds/REC
copying build/lib/spacedatanetwork_astro/sds/REC/CLT.py -> build/bdist.macosx-26.0-arm64/wheel/./spacedatanetwork_astro/sds/REC
copying build/lib/spacedatanetwork_astro/sds/REC/CMT.py -> build/bdist.macosx-26.0-arm64/wheel/./spacedatanetwork_astro/sds/REC
copying build/lib/spacedatanetwork_astro/sds/REC/APPDataflow.py -> build/bdist.macosx-26.0-arm64/wheel/./spacedatanetwork_astro/sds/REC
copying build/lib/spacedatanetwork_astro/sds/REC/PCEStopReport.py -> build/bdist.macosx-26.0-arm64/wheel/./spacedatanetwork_astro/sds/REC
copying build/lib/spacedatanetwork_astro/sds/REC/CZMEllipse.py -> build/bdist.macosx-26.0-arm64/wheel/./spacedatanetwork_astro/sds/REC
copying build/lib/spacedatanetwork_astro/sds/REC/hostCapabilityKind.py -> build/bdist.macosx-26.0-arm64/wheel/./spacedatanetwork_astro/sds/REC
copying build/lib/spacedatanetwork_astro/sds/REC/OrbitalRegime.py -> build/bdist.macosx-26.0-arm64/wheel/./spacedatanetwork_astro/sds/REC
copying build/lib/spacedatanetwork_astro/sds/REC/tctTrackKind.py -> build/bdist.macosx-26.0-arm64/wheel/./spacedatanetwork_astro/sds/REC
copying build/lib/spacedatanetwork_astro/sds/REC/EVLNodeCrossingConfiguration.py -> build/bdist.macosx-26.0-arm64/wheel/./spacedatanetwork_astro/sds/REC
copying build/lib/spacedatanetwork_astro/sds/REC/CZMOrientation.py -> build/bdist.macosx-26.0-arm64/wheel/./spacedatanetwork_astro/sds/REC
copying build/lib/spacedatanetwork_astro/sds/REC/ACWBlackoutWindow.py -> build/bdist.macosx-26.0-arm64/wheel/./spacedatanetwork_astro/sds/REC
copying build/lib/spacedatanetwork_astro/sds/REC/CNPMetric.py -> build/bdist.macosx-26.0-arm64/wheel/./spacedatanetwork_astro/sds/REC
copying build/lib/spacedatanetwork_astro/sds/REC/pcePropagationDirection.py -> build/bdist.macosx-26.0-arm64/wheel/./spacedatanetwork_astro/sds/REC
copying build/lib/spacedatanetwork_astro/sds/REC/ACIDataVolumeByModCod.py -> build/bdist.macosx-26.0-arm64/wheel/./spacedatanetwork_astro/sds/REC
copying build/lib/spacedatanetwork_astro/sds/REC/fieldStreamRevocationCategory.py -> build/bdist.macosx-26.0-arm64/wheel/./spacedatanetwork_astro/sds/REC
copying build/lib/spacedatanetwork_astro/sds/REC/KMLTimeStamp.py -> build/bdist.macosx-26.0-arm64/wheel/./spacedatanetwork_astro/sds/REC
copying build/lib/spacedatanetwork_astro/sds/REC/driftRecord.py -> build/bdist.macosx-26.0-arm64/wheel/./spacedatanetwork_astro/sds/REC
copying build/lib/spacedatanetwork_astro/sds/REC/rsdWaveformClass.py -> build/bdist.macosx-26.0-arm64/wheel/./spacedatanetwork_astro/sds/REC
copying build/lib/spacedatanetwork_astro/sds/REC/OOL.py -> build/bdist.macosx-26.0-arm64/wheel/./spacedatanetwork_astro/sds/REC
copying build/lib/spacedatanetwork_astro/sds/REC/CNP.py -> build/bdist.macosx-26.0-arm64/wheel/./spacedatanetwork_astro/sds/REC
copying build/lib/spacedatanetwork_astro/sds/REC/pduKind.py -> build/bdist.macosx-26.0-arm64/wheel/./spacedatanetwork_astro/sds/REC
copying build/lib/spacedatanetwork_astro/sds/REC/PRRMetadataEntry.py -> build/bdist.macosx-26.0-arm64/wheel/./spacedatanetwork_astro/sds/REC
copying build/lib/spacedatanetwork_astro/sds/REC/shcTideSystem.py -> build/bdist.macosx-26.0-arm64/wheel/./spacedatanetwork_astro/sds/REC
copying build/lib/spacedatanetwork_astro/sds/REC/missileStatus.py -> build/bdist.macosx-26.0-arm64/wheel/./spacedatanetwork_astro/sds/REC
copying build/lib/spacedatanetwork_astro/sds/REC/publicationState.py -> build/bdist.macosx-26.0-arm64/wheel/./spacedatanetwork_astro/sds/REC
copying build/lib/spacedatanetwork_astro/sds/REC/cnpPeriod.py -> build/bdist.macosx-26.0-arm64/wheel/./spacedatanetwork_astro/sds/REC
copying build/lib/spacedatanetwork_astro/sds/REC/RelativeTimeParameterType.py -> build/bdist.macosx-26.0-arm64/wheel/./spacedatanetwork_astro/sds/REC
copying build/lib/spacedatanetwork_astro/sds/REC/payloadWireFormat.py -> build/bdist.macosx-26.0-arm64/wheel/./spacedatanetwork_astro/sds/REC
copying build/lib/spacedatanetwork_astro/sds/REC/NUMVectorDiscretizeResult.py -> build/bdist.macosx-26.0-arm64/wheel/./spacedatanetwork_astro/sds/REC
copying build/lib/spacedatanetwork_astro/sds/REC/rfsAnalyticShape.py -> build/bdist.macosx-26.0-arm64/wheel/./spacedatanetwork_astro/sds/REC
copying build/lib/spacedatanetwork_astro/sds/REC/FRMFrameTransformRequest.py -> build/bdist.macosx-26.0-arm64/wheel/./spacedatanetwork_astro/sds/REC
copying build/lib/spacedatanetwork_astro/sds/REC/sbmEventType.py -> build/bdist.macosx-26.0-arm64/wheel/./spacedatanetwork_astro/sds/REC
copying build/lib/spacedatanetwork_astro/sds/REC/oppDeterminationMethod.py -> build/bdist.macosx-26.0-arm64/wheel/./spacedatanetwork_astro/sds/REC
copying build/lib/spacedatanetwork_astro/sds/REC/solarRadiationPressureModel.py -> build/bdist.macosx-26.0-arm64/wheel/./spacedatanetwork_astro/sds/REC
copying build/lib/spacedatanetwork_astro/sds/REC/KMLNetworkLinkControl.py -> build/bdist.macosx-26.0-arm64/wheel/./spacedatanetwork_astro/sds/REC
copying build/lib/spacedatanetwork_astro/sds/REC/VCMAtmosphericModelData.py -> build/bdist.macosx-26.0-arm64/wheel/./spacedatanetwork_astro/sds/REC
copying build/lib/spacedatanetwork_astro/sds/REC/GJNFeature.py -> build/bdist.macosx-26.0-arm64/wheel/./spacedatanetwork_astro/sds/REC
copying build/lib/spacedatanetwork_astro/sds/REC/IRMChunk.py -> build/bdist.macosx-26.0-arm64/wheel/./spacedatanetwork_astro/sds/REC
copying build/lib/spacedatanetwork_astro/sds/REC/drainBehavior.py -> build/bdist.macosx-26.0-arm64/wheel/./spacedatanetwork_astro/sds/REC
copying build/lib/spacedatanetwork_astro/sds/REC/GELObservationRef.py -> build/bdist.macosx-26.0-arm64/wheel/./spacedatanetwork_astro/sds/REC
copying build/lib/spacedatanetwork_astro/sds/REC/KDF.py -> build/bdist.macosx-26.0-arm64/wheel/./spacedatanetwork_astro/sds/REC
copying build/lib/spacedatanetwork_astro/sds/REC/pceConditionDirection.py -> build/bdist.macosx-26.0-arm64/wheel/./spacedatanetwork_astro/sds/REC
copying build/lib/spacedatanetwork_astro/sds/REC/numFunctionCode.py -> build/bdist.macosx-26.0-arm64/wheel/./spacedatanetwork_astro/sds/REC
copying build/lib/spacedatanetwork_astro/sds/REC/CommandContainerEntry.py -> build/bdist.macosx-26.0-arm64/wheel/./spacedatanetwork_astro/sds/REC
copying build/lib/spacedatanetwork_astro/sds/REC/SplitRecipient.py -> build/bdist.macosx-26.0-arm64/wheel/./spacedatanetwork_astro/sds/REC
copying build/lib/spacedatanetwork_astro/sds/REC/LPF.py -> build/bdist.macosx-26.0-arm64/wheel/./spacedatanetwork_astro/sds/REC
copying build/lib/spacedatanetwork_astro/sds/REC/MetaCommandSet.py -> build/bdist.macosx-26.0-arm64/wheel/./spacedatanetwork_astro/sds/REC
copying build/lib/spacedatanetwork_astro/sds/REC/BPFPart.py -> build/bdist.macosx-26.0-arm64/wheel/./spacedatanetwork_astro/sds/REC
copying build/lib/spacedatanetwork_astro/sds/REC/PLGProtocolSpec.py -> build/bdist.macosx-26.0-arm64/wheel/./spacedatanetwork_astro/sds/REC
copying build/lib/spacedatanetwork_astro/sds/REC/cnpRegionKind.py -> build/bdist.macosx-26.0-arm64/wheel/./spacedatanetwork_astro/sds/REC
copying build/lib/spacedatanetwork_astro/sds/REC/NCDSP3Header.py -> build/bdist.macosx-26.0-arm64/wheel/./spacedatanetwork_astro/sds/REC
copying build/lib/spacedatanetwork_astro/sds/REC/CZMDistanceDisplayCondition.py -> build/bdist.macosx-26.0-arm64/wheel/./spacedatanetwork_astro/sds/REC
copying build/lib/spacedatanetwork_astro/sds/REC/cesPoolingKind.py -> build/bdist.macosx-26.0-arm64/wheel/./spacedatanetwork_astro/sds/REC
copying build/lib/spacedatanetwork_astro/sds/REC/SDRSingleResult.py -> build/bdist.macosx-26.0-arm64/wheel/./spacedatanetwork_astro/sds/REC
copying build/lib/spacedatanetwork_astro/sds/REC/DragModel.py -> build/bdist.macosx-26.0-arm64/wheel/./spacedatanetwork_astro/sds/REC
copying build/lib/spacedatanetwork_astro/sds/REC/CCTCategory.py -> build/bdist.macosx-26.0-arm64/wheel/./spacedatanetwork_astro/sds/REC
copying build/lib/spacedatanetwork_astro/sds/REC/CZMSolidColorMaterial.py -> build/bdist.macosx-26.0-arm64/wheel/./spacedatanetwork_astro/sds/REC
copying build/lib/spacedatanetwork_astro/sds/REC/StokesParameters.py -> build/bdist.macosx-26.0-arm64/wheel/./spacedatanetwork_astro/sds/REC
copying build/lib/spacedatanetwork_astro/sds/REC/massCategory.py -> build/bdist.macosx-26.0-arm64/wheel/./spacedatanetwork_astro/sds/REC
copying build/lib/spacedatanetwork_astro/sds/REC/launchOutcome.py -> build/bdist.macosx-26.0-arm64/wheel/./spacedatanetwork_astro/sds/REC
copying build/lib/spacedatanetwork_astro/sds/REC/PSSAttestation.py -> build/bdist.macosx-26.0-arm64/wheel/./spacedatanetwork_astro/sds/REC
copying build/lib/spacedatanetwork_astro/sds/REC/CZMEllipsoid.py -> build/bdist.macosx-26.0-arm64/wheel/./spacedatanetwork_astro/sds/REC
copying build/lib/spacedatanetwork_astro/sds/REC/ModuleState.py -> build/bdist.macosx-26.0-arm64/wheel/./spacedatanetwork_astro/sds/REC
copying build/lib/spacedatanetwork_astro/sds/REC/acwRefractionModelKind.py -> build/bdist.macosx-26.0-arm64/wheel/./spacedatanetwork_astro/sds/REC
copying build/lib/spacedatanetwork_astro/sds/REC/KMLModel.py -> build/bdist.macosx-26.0-arm64/wheel/./spacedatanetwork_astro/sds/REC
copying build/lib/spacedatanetwork_astro/sds/REC/qrpStatus.py -> build/bdist.macosx-26.0-arm64/wheel/./spacedatanetwork_astro/sds/REC
copying build/lib/spacedatanetwork_astro/sds/REC/HYP.py -> build/bdist.macosx-26.0-arm64/wheel/./spacedatanetwork_astro/sds/REC
copying build/lib/spacedatanetwork_astro/sds/REC/KMLLink.py -> build/bdist.macosx-26.0-arm64/wheel/./spacedatanetwork_astro/sds/REC
copying build/lib/spacedatanetwork_astro/sds/REC/QRPColumn.py -> build/bdist.macosx-26.0-arm64/wheel/./spacedatanetwork_astro/sds/REC
copying build/lib/spacedatanetwork_astro/sds/REC/CVPEmitterRef.py -> build/bdist.macosx-26.0-arm64/wheel/./spacedatanetwork_astro/sds/REC
copying build/lib/spacedatanetwork_astro/sds/REC/NUMGaussMarkovRequest.py -> build/bdist.macosx-26.0-arm64/wheel/./spacedatanetwork_astro/sds/REC
copying build/lib/spacedatanetwork_astro/sds/REC/SHW.py -> build/bdist.macosx-26.0-arm64/wheel/./spacedatanetwork_astro/sds/REC
copying build/lib/spacedatanetwork_astro/sds/REC/appFlowDirection.py -> build/bdist.macosx-26.0-arm64/wheel/./spacedatanetwork_astro/sds/REC
copying build/lib/spacedatanetwork_astro/sds/REC/KMLPoint.py -> build/bdist.macosx-26.0-arm64/wheel/./spacedatanetwork_astro/sds/REC
copying build/lib/spacedatanetwork_astro/sds/REC/ODRFilterEpoch.py -> build/bdist.macosx-26.0-arm64/wheel/./spacedatanetwork_astro/sds/REC
copying build/lib/spacedatanetwork_astro/sds/REC/KMLCamera.py -> build/bdist.macosx-26.0-arm64/wheel/./spacedatanetwork_astro/sds/REC
copying build/lib/spacedatanetwork_astro/sds/REC/acwOperationCode.py -> build/bdist.macosx-26.0-arm64/wheel/./spacedatanetwork_astro/sds/REC
copying build/lib/spacedatanetwork_astro/sds/REC/rfTransmitterState.py -> build/bdist.macosx-26.0-arm64/wheel/./spacedatanetwork_astro/sds/REC
copying build/lib/spacedatanetwork_astro/sds/REC/lamConstraintStatus.py -> build/bdist.macosx-26.0-arm64/wheel/./spacedatanetwork_astro/sds/REC
copying build/lib/spacedatanetwork_astro/sds/REC/attitudeDataLine.py -> build/bdist.macosx-26.0-arm64/wheel/./spacedatanetwork_astro/sds/REC
copying build/lib/spacedatanetwork_astro/sds/REC/PUR.py -> build/bdist.macosx-26.0-arm64/wheel/./spacedatanetwork_astro/sds/REC
copying build/lib/spacedatanetwork_astro/sds/REC/SNR.py -> build/bdist.macosx-26.0-arm64/wheel/./spacedatanetwork_astro/sds/REC
copying build/lib/spacedatanetwork_astro/sds/REC/gctLevelDerivation.py -> build/bdist.macosx-26.0-arm64/wheel/./spacedatanetwork_astro/sds/REC
copying build/lib/spacedatanetwork_astro/sds/REC/licensingModuleRequestAction.py -> build/bdist.macosx-26.0-arm64/wheel/./spacedatanetwork_astro/sds/REC
copying build/lib/spacedatanetwork_astro/sds/REC/CollectMethod.py -> build/bdist.macosx-26.0-arm64/wheel/./spacedatanetwork_astro/sds/REC
copying build/lib/spacedatanetwork_astro/sds/REC/IQCSegment.py -> build/bdist.macosx-26.0-arm64/wheel/./spacedatanetwork_astro/sds/REC
copying build/lib/spacedatanetwork_astro/sds/REC/SCM.py -> build/bdist.macosx-26.0-arm64/wheel/./spacedatanetwork_astro/sds/REC
copying build/lib/spacedatanetwork_astro/sds/REC/wxfVariable.py -> build/bdist.macosx-26.0-arm64/wheel/./spacedatanetwork_astro/sds/REC
copying build/lib/spacedatanetwork_astro/sds/REC/SBM.py -> build/bdist.macosx-26.0-arm64/wheel/./spacedatanetwork_astro/sds/REC
copying build/lib/spacedatanetwork_astro/sds/REC/RFM.py -> build/bdist.macosx-26.0-arm64/wheel/./spacedatanetwork_astro/sds/REC
copying build/lib/spacedatanetwork_astro/sds/REC/GCT.py -> build/bdist.macosx-26.0-arm64/wheel/./spacedatanetwork_astro/sds/REC
copying build/lib/spacedatanetwork_astro/sds/REC/avlVerticalDatum.py -> build/bdist.macosx-26.0-arm64/wheel/./spacedatanetwork_astro/sds/REC
copying build/lib/spacedatanetwork_astro/sds/REC/VAMVariant.py -> build/bdist.macosx-26.0-arm64/wheel/./spacedatanetwork_astro/sds/REC
copying build/lib/spacedatanetwork_astro/sds/REC/BinaryArgumentType.py -> build/bdist.macosx-26.0-arm64/wheel/./spacedatanetwork_astro/sds/REC
copying build/lib/spacedatanetwork_astro/sds/REC/PCEParameterRef.py -> build/bdist.macosx-26.0-arm64/wheel/./spacedatanetwork_astro/sds/REC
copying build/lib/spacedatanetwork_astro/sds/REC/PNM.py -> build/bdist.macosx-26.0-arm64/wheel/./spacedatanetwork_astro/sds/REC
copying build/lib/spacedatanetwork_astro/sds/REC/DataType.py -> build/bdist.macosx-26.0-arm64/wheel/./spacedatanetwork_astro/sds/REC
copying build/lib/spacedatanetwork_astro/sds/REC/vcfPhotoPolicy.py -> build/bdist.macosx-26.0-arm64/wheel/./spacedatanetwork_astro/sds/REC
copying build/lib/spacedatanetwork_astro/sds/REC/RFMOrigin.py -> build/bdist.macosx-26.0-arm64/wheel/./spacedatanetwork_astro/sds/REC
copying build/lib/spacedatanetwork_astro/sds/REC/BPFRuntimeLock.py -> build/bdist.macosx-26.0-arm64/wheel/./spacedatanetwork_astro/sds/REC
copying build/lib/spacedatanetwork_astro/sds/REC/evlAberrationCorrection.py -> build/bdist.macosx-26.0-arm64/wheel/./spacedatanetwork_astro/sds/REC
copying build/lib/spacedatanetwork_astro/sds/REC/odMethod.py -> build/bdist.macosx-26.0-arm64/wheel/./spacedatanetwork_astro/sds/REC
copying build/lib/spacedatanetwork_astro/sds/REC/GVH.py -> build/bdist.macosx-26.0-arm64/wheel/./spacedatanetwork_astro/sds/REC
copying build/lib/spacedatanetwork_astro/sds/REC/GDI.py -> build/bdist.macosx-26.0-arm64/wheel/./spacedatanetwork_astro/sds/REC
copying build/lib/spacedatanetwork_astro/sds/REC/visualAssetReviewerRole.py -> build/bdist.macosx-26.0-arm64/wheel/./spacedatanetwork_astro/sds/REC
copying build/lib/spacedatanetwork_astro/sds/REC/KMLStyleMapPair.py -> build/bdist.macosx-26.0-arm64/wheel/./spacedatanetwork_astro/sds/REC
copying build/lib/spacedatanetwork_astro/sds/REC/FSP.py -> build/bdist.macosx-26.0-arm64/wheel/./spacedatanetwork_astro/sds/REC
copying build/lib/spacedatanetwork_astro/sds/REC/FPCShortestPathRequest.py -> build/bdist.macosx-26.0-arm64/wheel/./spacedatanetwork_astro/sds/REC
copying build/lib/spacedatanetwork_astro/sds/REC/BSPInterpolationRequest.py -> build/bdist.macosx-26.0-arm64/wheel/./spacedatanetwork_astro/sds/REC
copying build/lib/spacedatanetwork_astro/sds/REC/PRW.py -> build/bdist.macosx-26.0-arm64/wheel/./spacedatanetwork_astro/sds/REC
copying build/lib/spacedatanetwork_astro/sds/REC/dssSyncState.py -> build/bdist.macosx-26.0-arm64/wheel/./spacedatanetwork_astro/sds/REC
copying build/lib/spacedatanetwork_astro/sds/REC/listingCategory.py -> build/bdist.macosx-26.0-arm64/wheel/./spacedatanetwork_astro/sds/REC
copying build/lib/spacedatanetwork_astro/sds/REC/ESMFunction.py -> build/bdist.macosx-26.0-arm64/wheel/./spacedatanetwork_astro/sds/REC
copying build/lib/spacedatanetwork_astro/sds/REC/ICN.py -> build/bdist.macosx-26.0-arm64/wheel/./spacedatanetwork_astro/sds/REC
copying build/lib/spacedatanetwork_astro/sds/REC/keyReferenceAlgorithm.py -> build/bdist.macosx-26.0-arm64/wheel/./spacedatanetwork_astro/sds/REC
copying build/lib/spacedatanetwork_astro/sds/REC/geopotentialSource.py -> build/bdist.macosx-26.0-arm64/wheel/./spacedatanetwork_astro/sds/REC
copying build/lib/spacedatanetwork_astro/sds/REC/SHWUniform.py -> build/bdist.macosx-26.0-arm64/wheel/./spacedatanetwork_astro/sds/REC
copying build/lib/spacedatanetwork_astro/sds/REC/eopSeries.py -> build/bdist.macosx-26.0-arm64/wheel/./spacedatanetwork_astro/sds/REC
copying build/lib/spacedatanetwork_astro/sds/REC/STAGE.py -> build/bdist.macosx-26.0-arm64/wheel/./spacedatanetwork_astro/sds/REC
copying build/lib/spacedatanetwork_astro/sds/REC/ContainerSet.py -> build/bdist.macosx-26.0-arm64/wheel/./spacedatanetwork_astro/sds/REC
copying build/lib/spacedatanetwork_astro/sds/REC/CZMVerticalOrigin.py -> build/bdist.macosx-26.0-arm64/wheel/./spacedatanetwork_astro/sds/REC
copying build/lib/spacedatanetwork_astro/sds/REC/settlementMechanism.py -> build/bdist.macosx-26.0-arm64/wheel/./spacedatanetwork_astro/sds/REC
copying build/lib/spacedatanetwork_astro/sds/REC/numOperationCode.py -> build/bdist.macosx-26.0-arm64/wheel/./spacedatanetwork_astro/sds/REC
copying build/lib/spacedatanetwork_astro/sds/REC/SCVCoverageRequest.py -> build/bdist.macosx-26.0-arm64/wheel/./spacedatanetwork_astro/sds/REC
copying build/lib/spacedatanetwork_astro/sds/REC/MDSCandidate.py -> build/bdist.macosx-26.0-arm64/wheel/./spacedatanetwork_astro/sds/REC
copying build/lib/spacedatanetwork_astro/sds/REC/AlgorithmSet.py -> build/bdist.macosx-26.0-arm64/wheel/./spacedatanetwork_astro/sds/REC
copying build/lib/spacedatanetwork_astro/sds/REC/RFMUnion.py -> build/bdist.macosx-26.0-arm64/wheel/./spacedatanetwork_astro/sds/REC
copying build/lib/spacedatanetwork_astro/sds/REC/PCEEvaluationContext.py -> build/bdist.macosx-26.0-arm64/wheel/./spacedatanetwork_astro/sds/REC
copying build/lib/spacedatanetwork_astro/sds/REC/polynomialBasisType.py -> build/bdist.macosx-26.0-arm64/wheel/./spacedatanetwork_astro/sds/REC
copying build/lib/spacedatanetwork_astro/sds/REC/hfcFlowRegime.py -> build/bdist.macosx-26.0-arm64/wheel/./spacedatanetwork_astro/sds/REC
copying build/lib/spacedatanetwork_astro/sds/REC/GCTDistanceField.py -> build/bdist.macosx-26.0-arm64/wheel/./spacedatanetwork_astro/sds/REC
copying build/lib/spacedatanetwork_astro/sds/REC/irBand.py -> build/bdist.macosx-26.0-arm64/wheel/./spacedatanetwork_astro/sds/REC
copying build/lib/spacedatanetwork_astro/sds/REC/assetCatalogTab.py -> build/bdist.macosx-26.0-arm64/wheel/./spacedatanetwork_astro/sds/REC
copying build/lib/spacedatanetwork_astro/sds/REC/encryptionType.py -> build/bdist.macosx-26.0-arm64/wheel/./spacedatanetwork_astro/sds/REC
copying build/lib/spacedatanetwork_astro/sds/REC/slpConstraintRelation.py -> build/bdist.macosx-26.0-arm64/wheel/./spacedatanetwork_astro/sds/REC
copying build/lib/spacedatanetwork_astro/sds/REC/vcfAliasKind.py -> build/bdist.macosx-26.0-arm64/wheel/./spacedatanetwork_astro/sds/REC
copying build/lib/spacedatanetwork_astro/sds/REC/RFMCoordinateSystemWrapper.py -> build/bdist.macosx-26.0-arm64/wheel/./spacedatanetwork_astro/sds/REC
copying build/lib/spacedatanetwork_astro/sds/REC/tctTrackOrigin.py -> build/bdist.macosx-26.0-arm64/wheel/./spacedatanetwork_astro/sds/REC
copying build/lib/spacedatanetwork_astro/sds/REC/CZMClassificationType.py -> build/bdist.macosx-26.0-arm64/wheel/./spacedatanetwork_astro/sds/REC
copying build/lib/spacedatanetwork_astro/sds/REC/OPPAssetRef.py -> build/bdist.macosx-26.0-arm64/wheel/./spacedatanetwork_astro/sds/REC
copying build/lib/spacedatanetwork_astro/sds/REC/KMLStyleMap.py -> build/bdist.macosx-26.0-arm64/wheel/./spacedatanetwork_astro/sds/REC
copying build/lib/spacedatanetwork_astro/sds/REC/LocationInContainer.py -> build/bdist.macosx-26.0-arm64/wheel/./spacedatanetwork_astro/sds/REC
copying build/lib/spacedatanetwork_astro/sds/REC/ArrayParameterRefEntry.py -> build/bdist.macosx-26.0-arm64/wheel/./spacedatanetwork_astro/sds/REC
copying build/lib/spacedatanetwork_astro/sds/REC/MissileType.py -> build/bdist.macosx-26.0-arm64/wheel/./spacedatanetwork_astro/sds/REC
copying build/lib/spacedatanetwork_astro/sds/REC/SCVPackedGeometryChunk.py -> build/bdist.macosx-26.0-arm64/wheel/./spacedatanetwork_astro/sds/REC
copying build/lib/spacedatanetwork_astro/sds/REC/GJNPosition.py -> build/bdist.macosx-26.0-arm64/wheel/./spacedatanetwork_astro/sds/REC
copying build/lib/spacedatanetwork_astro/sds/REC/TAB.py -> build/bdist.macosx-26.0-arm64/wheel/./spacedatanetwork_astro/sds/REC
copying build/lib/spacedatanetwork_astro/sds/REC/SeaState.py -> build/bdist.macosx-26.0-arm64/wheel/./spacedatanetwork_astro/sds/REC
copying build/lib/spacedatanetwork_astro/sds/REC/RepeatEntry.py -> build/bdist.macosx-26.0-arm64/wheel/./spacedatanetwork_astro/sds/REC
copying build/lib/spacedatanetwork_astro/sds/REC/agrKind.py -> build/bdist.macosx-26.0-arm64/wheel/./spacedatanetwork_astro/sds/REC
copying build/lib/spacedatanetwork_astro/sds/REC/PRWTleLines.py -> build/bdist.macosx-26.0-arm64/wheel/./spacedatanetwork_astro/sds/REC
copying build/lib/spacedatanetwork_astro/sds/REC/LND.py -> build/bdist.macosx-26.0-arm64/wheel/./spacedatanetwork_astro/sds/REC
copying build/lib/spacedatanetwork_astro/sds/REC/rfmAxisType.py -> build/bdist.macosx-26.0-arm64/wheel/./spacedatanetwork_astro/sds/REC
copying build/lib/spacedatanetwork_astro/sds/REC/KMLDisplayMode.py -> build/bdist.macosx-26.0-arm64/wheel/./spacedatanetwork_astro/sds/REC
copying build/lib/spacedatanetwork_astro/sds/REC/OBD.py -> build/bdist.macosx-26.0-arm64/wheel/./spacedatanetwork_astro/sds/REC
copying build/lib/spacedatanetwork_astro/sds/REC/ReferenceLocationType.py -> build/bdist.macosx-26.0-arm64/wheel/./spacedatanetwork_astro/sds/REC
copying build/lib/spacedatanetwork_astro/sds/REC/BusStabilizationType.py -> build/bdist.macosx-26.0-arm64/wheel/./spacedatanetwork_astro/sds/REC
copying build/lib/spacedatanetwork_astro/sds/REC/slpProblemKind.py -> build/bdist.macosx-26.0-arm64/wheel/./spacedatanetwork_astro/sds/REC
copying build/lib/spacedatanetwork_astro/sds/REC/CZMStripeOrientation.py -> build/bdist.macosx-26.0-arm64/wheel/./spacedatanetwork_astro/sds/REC
copying build/lib/spacedatanetwork_astro/sds/REC/slpSolveStatus.py -> build/bdist.macosx-26.0-arm64/wheel/./spacedatanetwork_astro/sds/REC
copying build/lib/spacedatanetwork_astro/sds/REC/FPCGraphDefinition.py -> build/bdist.macosx-26.0-arm64/wheel/./spacedatanetwork_astro/sds/REC
copying build/lib/spacedatanetwork_astro/sds/REC/timCcsdsTimeCodeKind.py -> build/bdist.macosx-26.0-arm64/wheel/./spacedatanetwork_astro/sds/REC
copying build/lib/spacedatanetwork_astro/sds/REC/pivStatus.py -> build/bdist.macosx-26.0-arm64/wheel/./spacedatanetwork_astro/sds/REC
copying build/lib/spacedatanetwork_astro/sds/REC/timEpochRepresentation.py -> build/bdist.macosx-26.0-arm64/wheel/./spacedatanetwork_astro/sds/REC
copying build/lib/spacedatanetwork_astro/sds/REC/SCNSunAdvantageTarget.py -> build/bdist.macosx-26.0-arm64/wheel/./spacedatanetwork_astro/sds/REC
copying build/lib/spacedatanetwork_astro/sds/REC/PolarizationType.py -> build/bdist.macosx-26.0-arm64/wheel/./spacedatanetwork_astro/sds/REC
copying build/lib/spacedatanetwork_astro/sds/REC/TME.py -> build/bdist.macosx-26.0-arm64/wheel/./spacedatanetwork_astro/sds/REC
copying build/lib/spacedatanetwork_astro/sds/REC/KMLSimpleField.py -> build/bdist.macosx-26.0-arm64/wheel/./spacedatanetwork_astro/sds/REC
copying build/lib/spacedatanetwork_astro/sds/REC/EWR.py -> build/bdist.macosx-26.0-arm64/wheel/./spacedatanetwork_astro/sds/REC
copying build/lib/spacedatanetwork_astro/sds/REC/sarMission.py -> build/bdist.macosx-26.0-arm64/wheel/./spacedatanetwork_astro/sds/REC
copying build/lib/spacedatanetwork_astro/sds/REC/sensorOperationalFlags.py -> build/bdist.macosx-26.0-arm64/wheel/./spacedatanetwork_astro/sds/REC
copying build/lib/spacedatanetwork_astro/sds/REC/AEMSegment.py -> build/bdist.macosx-26.0-arm64/wheel/./spacedatanetwork_astro/sds/REC
copying build/lib/spacedatanetwork_astro/sds/REC/GJN.py -> build/bdist.macosx-26.0-arm64/wheel/./spacedatanetwork_astro/sds/REC
copying build/lib/spacedatanetwork_astro/sds/REC/scvAnalysisMode.py -> build/bdist.macosx-26.0-arm64/wheel/./spacedatanetwork_astro/sds/REC
copying build/lib/spacedatanetwork_astro/sds/REC/KMLItemIcon.py -> build/bdist.macosx-26.0-arm64/wheel/./spacedatanetwork_astro/sds/REC
copying build/lib/spacedatanetwork_astro/sds/REC/frmResultStatus.py -> build/bdist.macosx-26.0-arm64/wheel/./spacedatanetwork_astro/sds/REC
copying build/lib/spacedatanetwork_astro/sds/REC/scenarioActionCode.py -> build/bdist.macosx-26.0-arm64/wheel/./spacedatanetwork_astro/sds/REC
copying build/lib/spacedatanetwork_astro/sds/REC/gstAntennaAxisType.py -> build/bdist.macosx-26.0-arm64/wheel/./spacedatanetwork_astro/sds/REC
copying build/lib/spacedatanetwork_astro/sds/REC/ProviderReputation.py -> build/bdist.macosx-26.0-arm64/wheel/./spacedatanetwork_astro/sds/REC
copying build/lib/spacedatanetwork_astro/sds/REC/NCDScenarioEpochContainer.py -> build/bdist.macosx-26.0-arm64/wheel/./spacedatanetwork_astro/sds/REC
copying build/lib/spacedatanetwork_astro/sds/REC/SCCRequestState.py -> build/bdist.macosx-26.0-arm64/wheel/./spacedatanetwork_astro/sds/REC
copying build/lib/spacedatanetwork_astro/sds/REC/TelemetryMetaData.py -> build/bdist.macosx-26.0-arm64/wheel/./spacedatanetwork_astro/sds/REC
copying build/lib/spacedatanetwork_astro/sds/REC/troughType.py -> build/bdist.macosx-26.0-arm64/wheel/./spacedatanetwork_astro/sds/REC
copying build/lib/spacedatanetwork_astro/sds/REC/SON.py -> build/bdist.macosx-26.0-arm64/wheel/./spacedatanetwork_astro/sds/REC
copying build/lib/spacedatanetwork_astro/sds/REC/visualAssetReviewState.py -> build/bdist.macosx-26.0-arm64/wheel/./spacedatanetwork_astro/sds/REC
copying build/lib/spacedatanetwork_astro/sds/REC/SPP.py -> build/bdist.macosx-26.0-arm64/wheel/./spacedatanetwork_astro/sds/REC
copying build/lib/spacedatanetwork_astro/sds/REC/BooleanExpression.py -> build/bdist.macosx-26.0-arm64/wheel/./spacedatanetwork_astro/sds/REC
copying build/lib/spacedatanetwork_astro/sds/REC/SeekerStatus.py -> build/bdist.macosx-26.0-arm64/wheel/./spacedatanetwork_astro/sds/REC
copying build/lib/spacedatanetwork_astro/sds/REC/keyReferenceRole.py -> build/bdist.macosx-26.0-arm64/wheel/./spacedatanetwork_astro/sds/REC
copying build/lib/spacedatanetwork_astro/sds/REC/ooiPriority.py -> build/bdist.macosx-26.0-arm64/wheel/./spacedatanetwork_astro/sds/REC
copying build/lib/spacedatanetwork_astro/sds/REC/PSS.py -> build/bdist.macosx-26.0-arm64/wheel/./spacedatanetwork_astro/sds/REC
copying build/lib/spacedatanetwork_astro/sds/REC/tfnSurfaceKind.py -> build/bdist.macosx-26.0-arm64/wheel/./spacedatanetwork_astro/sds/REC
copying build/lib/spacedatanetwork_astro/sds/REC/TDMObservation.py -> build/bdist.macosx-26.0-arm64/wheel/./spacedatanetwork_astro/sds/REC
copying build/lib/spacedatanetwork_astro/sds/REC/SDFCylindrical.py -> build/bdist.macosx-26.0-arm64/wheel/./spacedatanetwork_astro/sds/REC
copying build/lib/spacedatanetwork_astro/sds/REC/memIonosphereModel.py -> build/bdist.macosx-26.0-arm64/wheel/./spacedatanetwork_astro/sds/REC
copying build/lib/spacedatanetwork_astro/sds/REC/RDM.py -> build/bdist.macosx-26.0-arm64/wheel/./spacedatanetwork_astro/sds/REC
copying build/lib/spacedatanetwork_astro/sds/REC/dssPinPolicy.py -> build/bdist.macosx-26.0-arm64/wheel/./spacedatanetwork_astro/sds/REC
copying build/lib/spacedatanetwork_astro/sds/REC/DateFormat.py -> build/bdist.macosx-26.0-arm64/wheel/./spacedatanetwork_astro/sds/REC
copying build/lib/spacedatanetwork_astro/sds/REC/REM.py -> build/bdist.macosx-26.0-arm64/wheel/./spacedatanetwork_astro/sds/REC
copying build/lib/spacedatanetwork_astro/sds/REC/odrConvergenceReason.py -> build/bdist.macosx-26.0-arm64/wheel/./spacedatanetwork_astro/sds/REC
copying build/lib/spacedatanetwork_astro/sds/REC/GJNGeometry.py -> build/bdist.macosx-26.0-arm64/wheel/./spacedatanetwork_astro/sds/REC
copying build/lib/spacedatanetwork_astro/sds/REC/appFlowTransport.py -> build/bdist.macosx-26.0-arm64/wheel/./spacedatanetwork_astro/sds/REC
copying build/lib/spacedatanetwork_astro/sds/REC/PMM.py -> build/bdist.macosx-26.0-arm64/wheel/./spacedatanetwork_astro/sds/REC
copying build/lib/spacedatanetwork_astro/sds/REC/SDL.py -> build/bdist.macosx-26.0-arm64/wheel/./spacedatanetwork_astro/sds/REC
copying build/lib/spacedatanetwork_astro/sds/REC/tctIntensityCategory.py -> build/bdist.macosx-26.0-arm64/wheel/./spacedatanetwork_astro/sds/REC
copying build/lib/spacedatanetwork_astro/sds/REC/attMotionType.py -> build/bdist.macosx-26.0-arm64/wheel/./spacedatanetwork_astro/sds/REC
copying build/lib/spacedatanetwork_astro/sds/REC/CZMGridMaterial.py -> build/bdist.macosx-26.0-arm64/wheel/./spacedatanetwork_astro/sds/REC
copying build/lib/spacedatanetwork_astro/sds/REC/scvMetricSeriesKind.py -> build/bdist.macosx-26.0-arm64/wheel/./spacedatanetwork_astro/sds/REC
copying build/lib/spacedatanetwork_astro/sds/REC/DPMQueryBinding.py -> build/bdist.macosx-26.0-arm64/wheel/./spacedatanetwork_astro/sds/REC
copying build/lib/spacedatanetwork_astro/sds/REC/ppeAnomalyType.py -> build/bdist.macosx-26.0-arm64/wheel/./spacedatanetwork_astro/sds/REC
copying build/lib/spacedatanetwork_astro/sds/REC/TRVBondEvidence.py -> build/bdist.macosx-26.0-arm64/wheel/./spacedatanetwork_astro/sds/REC
copying build/lib/spacedatanetwork_astro/sds/REC/KMLFlyToMode.py -> build/bdist.macosx-26.0-arm64/wheel/./spacedatanetwork_astro/sds/REC
copying build/lib/spacedatanetwork_astro/sds/REC/SpacecraftFrame.py -> build/bdist.macosx-26.0-arm64/wheel/./spacedatanetwork_astro/sds/REC
copying build/lib/spacedatanetwork_astro/sds/REC/GNO.py -> build/bdist.macosx-26.0-arm64/wheel/./spacedatanetwork_astro/sds/REC
copying build/lib/spacedatanetwork_astro/sds/REC/NDSSourceStat.py -> build/bdist.macosx-26.0-arm64/wheel/./spacedatanetwork_astro/sds/REC
copying build/lib/spacedatanetwork_astro/sds/REC/entitlementLifecycleStatus.py -> build/bdist.macosx-26.0-arm64/wheel/./spacedatanetwork_astro/sds/REC
copying build/lib/spacedatanetwork_astro/sds/REC/CZMCartographicDegrees.py -> build/bdist.macosx-26.0-arm64/wheel/./spacedatanetwork_astro/sds/REC
copying build/lib/spacedatanetwork_astro/sds/REC/GearState.py -> build/bdist.macosx-26.0-arm64/wheel/./spacedatanetwork_astro/sds/REC
copying build/lib/spacedatanetwork_astro/sds/REC/IRO.py -> build/bdist.macosx-26.0-arm64/wheel/./spacedatanetwork_astro/sds/REC
copying build/lib/spacedatanetwork_astro/sds/REC/beamContour.py -> build/bdist.macosx-26.0-arm64/wheel/./spacedatanetwork_astro/sds/REC
copying build/lib/spacedatanetwork_astro/sds/REC/KMLRefreshMode.py -> build/bdist.macosx-26.0-arm64/wheel/./spacedatanetwork_astro/sds/REC
copying build/lib/spacedatanetwork_astro/sds/REC/shortestPathAlgorithm.py -> build/bdist.macosx-26.0-arm64/wheel/./spacedatanetwork_astro/sds/REC
copying build/lib/spacedatanetwork_astro/sds/REC/VCFProperty.py -> build/bdist.macosx-26.0-arm64/wheel/./spacedatanetwork_astro/sds/REC
copying build/lib/spacedatanetwork_astro/sds/REC/KMLSoundCue.py -> build/bdist.macosx-26.0-arm64/wheel/./spacedatanetwork_astro/sds/REC
copying build/lib/spacedatanetwork_astro/sds/REC/StringEncodingType.py -> build/bdist.macosx-26.0-arm64/wheel/./spacedatanetwork_astro/sds/REC
copying build/lib/spacedatanetwork_astro/sds/REC/APPDataRef.py -> build/bdist.macosx-26.0-arm64/wheel/./spacedatanetwork_astro/sds/REC
copying build/lib/spacedatanetwork_astro/sds/REC/emcResolutionState.py -> build/bdist.macosx-26.0-arm64/wheel/./spacedatanetwork_astro/sds/REC
copying build/lib/spacedatanetwork_astro/sds/REC/FPCCSRGraph.py -> build/bdist.macosx-26.0-arm64/wheel/./spacedatanetwork_astro/sds/REC
copying build/lib/spacedatanetwork_astro/sds/REC/WXF.py -> build/bdist.macosx-26.0-arm64/wheel/./spacedatanetwork_astro/sds/REC
copying build/lib/spacedatanetwork_astro/sds/REC/TCF.py -> build/bdist.macosx-26.0-arm64/wheel/./spacedatanetwork_astro/sds/REC
copying build/lib/spacedatanetwork_astro/sds/REC/RFLObstruction.py -> build/bdist.macosx-26.0-arm64/wheel/./spacedatanetwork_astro/sds/REC
copying build/lib/spacedatanetwork_astro/sds/REC/Parameter.py -> build/bdist.macosx-26.0-arm64/wheel/./spacedatanetwork_astro/sds/REC
copying build/lib/spacedatanetwork_astro/sds/REC/LCC.py -> build/bdist.macosx-26.0-arm64/wheel/./spacedatanetwork_astro/sds/REC
copying build/lib/spacedatanetwork_astro/sds/REC/rflComparison.py -> build/bdist.macosx-26.0-arm64/wheel/./spacedatanetwork_astro/sds/REC
copying build/lib/spacedatanetwork_astro/sds/REC/ionoDataPoint.py -> build/bdist.macosx-26.0-arm64/wheel/./spacedatanetwork_astro/sds/REC
copying build/lib/spacedatanetwork_astro/sds/REC/CZMHeightReference.py -> build/bdist.macosx-26.0-arm64/wheel/./spacedatanetwork_astro/sds/REC
copying build/lib/spacedatanetwork_astro/sds/REC/CustomStream.py -> build/bdist.macosx-26.0-arm64/wheel/./spacedatanetwork_astro/sds/REC
copying build/lib/spacedatanetwork_astro/sds/REC/fieldStreamOperationCategory.py -> build/bdist.macosx-26.0-arm64/wheel/./spacedatanetwork_astro/sds/REC
copying build/lib/spacedatanetwork_astro/sds/REC/RFEEmissionMaskPoint.py -> build/bdist.macosx-26.0-arm64/wheel/./spacedatanetwork_astro/sds/REC
copying build/lib/spacedatanetwork_astro/sds/REC/pceResultStatus.py -> build/bdist.macosx-26.0-arm64/wheel/./spacedatanetwork_astro/sds/REC
copying build/lib/spacedatanetwork_astro/sds/REC/RFMObjectReferencedAxes.py -> build/bdist.macosx-26.0-arm64/wheel/./spacedatanetwork_astro/sds/REC
copying build/lib/spacedatanetwork_astro/sds/REC/cmrMembershipState.py -> build/bdist.macosx-26.0-arm64/wheel/./spacedatanetwork_astro/sds/REC
copying build/lib/spacedatanetwork_astro/sds/REC/MaterialType.py -> build/bdist.macosx-26.0-arm64/wheel/./spacedatanetwork_astro/sds/REC
copying build/lib/spacedatanetwork_astro/sds/REC/ThreatCategory.py -> build/bdist.macosx-26.0-arm64/wheel/./spacedatanetwork_astro/sds/REC
copying build/lib/spacedatanetwork_astro/sds/REC/peerGroupTrustCategory.py -> build/bdist.macosx-26.0-arm64/wheel/./spacedatanetwork_astro/sds/REC
copying build/lib/spacedatanetwork_astro/sds/REC/VAMScale3.py -> build/bdist.macosx-26.0-arm64/wheel/./spacedatanetwork_astro/sds/REC
copying build/lib/spacedatanetwork_astro/sds/REC/CZMClockStep.py -> build/bdist.macosx-26.0-arm64/wheel/./spacedatanetwork_astro/sds/REC
copying build/lib/spacedatanetwork_astro/sds/REC/propagatorErrorCode.py -> build/bdist.macosx-26.0-arm64/wheel/./spacedatanetwork_astro/sds/REC
copying build/lib/spacedatanetwork_astro/sds/REC/SCNEvent.py -> build/bdist.macosx-26.0-arm64/wheel/./spacedatanetwork_astro/sds/REC
copying build/lib/spacedatanetwork_astro/sds/REC/NCD.py -> build/bdist.macosx-26.0-arm64/wheel/./spacedatanetwork_astro/sds/REC
copying build/lib/spacedatanetwork_astro/sds/REC/XTCHeader.py -> build/bdist.macosx-26.0-arm64/wheel/./spacedatanetwork_astro/sds/REC
copying build/lib/spacedatanetwork_astro/sds/REC/LNE.py -> build/bdist.macosx-26.0-arm64/wheel/./spacedatanetwork_astro/sds/REC
copying build/lib/spacedatanetwork_astro/sds/REC/trsPropagationModel.py -> build/bdist.macosx-26.0-arm64/wheel/./spacedatanetwork_astro/sds/REC
copying build/lib/spacedatanetwork_astro/sds/REC/SCVSensorShapeContract.py -> build/bdist.macosx-26.0-arm64/wheel/./spacedatanetwork_astro/sds/REC
copying build/lib/spacedatanetwork_astro/sds/REC/CrewState.py -> build/bdist.macosx-26.0-arm64/wheel/./spacedatanetwork_astro/sds/REC
copying build/lib/spacedatanetwork_astro/sds/REC/KMLGroundOverlay.py -> build/bdist.macosx-26.0-arm64/wheel/./spacedatanetwork_astro/sds/REC
copying build/lib/spacedatanetwork_astro/sds/REC/ClockType.py -> build/bdist.macosx-26.0-arm64/wheel/./spacedatanetwork_astro/sds/REC
copying build/lib/spacedatanetwork_astro/sds/REC/PLGTimerSpec.py -> build/bdist.macosx-26.0-arm64/wheel/./spacedatanetwork_astro/sds/REC
copying build/lib/spacedatanetwork_astro/sds/REC/MEMAttestation.py -> build/bdist.macosx-26.0-arm64/wheel/./spacedatanetwork_astro/sds/REC
copying build/lib/spacedatanetwork_astro/sds/REC/estimatorCategory.py -> build/bdist.macosx-26.0-arm64/wheel/./spacedatanetwork_astro/sds/REC
copying build/lib/spacedatanetwork_astro/sds/REC/dttPayloadFormat.py -> build/bdist.macosx-26.0-arm64/wheel/./spacedatanetwork_astro/sds/REC
copying build/lib/spacedatanetwork_astro/sds/REC/AggregateArgumentType.py -> build/bdist.macosx-26.0-arm64/wheel/./spacedatanetwork_astro/sds/REC
copying build/lib/spacedatanetwork_astro/sds/REC/licensingGrantMessageType.py -> build/bdist.macosx-26.0-arm64/wheel/./spacedatanetwork_astro/sds/REC
copying build/lib/spacedatanetwork_astro/sds/REC/CVPUncertainty.py -> build/bdist.macosx-26.0-arm64/wheel/./spacedatanetwork_astro/sds/REC
copying build/lib/spacedatanetwork_astro/sds/REC/epfLimitCategory.py -> build/bdist.macosx-26.0-arm64/wheel/./spacedatanetwork_astro/sds/REC
copying build/lib/spacedatanetwork_astro/sds/REC/DSS.py -> build/bdist.macosx-26.0-arm64/wheel/./spacedatanetwork_astro/sds/REC
copying build/lib/spacedatanetwork_astro/sds/REC/SCVTargetStateSample.py -> build/bdist.macosx-26.0-arm64/wheel/./spacedatanetwork_astro/sds/REC
copying build/lib/spacedatanetwork_astro/sds/REC/WeatherCondition.py -> build/bdist.macosx-26.0-arm64/wheel/./spacedatanetwork_astro/sds/REC
copying build/lib/spacedatanetwork_astro/sds/REC/GEL.py -> build/bdist.macosx-26.0-arm64/wheel/./spacedatanetwork_astro/sds/REC
copying build/lib/spacedatanetwork_astro/sds/REC/ACWGroundStation.py -> build/bdist.macosx-26.0-arm64/wheel/./spacedatanetwork_astro/sds/REC
copying build/lib/spacedatanetwork_astro/sds/REC/keplerianElements.py -> build/bdist.macosx-26.0-arm64/wheel/./spacedatanetwork_astro/sds/REC
copying build/lib/spacedatanetwork_astro/sds/REC/FSM.py -> build/bdist.macosx-26.0-arm64/wheel/./spacedatanetwork_astro/sds/REC
copying build/lib/spacedatanetwork_astro/sds/REC/detectionResultFlags.py -> build/bdist.macosx-26.0-arm64/wheel/./spacedatanetwork_astro/sds/REC
copying build/lib/spacedatanetwork_astro/sds/REC/cesSimilarityKind.py -> build/bdist.macosx-26.0-arm64/wheel/./spacedatanetwork_astro/sds/REC
copying build/lib/spacedatanetwork_astro/sds/REC/reentryReason.py -> build/bdist.macosx-26.0-arm64/wheel/./spacedatanetwork_astro/sds/REC
copying build/lib/spacedatanetwork_astro/sds/REC/EOP.py -> build/bdist.macosx-26.0-arm64/wheel/./spacedatanetwork_astro/sds/REC
copying build/lib/spacedatanetwork_astro/sds/REC/SNW.py -> build/bdist.macosx-26.0-arm64/wheel/./spacedatanetwork_astro/sds/REC
copying build/lib/spacedatanetwork_astro/sds/REC/IQCHardware.py -> build/bdist.macosx-26.0-arm64/wheel/./spacedatanetwork_astro/sds/REC
copying build/lib/spacedatanetwork_astro/sds/REC/cmrEvidenceRole.py -> build/bdist.macosx-26.0-arm64/wheel/./spacedatanetwork_astro/sds/REC
copying build/lib/spacedatanetwork_astro/sds/REC/PRWBatchRequest.py -> build/bdist.macosx-26.0-arm64/wheel/./spacedatanetwork_astro/sds/REC
copying build/lib/spacedatanetwork_astro/sds/REC/ACWAccessWindow.py -> build/bdist.macosx-26.0-arm64/wheel/./spacedatanetwork_astro/sds/REC
copying build/lib/spacedatanetwork_astro/sds/REC/pmmTrustTier.py -> build/bdist.macosx-26.0-arm64/wheel/./spacedatanetwork_astro/sds/REC
copying build/lib/spacedatanetwork_astro/sds/REC/GST.py -> build/bdist.macosx-26.0-arm64/wheel/./spacedatanetwork_astro/sds/REC
copying build/lib/spacedatanetwork_astro/sds/REC/EnumeratedParameterType.py -> build/bdist.macosx-26.0-arm64/wheel/./spacedatanetwork_astro/sds/REC
copying build/lib/spacedatanetwork_astro/sds/REC/PRR.py -> build/bdist.macosx-26.0-arm64/wheel/./spacedatanetwork_astro/sds/REC
copying build/lib/spacedatanetwork_astro/sds/REC/SDFRectangular.py -> build/bdist.macosx-26.0-arm64/wheel/./spacedatanetwork_astro/sds/REC
copying build/lib/spacedatanetwork_astro/sds/REC/FPCPathRequest.py -> build/bdist.macosx-26.0-arm64/wheel/./spacedatanetwork_astro/sds/REC
copying build/lib/spacedatanetwork_astro/sds/REC/FloatArgumentType.py -> build/bdist.macosx-26.0-arm64/wheel/./spacedatanetwork_astro/sds/REC
copying build/lib/spacedatanetwork_astro/sds/REC/catalogQueryKind.py -> build/bdist.macosx-26.0-arm64/wheel/./spacedatanetwork_astro/sds/REC
copying build/lib/spacedatanetwork_astro/sds/REC/EnumerationValue.py -> build/bdist.macosx-26.0-arm64/wheel/./spacedatanetwork_astro/sds/REC
copying build/lib/spacedatanetwork_astro/sds/REC/GPXTrack.py -> build/bdist.macosx-26.0-arm64/wheel/./spacedatanetwork_astro/sds/REC
copying build/lib/spacedatanetwork_astro/sds/REC/attCovariance.py -> build/bdist.macosx-26.0-arm64/wheel/./spacedatanetwork_astro/sds/REC
copying build/lib/spacedatanetwork_astro/sds/REC/CZMDynValueType.py -> build/bdist.macosx-26.0-arm64/wheel/./spacedatanetwork_astro/sds/REC
copying build/lib/spacedatanetwork_astro/sds/REC/sbmFragment.py -> build/bdist.macosx-26.0-arm64/wheel/./spacedatanetwork_astro/sds/REC
copying build/lib/spacedatanetwork_astro/sds/REC/stxContentClass.py -> build/bdist.macosx-26.0-arm64/wheel/./spacedatanetwork_astro/sds/REC
copying build/lib/spacedatanetwork_astro/sds/REC/fieldStreamAudienceCategory.py -> build/bdist.macosx-26.0-arm64/wheel/./spacedatanetwork_astro/sds/REC
copying build/lib/spacedatanetwork_astro/sds/REC/wxfLicenseClass.py -> build/bdist.macosx-26.0-arm64/wheel/./spacedatanetwork_astro/sds/REC
copying build/lib/spacedatanetwork_astro/sds/REC/scvSensorAxisConvention.py -> build/bdist.macosx-26.0-arm64/wheel/./spacedatanetwork_astro/sds/REC
copying build/lib/spacedatanetwork_astro/sds/REC/rfBandDesignation.py -> build/bdist.macosx-26.0-arm64/wheel/./spacedatanetwork_astro/sds/REC
copying build/lib/spacedatanetwork_astro/sds/REC/IQCPayloadRef.py -> build/bdist.macosx-26.0-arm64/wheel/./spacedatanetwork_astro/sds/REC
copying build/lib/spacedatanetwork_astro/sds/REC/FilterType.py -> build/bdist.macosx-26.0-arm64/wheel/./spacedatanetwork_astro/sds/REC
copying build/lib/spacedatanetwork_astro/sds/REC/slpDifferenceMode.py -> build/bdist.macosx-26.0-arm64/wheel/./spacedatanetwork_astro/sds/REC
copying build/lib/spacedatanetwork_astro/sds/REC/VAMValidation.py -> build/bdist.macosx-26.0-arm64/wheel/./spacedatanetwork_astro/sds/REC
copying build/lib/spacedatanetwork_astro/sds/REC/rfeEmissionPath.py -> build/bdist.macosx-26.0-arm64/wheel/./spacedatanetwork_astro/sds/REC
copying build/lib/spacedatanetwork_astro/sds/REC/PSSProvenance.py -> build/bdist.macosx-26.0-arm64/wheel/./spacedatanetwork_astro/sds/REC
copying build/lib/spacedatanetwork_astro/sds/REC/FRM.py -> build/bdist.macosx-26.0-arm64/wheel/./spacedatanetwork_astro/sds/REC
copying build/lib/spacedatanetwork_astro/sds/REC/PLGFlowEdge.py -> build/bdist.macosx-26.0-arm64/wheel/./spacedatanetwork_astro/sds/REC
copying build/lib/spacedatanetwork_astro/sds/REC/maneuverCharacterization.py -> build/bdist.macosx-26.0-arm64/wheel/./spacedatanetwork_astro/sds/REC
copying build/lib/spacedatanetwork_astro/sds/REC/eventCategory.py -> build/bdist.macosx-26.0-arm64/wheel/./spacedatanetwork_astro/sds/REC
copying build/lib/spacedatanetwork_astro/sds/REC/memTroposphereModel.py -> build/bdist.macosx-26.0-arm64/wheel/./spacedatanetwork_astro/sds/REC
copying build/lib/spacedatanetwork_astro/sds/REC/BMC.py -> build/bdist.macosx-26.0-arm64/wheel/./spacedatanetwork_astro/sds/REC
copying build/lib/spacedatanetwork_astro/sds/REC/soiCalibrationType.py -> build/bdist.macosx-26.0-arm64/wheel/./spacedatanetwork_astro/sds/REC
copying build/lib/spacedatanetwork_astro/sds/REC/sensorMaintenanceEvent.py -> build/bdist.macosx-26.0-arm64/wheel/./spacedatanetwork_astro/sds/REC
copying build/lib/spacedatanetwork_astro/sds/REC/vepRegime.py -> build/bdist.macosx-26.0-arm64/wheel/./spacedatanetwork_astro/sds/REC
copying build/lib/spacedatanetwork_astro/sds/REC/flatSqlNodeStatus.py -> build/bdist.macosx-26.0-arm64/wheel/./spacedatanetwork_astro/sds/REC
copying build/lib/spacedatanetwork_astro/sds/REC/pceDataType.py -> build/bdist.macosx-26.0-arm64/wheel/./spacedatanetwork_astro/sds/REC
copying build/lib/spacedatanetwork_astro/sds/REC/OOB.py -> build/bdist.macosx-26.0-arm64/wheel/./spacedatanetwork_astro/sds/REC
copying build/lib/spacedatanetwork_astro/sds/REC/clmObjectKind.py -> build/bdist.macosx-26.0-arm64/wheel/./spacedatanetwork_astro/sds/REC
copying build/lib/spacedatanetwork_astro/sds/REC/KMLStyleState.py -> build/bdist.macosx-26.0-arm64/wheel/./spacedatanetwork_astro/sds/REC
copying build/lib/spacedatanetwork_astro/sds/REC/RotorType.py -> build/bdist.macosx-26.0-arm64/wheel/./spacedatanetwork_astro/sds/REC
copying build/lib/spacedatanetwork_astro/sds/REC/GravityModelName.py -> build/bdist.macosx-26.0-arm64/wheel/./spacedatanetwork_astro/sds/REC
copying build/lib/spacedatanetwork_astro/sds/REC/NUMScalarInterpolationResult.py -> build/bdist.macosx-26.0-arm64/wheel/./spacedatanetwork_astro/sds/REC
copying build/lib/spacedatanetwork_astro/sds/REC/txsModulationClass.py -> build/bdist.macosx-26.0-arm64/wheel/./spacedatanetwork_astro/sds/REC
copying build/lib/spacedatanetwork_astro/sds/REC/CZMCylinder.py -> build/bdist.macosx-26.0-arm64/wheel/./spacedatanetwork_astro/sds/REC
copying build/lib/spacedatanetwork_astro/sds/REC/NDSSchemaStat.py -> build/bdist.macosx-26.0-arm64/wheel/./spacedatanetwork_astro/sds/REC
copying build/lib/spacedatanetwork_astro/sds/REC/DTTPayloadRef.py -> build/bdist.macosx-26.0-arm64/wheel/./spacedatanetwork_astro/sds/REC
copying build/lib/spacedatanetwork_astro/sds/REC/RFLLink.py -> build/bdist.macosx-26.0-arm64/wheel/./spacedatanetwork_astro/sds/REC
copying build/lib/spacedatanetwork_astro/sds/REC/wxfModelClass.py -> build/bdist.macosx-26.0-arm64/wheel/./spacedatanetwork_astro/sds/REC
copying build/lib/spacedatanetwork_astro/sds/REC/XTC.py -> build/bdist.macosx-26.0-arm64/wheel/./spacedatanetwork_astro/sds/REC
copying build/lib/spacedatanetwork_astro/sds/REC/WKSQuery.py -> build/bdist.macosx-26.0-arm64/wheel/./spacedatanetwork_astro/sds/REC
copying build/lib/spacedatanetwork_astro/sds/REC/PAPElement.py -> build/bdist.macosx-26.0-arm64/wheel/./spacedatanetwork_astro/sds/REC
copying build/lib/spacedatanetwork_astro/sds/REC/dataAvailability.py -> build/bdist.macosx-26.0-arm64/wheel/./spacedatanetwork_astro/sds/REC
copying build/lib/spacedatanetwork_astro/sds/REC/CRD.py -> build/bdist.macosx-26.0-arm64/wheel/./spacedatanetwork_astro/sds/REC
copying build/lib/spacedatanetwork_astro/sds/REC/trajectoryType.py -> build/bdist.macosx-26.0-arm64/wheel/./spacedatanetwork_astro/sds/REC
copying build/lib/spacedatanetwork_astro/sds/REC/flowEdgeRoutePolicy.py -> build/bdist.macosx-26.0-arm64/wheel/./spacedatanetwork_astro/sds/REC
copying build/lib/spacedatanetwork_astro/sds/REC/MathOperation.py -> build/bdist.macosx-26.0-arm64/wheel/./spacedatanetwork_astro/sds/REC
copying build/lib/spacedatanetwork_astro/sds/REC/FluxQualifier.py -> build/bdist.macosx-26.0-arm64/wheel/./spacedatanetwork_astro/sds/REC
copying build/lib/spacedatanetwork_astro/sds/REC/SLPAttestation.py -> build/bdist.macosx-26.0-arm64/wheel/./spacedatanetwork_astro/sds/REC
copying build/lib/spacedatanetwork_astro/sds/REC/PAPNull.py -> build/bdist.macosx-26.0-arm64/wheel/./spacedatanetwork_astro/sds/REC
copying build/lib/spacedatanetwork_astro/sds/REC/PLGFlowEdgeContract.py -> build/bdist.macosx-26.0-arm64/wheel/./spacedatanetwork_astro/sds/REC
copying build/lib/spacedatanetwork_astro/sds/REC/ModuleBundleEntry.py -> build/bdist.macosx-26.0-arm64/wheel/./spacedatanetwork_astro/sds/REC
copying build/lib/spacedatanetwork_astro/sds/REC/CommandVerifier.py -> build/bdist.macosx-26.0-arm64/wheel/./spacedatanetwork_astro/sds/REC
copying build/lib/spacedatanetwork_astro/sds/REC/weightedEdge.py -> build/bdist.macosx-26.0-arm64/wheel/./spacedatanetwork_astro/sds/REC
copying build/lib/spacedatanetwork_astro/sds/REC/frmOperationCode.py -> build/bdist.macosx-26.0-arm64/wheel/./spacedatanetwork_astro/sds/REC
copying build/lib/spacedatanetwork_astro/sds/REC/visualAssetLicenseClass.py -> build/bdist.macosx-26.0-arm64/wheel/./spacedatanetwork_astro/sds/REC
copying build/lib/spacedatanetwork_astro/sds/REC/ProjectilePhase.py -> build/bdist.macosx-26.0-arm64/wheel/./spacedatanetwork_astro/sds/REC
copying build/lib/spacedatanetwork_astro/sds/REC/rfObsType.py -> build/bdist.macosx-26.0-arm64/wheel/./spacedatanetwork_astro/sds/REC
copying build/lib/spacedatanetwork_astro/sds/REC/appRuntimeTarget.py -> build/bdist.macosx-26.0-arm64/wheel/./spacedatanetwork_astro/sds/REC
copying build/lib/spacedatanetwork_astro/sds/REC/IntegerEncodingType.py -> build/bdist.macosx-26.0-arm64/wheel/./spacedatanetwork_astro/sds/REC
copying build/lib/spacedatanetwork_astro/sds/REC/TorpedoGuidanceMode.py -> build/bdist.macosx-26.0-arm64/wheel/./spacedatanetwork_astro/sds/REC
copying build/lib/spacedatanetwork_astro/sds/REC/FPCShortestPathResult.py -> build/bdist.macosx-26.0-arm64/wheel/./spacedatanetwork_astro/sds/REC
copying build/lib/spacedatanetwork_astro/sds/REC/EnumeratedArgumentType.py -> build/bdist.macosx-26.0-arm64/wheel/./spacedatanetwork_astro/sds/REC
copying build/lib/spacedatanetwork_astro/sds/REC/mnvOrbitalState.py -> build/bdist.macosx-26.0-arm64/wheel/./spacedatanetwork_astro/sds/REC
copying build/lib/spacedatanetwork_astro/sds/REC/PSSVariableValue.py -> build/bdist.macosx-26.0-arm64/wheel/./spacedatanetwork_astro/sds/REC
copying build/lib/spacedatanetwork_astro/sds/REC/rfmOriginKind.py -> build/bdist.macosx-26.0-arm64/wheel/./spacedatanetwork_astro/sds/REC
copying build/lib/spacedatanetwork_astro/sds/REC/NDSIngestEvent.py -> build/bdist.macosx-26.0-arm64/wheel/./spacedatanetwork_astro/sds/REC
copying build/lib/spacedatanetwork_astro/sds/REC/Score.py -> build/bdist.macosx-26.0-arm64/wheel/./spacedatanetwork_astro/sds/REC
copying build/lib/spacedatanetwork_astro/sds/REC/RFSFrequencySample.py -> build/bdist.macosx-26.0-arm64/wheel/./spacedatanetwork_astro/sds/REC
copying build/lib/spacedatanetwork_astro/sds/REC/StaticAlarmRanges.py -> build/bdist.macosx-26.0-arm64/wheel/./spacedatanetwork_astro/sds/REC
copying build/lib/spacedatanetwork_astro/sds/REC/licenseCategory.py -> build/bdist.macosx-26.0-arm64/wheel/./spacedatanetwork_astro/sds/REC
copying build/lib/spacedatanetwork_astro/sds/REC/GCTInstance.py -> build/bdist.macosx-26.0-arm64/wheel/./spacedatanetwork_astro/sds/REC
copying build/lib/spacedatanetwork_astro/sds/REC/SDRBatchRequest.py -> build/bdist.macosx-26.0-arm64/wheel/./spacedatanetwork_astro/sds/REC
copying build/lib/spacedatanetwork_astro/sds/REC/TMSModelParameter.py -> build/bdist.macosx-26.0-arm64/wheel/./spacedatanetwork_astro/sds/REC
copying build/lib/spacedatanetwork_astro/sds/REC/GPXRoute.py -> build/bdist.macosx-26.0-arm64/wheel/./spacedatanetwork_astro/sds/REC
copying build/lib/spacedatanetwork_astro/sds/REC/rfeEmissionMaskClass.py -> build/bdist.macosx-26.0-arm64/wheel/./spacedatanetwork_astro/sds/REC
copying build/lib/spacedatanetwork_astro/sds/REC/SNWBatchResponse.py -> build/bdist.macosx-26.0-arm64/wheel/./spacedatanetwork_astro/sds/REC
copying build/lib/spacedatanetwork_astro/sds/REC/EVLIntrusionConfiguration.py -> build/bdist.macosx-26.0-arm64/wheel/./spacedatanetwork_astro/sds/REC
copying build/lib/spacedatanetwork_astro/sds/REC/RevenueSplit.py -> build/bdist.macosx-26.0-arm64/wheel/./spacedatanetwork_astro/sds/REC
copying build/lib/spacedatanetwork_astro/sds/REC/SCVAggregateStatistics.py -> build/bdist.macosx-26.0-arm64/wheel/./spacedatanetwork_astro/sds/REC
copying build/lib/spacedatanetwork_astro/sds/REC/SLPSolverSettings.py -> build/bdist.macosx-26.0-arm64/wheel/./spacedatanetwork_astro/sds/REC
copying build/lib/spacedatanetwork_astro/sds/REC/TXSConsensus.py -> build/bdist.macosx-26.0-arm64/wheel/./spacedatanetwork_astro/sds/REC
copying build/lib/spacedatanetwork_astro/sds/REC/atmosphericSource.py -> build/bdist.macosx-26.0-arm64/wheel/./spacedatanetwork_astro/sds/REC
copying build/lib/spacedatanetwork_astro/sds/REC/iqcCustody.py -> build/bdist.macosx-26.0-arm64/wheel/./spacedatanetwork_astro/sds/REC
copying build/lib/spacedatanetwork_astro/sds/REC/StringSizeType.py -> build/bdist.macosx-26.0-arm64/wheel/./spacedatanetwork_astro/sds/REC
copying build/lib/spacedatanetwork_astro/sds/REC/SRI.py -> build/bdist.macosx-26.0-arm64/wheel/./spacedatanetwork_astro/sds/REC
copying build/lib/spacedatanetwork_astro/sds/REC/sensorPlan.py -> build/bdist.macosx-26.0-arm64/wheel/./spacedatanetwork_astro/sds/REC
copying build/lib/spacedatanetwork_astro/sds/REC/FrequencyRange.py -> build/bdist.macosx-26.0-arm64/wheel/./spacedatanetwork_astro/sds/REC
copying build/lib/spacedatanetwork_astro/sds/REC/SLPVariable.py -> build/bdist.macosx-26.0-arm64/wheel/./spacedatanetwork_astro/sds/REC
copying build/lib/spacedatanetwork_astro/sds/REC/ParameterComparison.py -> build/bdist.macosx-26.0-arm64/wheel/./spacedatanetwork_astro/sds/REC
copying build/lib/spacedatanetwork_astro/sds/REC/PCEStopRequest.py -> build/bdist.macosx-26.0-arm64/wheel/./spacedatanetwork_astro/sds/REC
copying build/lib/spacedatanetwork_astro/sds/REC/NCDCode500Header.py -> build/bdist.macosx-26.0-arm64/wheel/./spacedatanetwork_astro/sds/REC
copying build/lib/spacedatanetwork_astro/sds/REC/KMLMultiTrack.py -> build/bdist.macosx-26.0-arm64/wheel/./spacedatanetwork_astro/sds/REC
copying build/lib/spacedatanetwork_astro/sds/REC/pceUnit.py -> build/bdist.macosx-26.0-arm64/wheel/./spacedatanetwork_astro/sds/REC
copying build/lib/spacedatanetwork_astro/sds/REC/mdpTransferDirection.py -> build/bdist.macosx-26.0-arm64/wheel/./spacedatanetwork_astro/sds/REC
copying build/lib/spacedatanetwork_astro/sds/REC/KMLLinearRing.py -> build/bdist.macosx-26.0-arm64/wheel/./spacedatanetwork_astro/sds/REC
copying build/lib/spacedatanetwork_astro/sds/REC/scvTargetShape.py -> build/bdist.macosx-26.0-arm64/wheel/./spacedatanetwork_astro/sds/REC
copying build/lib/spacedatanetwork_astro/sds/REC/viewerMapMode.py -> build/bdist.macosx-26.0-arm64/wheel/./spacedatanetwork_astro/sds/REC
copying build/lib/spacedatanetwork_astro/sds/REC/ENT.py -> build/bdist.macosx-26.0-arm64/wheel/./spacedatanetwork_astro/sds/REC
copying build/lib/spacedatanetwork_astro/sds/REC/DriveType.py -> build/bdist.macosx-26.0-arm64/wheel/./spacedatanetwork_astro/sds/REC
copying build/lib/spacedatanetwork_astro/sds/REC/TRPPredicate.py -> build/bdist.macosx-26.0-arm64/wheel/./spacedatanetwork_astro/sds/REC
copying build/lib/spacedatanetwork_astro/sds/REC/RFL.py -> build/bdist.macosx-26.0-arm64/wheel/./spacedatanetwork_astro/sds/REC
copying build/lib/spacedatanetwork_astro/sds/REC/PNL.py -> build/bdist.macosx-26.0-arm64/wheel/./spacedatanetwork_astro/sds/REC
copying build/lib/spacedatanetwork_astro/sds/REC/attitudeState.py -> build/bdist.macosx-26.0-arm64/wheel/./spacedatanetwork_astro/sds/REC
copying build/lib/spacedatanetwork_astro/sds/REC/CZMWall.py -> build/bdist.macosx-26.0-arm64/wheel/./spacedatanetwork_astro/sds/REC
copying build/lib/spacedatanetwork_astro/sds/REC/iqcPayloadRole.py -> build/bdist.macosx-26.0-arm64/wheel/./spacedatanetwork_astro/sds/REC
copying build/lib/spacedatanetwork_astro/sds/REC/ephemerisDataBlock.py -> build/bdist.macosx-26.0-arm64/wheel/./spacedatanetwork_astro/sds/REC
copying build/lib/spacedatanetwork_astro/sds/REC/pluginCategory.py -> build/bdist.macosx-26.0-arm64/wheel/./spacedatanetwork_astro/sds/REC
copying build/lib/spacedatanetwork_astro/sds/REC/SCVVec3.py -> build/bdist.macosx-26.0-arm64/wheel/./spacedatanetwork_astro/sds/REC
copying build/lib/spacedatanetwork_astro/sds/REC/wxfMemberKind.py -> build/bdist.macosx-26.0-arm64/wheel/./spacedatanetwork_astro/sds/REC
copying build/lib/spacedatanetwork_astro/sds/REC/IQCAnnotation.py -> build/bdist.macosx-26.0-arm64/wheel/./spacedatanetwork_astro/sds/REC
copying build/lib/spacedatanetwork_astro/sds/REC/orbitObjectType.py -> build/bdist.macosx-26.0-arm64/wheel/./spacedatanetwork_astro/sds/REC
copying build/lib/spacedatanetwork_astro/sds/REC/grantLifecycleStatus.py -> build/bdist.macosx-26.0-arm64/wheel/./spacedatanetwork_astro/sds/REC
copying build/lib/spacedatanetwork_astro/sds/REC/GuidanceLaw.py -> build/bdist.macosx-26.0-arm64/wheel/./spacedatanetwork_astro/sds/REC
copying build/lib/spacedatanetwork_astro/sds/REC/VariableFrameStream.py -> build/bdist.macosx-26.0-arm64/wheel/./spacedatanetwork_astro/sds/REC
copying build/lib/spacedatanetwork_astro/sds/REC/TrackQuality.py -> build/bdist.macosx-26.0-arm64/wheel/./spacedatanetwork_astro/sds/REC
copying build/lib/spacedatanetwork_astro/sds/REC/visualAssetPermissionDecision.py -> build/bdist.macosx-26.0-arm64/wheel/./spacedatanetwork_astro/sds/REC
copying build/lib/spacedatanetwork_astro/sds/REC/RPT.py -> build/bdist.macosx-26.0-arm64/wheel/./spacedatanetwork_astro/sds/REC
copying build/lib/spacedatanetwork_astro/sds/REC/scenarioReferenceKind.py -> build/bdist.macosx-26.0-arm64/wheel/./spacedatanetwork_astro/sds/REC
copying build/lib/spacedatanetwork_astro/sds/REC/vcfCardForm.py -> build/bdist.macosx-26.0-arm64/wheel/./spacedatanetwork_astro/sds/REC
copying build/lib/spacedatanetwork_astro/sds/REC/PMMModuleEntry.py -> build/bdist.macosx-26.0-arm64/wheel/./spacedatanetwork_astro/sds/REC
copying build/lib/spacedatanetwork_astro/sds/REC/FPCWeightedEdgeList.py -> build/bdist.macosx-26.0-arm64/wheel/./spacedatanetwork_astro/sds/REC
copying build/lib/spacedatanetwork_astro/sds/REC/icnPostIngestAction.py -> build/bdist.macosx-26.0-arm64/wheel/./spacedatanetwork_astro/sds/REC
copying build/lib/spacedatanetwork_astro/sds/REC/RFLEndpoint.py -> build/bdist.macosx-26.0-arm64/wheel/./spacedatanetwork_astro/sds/REC
copying build/lib/spacedatanetwork_astro/sds/REC/BPFModule.py -> build/bdist.macosx-26.0-arm64/wheel/./spacedatanetwork_astro/sds/REC
copying build/lib/spacedatanetwork_astro/sds/REC/avlAirspaceClass.py -> build/bdist.macosx-26.0-arm64/wheel/./spacedatanetwork_astro/sds/REC
copying build/lib/spacedatanetwork_astro/sds/REC/iauPrecessionNutationModel.py -> build/bdist.macosx-26.0-arm64/wheel/./spacedatanetwork_astro/sds/REC
copying build/lib/spacedatanetwork_astro/sds/REC/scvCoordinateFrame.py -> build/bdist.macosx-26.0-arm64/wheel/./spacedatanetwork_astro/sds/REC
copying build/lib/spacedatanetwork_astro/sds/REC/CDMObject.py -> build/bdist.macosx-26.0-arm64/wheel/./spacedatanetwork_astro/sds/REC
copying build/lib/spacedatanetwork_astro/sds/REC/KMLShape.py -> build/bdist.macosx-26.0-arm64/wheel/./spacedatanetwork_astro/sds/REC
copying build/lib/spacedatanetwork_astro/sds/REC/pceAvailability.py -> build/bdist.macosx-26.0-arm64/wheel/./spacedatanetwork_astro/sds/REC
copying build/lib/spacedatanetwork_astro/sds/REC/odrProcessNoiseKind.py -> build/bdist.macosx-26.0-arm64/wheel/./spacedatanetwork_astro/sds/REC
copying build/lib/spacedatanetwork_astro/sds/REC/ionoLayer.py -> build/bdist.macosx-26.0-arm64/wheel/./spacedatanetwork_astro/sds/REC
copying build/lib/spacedatanetwork_astro/sds/REC/PIVRequest.py -> build/bdist.macosx-26.0-arm64/wheel/./spacedatanetwork_astro/sds/REC
copying build/lib/spacedatanetwork_astro/sds/REC/stfRetentionPolicy.py -> build/bdist.macosx-26.0-arm64/wheel/./spacedatanetwork_astro/sds/REC
copying build/lib/spacedatanetwork_astro/sds/REC/SCNReference.py -> build/bdist.macosx-26.0-arm64/wheel/./spacedatanetwork_astro/sds/REC
copying build/lib/spacedatanetwork_astro/sds/REC/EMCIntermodulationTerm.py -> build/bdist.macosx-26.0-arm64/wheel/./spacedatanetwork_astro/sds/REC
copying build/lib/spacedatanetwork_astro/sds/REC/KMLLatLonQuad.py -> build/bdist.macosx-26.0-arm64/wheel/./spacedatanetwork_astro/sds/REC
copying build/lib/spacedatanetwork_astro/sds/REC/trsResultStatus.py -> build/bdist.macosx-26.0-arm64/wheel/./spacedatanetwork_astro/sds/REC
copying build/lib/spacedatanetwork_astro/sds/REC/LCF.py -> build/bdist.macosx-26.0-arm64/wheel/./spacedatanetwork_astro/sds/REC
copying build/lib/spacedatanetwork_astro/sds/REC/PNLPanel.py -> build/bdist.macosx-26.0-arm64/wheel/./spacedatanetwork_astro/sds/REC
copying build/lib/spacedatanetwork_astro/sds/REC/ParameterTypeSet.py -> build/bdist.macosx-26.0-arm64/wheel/./spacedatanetwork_astro/sds/REC
creating build/bdist.macosx-26.0-arm64/wheel/spacedatanetwork_astro/sds/FRM
copying build/lib/spacedatanetwork_astro/sds/FRM/FRMVector3.py -> build/bdist.macosx-26.0-arm64/wheel/./spacedatanetwork_astro/sds/FRM
copying build/lib/spacedatanetwork_astro/sds/FRM/rfmLibrationPoint.py -> build/bdist.macosx-26.0-arm64/wheel/./spacedatanetwork_astro/sds/FRM
copying build/lib/spacedatanetwork_astro/sds/FRM/SpacecraftFrameWrapper.py -> build/bdist.macosx-26.0-arm64/wheel/./spacedatanetwork_astro/sds/FRM
copying build/lib/spacedatanetwork_astro/sds/FRM/FRMFrameTransformResult.py -> build/bdist.macosx-26.0-arm64/wheel/./spacedatanetwork_astro/sds/FRM
copying build/lib/spacedatanetwork_astro/sds/FRM/FRMMatrix3.py -> build/bdist.macosx-26.0-arm64/wheel/./spacedatanetwork_astro/sds/FRM
copying build/lib/spacedatanetwork_astro/sds/FRM/FRMStateVector.py -> build/bdist.macosx-26.0-arm64/wheel/./spacedatanetwork_astro/sds/FRM
copying build/lib/spacedatanetwork_astro/sds/FRM/rfmVectorSpecification.py -> build/bdist.macosx-26.0-arm64/wheel/./spacedatanetwork_astro/sds/FRM
copying build/lib/spacedatanetwork_astro/sds/FRM/CustomFrameWrapper.py -> build/bdist.macosx-26.0-arm64/wheel/./spacedatanetwork_astro/sds/FRM
copying build/lib/spacedatanetwork_astro/sds/FRM/RFMLocalAlignedConstrainedAxes.py -> build/bdist.macosx-26.0-arm64/wheel/./spacedatanetwork_astro/sds/FRM
copying build/lib/spacedatanetwork_astro/sds/FRM/CustomFrame.py -> build/bdist.macosx-26.0-arm64/wheel/./spacedatanetwork_astro/sds/FRM
copying build/lib/spacedatanetwork_astro/sds/FRM/CelestialFrameWrapper.py -> build/bdist.macosx-26.0-arm64/wheel/./spacedatanetwork_astro/sds/FRM
copying build/lib/spacedatanetwork_astro/sds/FRM/RFMCoordinateSystem.py -> build/bdist.macosx-26.0-arm64/wheel/./spacedatanetwork_astro/sds/FRM
copying build/lib/spacedatanetwork_astro/sds/FRM/__init__.py -> build/bdist.macosx-26.0-arm64/wheel/./spacedatanetwork_astro/sds/FRM
copying build/lib/spacedatanetwork_astro/sds/FRM/OrbitFrame.py -> build/bdist.macosx-26.0-arm64/wheel/./spacedatanetwork_astro/sds/FRM
copying build/lib/spacedatanetwork_astro/sds/FRM/CelestialFrame.py -> build/bdist.macosx-26.0-arm64/wheel/./spacedatanetwork_astro/sds/FRM
copying build/lib/spacedatanetwork_astro/sds/FRM/frmStateRepresentation.py -> build/bdist.macosx-26.0-arm64/wheel/./spacedatanetwork_astro/sds/FRM
copying build/lib/spacedatanetwork_astro/sds/FRM/OrbitFrameWrapper.py -> build/bdist.macosx-26.0-arm64/wheel/./spacedatanetwork_astro/sds/FRM
copying build/lib/spacedatanetwork_astro/sds/FRM/FRMFrameTransformRequest.py -> build/bdist.macosx-26.0-arm64/wheel/./spacedatanetwork_astro/sds/FRM
copying build/lib/spacedatanetwork_astro/sds/FRM/RFM.py -> build/bdist.macosx-26.0-arm64/wheel/./spacedatanetwork_astro/sds/FRM
copying build/lib/spacedatanetwork_astro/sds/FRM/RFMOrigin.py -> build/bdist.macosx-26.0-arm64/wheel/./spacedatanetwork_astro/sds/FRM
copying build/lib/spacedatanetwork_astro/sds/FRM/RFMUnion.py -> build/bdist.macosx-26.0-arm64/wheel/./spacedatanetwork_astro/sds/FRM
copying build/lib/spacedatanetwork_astro/sds/FRM/RFMCoordinateSystemWrapper.py -> build/bdist.macosx-26.0-arm64/wheel/./spacedatanetwork_astro/sds/FRM
copying build/lib/spacedatanetwork_astro/sds/FRM/rfmAxisType.py -> build/bdist.macosx-26.0-arm64/wheel/./spacedatanetwork_astro/sds/FRM
copying build/lib/spacedatanetwork_astro/sds/FRM/frmResultStatus.py -> build/bdist.macosx-26.0-arm64/wheel/./spacedatanetwork_astro/sds/FRM
copying build/lib/spacedatanetwork_astro/sds/FRM/SpacecraftFrame.py -> build/bdist.macosx-26.0-arm64/wheel/./spacedatanetwork_astro/sds/FRM
copying build/lib/spacedatanetwork_astro/sds/FRM/RFMObjectReferencedAxes.py -> build/bdist.macosx-26.0-arm64/wheel/./spacedatanetwork_astro/sds/FRM
copying build/lib/spacedatanetwork_astro/sds/FRM/FRM.py -> build/bdist.macosx-26.0-arm64/wheel/./spacedatanetwork_astro/sds/FRM
copying build/lib/spacedatanetwork_astro/sds/FRM/frmOperationCode.py -> build/bdist.macosx-26.0-arm64/wheel/./spacedatanetwork_astro/sds/FRM
copying build/lib/spacedatanetwork_astro/sds/FRM/rfmOriginKind.py -> build/bdist.macosx-26.0-arm64/wheel/./spacedatanetwork_astro/sds/FRM
creating build/bdist.macosx-26.0-arm64/wheel/spacedatanetwork_astro/sds/TIM
copying build/lib/spacedatanetwork_astro/sds/TIM/TIMCcsdsTimeCode.py -> build/bdist.macosx-26.0-arm64/wheel/./spacedatanetwork_astro/sds/TIM
copying build/lib/spacedatanetwork_astro/sds/TIM/TIMInstant.py -> build/bdist.macosx-26.0-arm64/wheel/./spacedatanetwork_astro/sds/TIM
copying build/lib/spacedatanetwork_astro/sds/TIM/timConversionStatus.py -> build/bdist.macosx-26.0-arm64/wheel/./spacedatanetwork_astro/sds/TIM
copying build/lib/spacedatanetwork_astro/sds/TIM/timingStandard.py -> build/bdist.macosx-26.0-arm64/wheel/./spacedatanetwork_astro/sds/TIM
copying build/lib/spacedatanetwork_astro/sds/TIM/TIMConversionRequest.py -> build/bdist.macosx-26.0-arm64/wheel/./spacedatanetwork_astro/sds/TIM
copying build/lib/spacedatanetwork_astro/sds/TIM/TIMConversionResult.py -> build/bdist.macosx-26.0-arm64/wheel/./spacedatanetwork_astro/sds/TIM
copying build/lib/spacedatanetwork_astro/sds/TIM/__init__.py -> build/bdist.macosx-26.0-arm64/wheel/./spacedatanetwork_astro/sds/TIM
copying build/lib/spacedatanetwork_astro/sds/TIM/TIM.py -> build/bdist.macosx-26.0-arm64/wheel/./spacedatanetwork_astro/sds/TIM
copying build/lib/spacedatanetwork_astro/sds/TIM/timCcsdsTimeCodeKind.py -> build/bdist.macosx-26.0-arm64/wheel/./spacedatanetwork_astro/sds/TIM
copying build/lib/spacedatanetwork_astro/sds/TIM/timEpochRepresentation.py -> build/bdist.macosx-26.0-arm64/wheel/./spacedatanetwork_astro/sds/TIM
creating build/bdist.macosx-26.0-arm64/wheel/spacedatanetwork_astro/sds/PCE
copying build/lib/spacedatanetwork_astro/sds/PCE/FRMVector3.py -> build/bdist.macosx-26.0-arm64/wheel/./spacedatanetwork_astro/sds/PCE
copying build/lib/spacedatanetwork_astro/sds/PCE/rfmLibrationPoint.py -> build/bdist.macosx-26.0-arm64/wheel/./spacedatanetwork_astro/sds/PCE
copying build/lib/spacedatanetwork_astro/sds/PCE/SpacecraftFrameWrapper.py -> build/bdist.macosx-26.0-arm64/wheel/./spacedatanetwork_astro/sds/PCE
copying build/lib/spacedatanetwork_astro/sds/PCE/FRMFrameTransformResult.py -> build/bdist.macosx-26.0-arm64/wheel/./spacedatanetwork_astro/sds/PCE
copying build/lib/spacedatanetwork_astro/sds/PCE/FRMMatrix3.py -> build/bdist.macosx-26.0-arm64/wheel/./spacedatanetwork_astro/sds/PCE
copying build/lib/spacedatanetwork_astro/sds/PCE/FRMStateVector.py -> build/bdist.macosx-26.0-arm64/wheel/./spacedatanetwork_astro/sds/PCE
copying build/lib/spacedatanetwork_astro/sds/PCE/rfmVectorSpecification.py -> build/bdist.macosx-26.0-arm64/wheel/./spacedatanetwork_astro/sds/PCE
copying build/lib/spacedatanetwork_astro/sds/PCE/CustomFrameWrapper.py -> build/bdist.macosx-26.0-arm64/wheel/./spacedatanetwork_astro/sds/PCE
copying build/lib/spacedatanetwork_astro/sds/PCE/PCEParameterCatalog.py -> build/bdist.macosx-26.0-arm64/wheel/./spacedatanetwork_astro/sds/PCE
copying build/lib/spacedatanetwork_astro/sds/PCE/RFMLocalAlignedConstrainedAxes.py -> build/bdist.macosx-26.0-arm64/wheel/./spacedatanetwork_astro/sds/PCE
copying build/lib/spacedatanetwork_astro/sds/PCE/PCEEvaluationRequest.py -> build/bdist.macosx-26.0-arm64/wheel/./spacedatanetwork_astro/sds/PCE
copying build/lib/spacedatanetwork_astro/sds/PCE/PCEParameterValue.py -> build/bdist.macosx-26.0-arm64/wheel/./spacedatanetwork_astro/sds/PCE
copying build/lib/spacedatanetwork_astro/sds/PCE/PCEParameterDescriptor.py -> build/bdist.macosx-26.0-arm64/wheel/./spacedatanetwork_astro/sds/PCE
copying build/lib/spacedatanetwork_astro/sds/PCE/pceOwnerClass.py -> build/bdist.macosx-26.0-arm64/wheel/./spacedatanetwork_astro/sds/PCE
copying build/lib/spacedatanetwork_astro/sds/PCE/CustomFrame.py -> build/bdist.macosx-26.0-arm64/wheel/./spacedatanetwork_astro/sds/PCE
copying build/lib/spacedatanetwork_astro/sds/PCE/PCEParameterSample.py -> build/bdist.macosx-26.0-arm64/wheel/./spacedatanetwork_astro/sds/PCE
copying build/lib/spacedatanetwork_astro/sds/PCE/CelestialFrameWrapper.py -> build/bdist.macosx-26.0-arm64/wheel/./spacedatanetwork_astro/sds/PCE
copying build/lib/spacedatanetwork_astro/sds/PCE/RFMCoordinateSystem.py -> build/bdist.macosx-26.0-arm64/wheel/./spacedatanetwork_astro/sds/PCE
copying build/lib/spacedatanetwork_astro/sds/PCE/__init__.py -> build/bdist.macosx-26.0-arm64/wheel/./spacedatanetwork_astro/sds/PCE
copying build/lib/spacedatanetwork_astro/sds/PCE/PCEEvaluationResult.py -> build/bdist.macosx-26.0-arm64/wheel/./spacedatanetwork_astro/sds/PCE
copying build/lib/spacedatanetwork_astro/sds/PCE/pceParameter.py -> build/bdist.macosx-26.0-arm64/wheel/./spacedatanetwork_astro/sds/PCE
copying build/lib/spacedatanetwork_astro/sds/PCE/OrbitFrame.py -> build/bdist.macosx-26.0-arm64/wheel/./spacedatanetwork_astro/sds/PCE
copying build/lib/spacedatanetwork_astro/sds/PCE/CelestialFrame.py -> build/bdist.macosx-26.0-arm64/wheel/./spacedatanetwork_astro/sds/PCE
copying build/lib/spacedatanetwork_astro/sds/PCE/frmStateRepresentation.py -> build/bdist.macosx-26.0-arm64/wheel/./spacedatanetwork_astro/sds/PCE
copying build/lib/spacedatanetwork_astro/sds/PCE/PCE.py -> build/bdist.macosx-26.0-arm64/wheel/./spacedatanetwork_astro/sds/PCE
copying build/lib/spacedatanetwork_astro/sds/PCE/PCEParameterCondition.py -> build/bdist.macosx-26.0-arm64/wheel/./spacedatanetwork_astro/sds/PCE
copying build/lib/spacedatanetwork_astro/sds/PCE/OrbitFrameWrapper.py -> build/bdist.macosx-26.0-arm64/wheel/./spacedatanetwork_astro/sds/PCE
copying build/lib/spacedatanetwork_astro/sds/PCE/pceFrameDependency.py -> build/bdist.macosx-26.0-arm64/wheel/./spacedatanetwork_astro/sds/PCE
copying build/lib/spacedatanetwork_astro/sds/PCE/PCEStopReport.py -> build/bdist.macosx-26.0-arm64/wheel/./spacedatanetwork_astro/sds/PCE
copying build/lib/spacedatanetwork_astro/sds/PCE/pcePropagationDirection.py -> build/bdist.macosx-26.0-arm64/wheel/./spacedatanetwork_astro/sds/PCE
copying build/lib/spacedatanetwork_astro/sds/PCE/FRMFrameTransformRequest.py -> build/bdist.macosx-26.0-arm64/wheel/./spacedatanetwork_astro/sds/PCE
copying build/lib/spacedatanetwork_astro/sds/PCE/pceConditionDirection.py -> build/bdist.macosx-26.0-arm64/wheel/./spacedatanetwork_astro/sds/PCE
copying build/lib/spacedatanetwork_astro/sds/PCE/RFM.py -> build/bdist.macosx-26.0-arm64/wheel/./spacedatanetwork_astro/sds/PCE
copying build/lib/spacedatanetwork_astro/sds/PCE/PCEParameterRef.py -> build/bdist.macosx-26.0-arm64/wheel/./spacedatanetwork_astro/sds/PCE
copying build/lib/spacedatanetwork_astro/sds/PCE/RFMOrigin.py -> build/bdist.macosx-26.0-arm64/wheel/./spacedatanetwork_astro/sds/PCE
copying build/lib/spacedatanetwork_astro/sds/PCE/RFMUnion.py -> build/bdist.macosx-26.0-arm64/wheel/./spacedatanetwork_astro/sds/PCE
copying build/lib/spacedatanetwork_astro/sds/PCE/PCEEvaluationContext.py -> build/bdist.macosx-26.0-arm64/wheel/./spacedatanetwork_astro/sds/PCE
copying build/lib/spacedatanetwork_astro/sds/PCE/RFMCoordinateSystemWrapper.py -> build/bdist.macosx-26.0-arm64/wheel/./spacedatanetwork_astro/sds/PCE
copying build/lib/spacedatanetwork_astro/sds/PCE/rfmAxisType.py -> build/bdist.macosx-26.0-arm64/wheel/./spacedatanetwork_astro/sds/PCE
copying build/lib/spacedatanetwork_astro/sds/PCE/frmResultStatus.py -> build/bdist.macosx-26.0-arm64/wheel/./spacedatanetwork_astro/sds/PCE
copying build/lib/spacedatanetwork_astro/sds/PCE/SpacecraftFrame.py -> build/bdist.macosx-26.0-arm64/wheel/./spacedatanetwork_astro/sds/PCE
copying build/lib/spacedatanetwork_astro/sds/PCE/pceResultStatus.py -> build/bdist.macosx-26.0-arm64/wheel/./spacedatanetwork_astro/sds/PCE
copying build/lib/spacedatanetwork_astro/sds/PCE/RFMObjectReferencedAxes.py -> build/bdist.macosx-26.0-arm64/wheel/./spacedatanetwork_astro/sds/PCE
copying build/lib/spacedatanetwork_astro/sds/PCE/FRM.py -> build/bdist.macosx-26.0-arm64/wheel/./spacedatanetwork_astro/sds/PCE
copying build/lib/spacedatanetwork_astro/sds/PCE/pceDataType.py -> build/bdist.macosx-26.0-arm64/wheel/./spacedatanetwork_astro/sds/PCE
copying build/lib/spacedatanetwork_astro/sds/PCE/frmOperationCode.py -> build/bdist.macosx-26.0-arm64/wheel/./spacedatanetwork_astro/sds/PCE
copying build/lib/spacedatanetwork_astro/sds/PCE/rfmOriginKind.py -> build/bdist.macosx-26.0-arm64/wheel/./spacedatanetwork_astro/sds/PCE
copying build/lib/spacedatanetwork_astro/sds/PCE/PCEStopRequest.py -> build/bdist.macosx-26.0-arm64/wheel/./spacedatanetwork_astro/sds/PCE
copying build/lib/spacedatanetwork_astro/sds/PCE/pceUnit.py -> build/bdist.macosx-26.0-arm64/wheel/./spacedatanetwork_astro/sds/PCE
copying build/lib/spacedatanetwork_astro/sds/PCE/pceAvailability.py -> build/bdist.macosx-26.0-arm64/wheel/./spacedatanetwork_astro/sds/PCE
copying build/lib/spacedatanetwork_astro/sds/NOTICE.txt -> build/bdist.macosx-26.0-arm64/wheel/./spacedatanetwork_astro/sds
creating build/bdist.macosx-26.0-arm64/wheel/spacedatanetwork_astro/sds/RFM
copying build/lib/spacedatanetwork_astro/sds/RFM/rfmLibrationPoint.py -> build/bdist.macosx-26.0-arm64/wheel/./spacedatanetwork_astro/sds/RFM
copying build/lib/spacedatanetwork_astro/sds/RFM/SpacecraftFrameWrapper.py -> build/bdist.macosx-26.0-arm64/wheel/./spacedatanetwork_astro/sds/RFM
copying build/lib/spacedatanetwork_astro/sds/RFM/rfmVectorSpecification.py -> build/bdist.macosx-26.0-arm64/wheel/./spacedatanetwork_astro/sds/RFM
copying build/lib/spacedatanetwork_astro/sds/RFM/CustomFrameWrapper.py -> build/bdist.macosx-26.0-arm64/wheel/./spacedatanetwork_astro/sds/RFM
copying build/lib/spacedatanetwork_astro/sds/RFM/RFMLocalAlignedConstrainedAxes.py -> build/bdist.macosx-26.0-arm64/wheel/./spacedatanetwork_astro/sds/RFM
copying build/lib/spacedatanetwork_astro/sds/RFM/CustomFrame.py -> build/bdist.macosx-26.0-arm64/wheel/./spacedatanetwork_astro/sds/RFM
copying build/lib/spacedatanetwork_astro/sds/RFM/CelestialFrameWrapper.py -> build/bdist.macosx-26.0-arm64/wheel/./spacedatanetwork_astro/sds/RFM
copying build/lib/spacedatanetwork_astro/sds/RFM/RFMCoordinateSystem.py -> build/bdist.macosx-26.0-arm64/wheel/./spacedatanetwork_astro/sds/RFM
copying build/lib/spacedatanetwork_astro/sds/RFM/__init__.py -> build/bdist.macosx-26.0-arm64/wheel/./spacedatanetwork_astro/sds/RFM
copying build/lib/spacedatanetwork_astro/sds/RFM/OrbitFrame.py -> build/bdist.macosx-26.0-arm64/wheel/./spacedatanetwork_astro/sds/RFM
copying build/lib/spacedatanetwork_astro/sds/RFM/CelestialFrame.py -> build/bdist.macosx-26.0-arm64/wheel/./spacedatanetwork_astro/sds/RFM
copying build/lib/spacedatanetwork_astro/sds/RFM/OrbitFrameWrapper.py -> build/bdist.macosx-26.0-arm64/wheel/./spacedatanetwork_astro/sds/RFM
copying build/lib/spacedatanetwork_astro/sds/RFM/RFM.py -> build/bdist.macosx-26.0-arm64/wheel/./spacedatanetwork_astro/sds/RFM
copying build/lib/spacedatanetwork_astro/sds/RFM/RFMOrigin.py -> build/bdist.macosx-26.0-arm64/wheel/./spacedatanetwork_astro/sds/RFM
copying build/lib/spacedatanetwork_astro/sds/RFM/RFMUnion.py -> build/bdist.macosx-26.0-arm64/wheel/./spacedatanetwork_astro/sds/RFM
copying build/lib/spacedatanetwork_astro/sds/RFM/RFMCoordinateSystemWrapper.py -> build/bdist.macosx-26.0-arm64/wheel/./spacedatanetwork_astro/sds/RFM
copying build/lib/spacedatanetwork_astro/sds/RFM/rfmAxisType.py -> build/bdist.macosx-26.0-arm64/wheel/./spacedatanetwork_astro/sds/RFM
copying build/lib/spacedatanetwork_astro/sds/RFM/SpacecraftFrame.py -> build/bdist.macosx-26.0-arm64/wheel/./spacedatanetwork_astro/sds/RFM
copying build/lib/spacedatanetwork_astro/sds/RFM/RFMObjectReferencedAxes.py -> build/bdist.macosx-26.0-arm64/wheel/./spacedatanetwork_astro/sds/RFM
copying build/lib/spacedatanetwork_astro/sds/RFM/rfmOriginKind.py -> build/bdist.macosx-26.0-arm64/wheel/./spacedatanetwork_astro/sds/RFM
creating build/bdist.macosx-26.0-arm64/wheel/spacedatanetwork_astro/sds/OMM
copying build/lib/spacedatanetwork_astro/sds/OMM/rfmLibrationPoint.py -> build/bdist.macosx-26.0-arm64/wheel/./spacedatanetwork_astro/sds/OMM
copying build/lib/spacedatanetwork_astro/sds/OMM/TIMCcsdsTimeCode.py -> build/bdist.macosx-26.0-arm64/wheel/./spacedatanetwork_astro/sds/OMM
copying build/lib/spacedatanetwork_astro/sds/OMM/TIMInstant.py -> build/bdist.macosx-26.0-arm64/wheel/./spacedatanetwork_astro/sds/OMM
copying build/lib/spacedatanetwork_astro/sds/OMM/SpacecraftFrameWrapper.py -> build/bdist.macosx-26.0-arm64/wheel/./spacedatanetwork_astro/sds/OMM
copying build/lib/spacedatanetwork_astro/sds/OMM/timConversionStatus.py -> build/bdist.macosx-26.0-arm64/wheel/./spacedatanetwork_astro/sds/OMM
copying build/lib/spacedatanetwork_astro/sds/OMM/timingStandard.py -> build/bdist.macosx-26.0-arm64/wheel/./spacedatanetwork_astro/sds/OMM
copying build/lib/spacedatanetwork_astro/sds/OMM/rfmVectorSpecification.py -> build/bdist.macosx-26.0-arm64/wheel/./spacedatanetwork_astro/sds/OMM
copying build/lib/spacedatanetwork_astro/sds/OMM/CustomFrameWrapper.py -> build/bdist.macosx-26.0-arm64/wheel/./spacedatanetwork_astro/sds/OMM
copying build/lib/spacedatanetwork_astro/sds/OMM/RFMLocalAlignedConstrainedAxes.py -> build/bdist.macosx-26.0-arm64/wheel/./spacedatanetwork_astro/sds/OMM
copying build/lib/spacedatanetwork_astro/sds/OMM/CustomFrame.py -> build/bdist.macosx-26.0-arm64/wheel/./spacedatanetwork_astro/sds/OMM
copying build/lib/spacedatanetwork_astro/sds/OMM/CelestialFrameWrapper.py -> build/bdist.macosx-26.0-arm64/wheel/./spacedatanetwork_astro/sds/OMM
copying build/lib/spacedatanetwork_astro/sds/OMM/RFMCoordinateSystem.py -> build/bdist.macosx-26.0-arm64/wheel/./spacedatanetwork_astro/sds/OMM
copying build/lib/spacedatanetwork_astro/sds/OMM/TIMConversionRequest.py -> build/bdist.macosx-26.0-arm64/wheel/./spacedatanetwork_astro/sds/OMM
copying build/lib/spacedatanetwork_astro/sds/OMM/TIMConversionResult.py -> build/bdist.macosx-26.0-arm64/wheel/./spacedatanetwork_astro/sds/OMM
copying build/lib/spacedatanetwork_astro/sds/OMM/__init__.py -> build/bdist.macosx-26.0-arm64/wheel/./spacedatanetwork_astro/sds/OMM
copying build/lib/spacedatanetwork_astro/sds/OMM/meanElementSource.py -> build/bdist.macosx-26.0-arm64/wheel/./spacedatanetwork_astro/sds/OMM
copying build/lib/spacedatanetwork_astro/sds/OMM/TIM.py -> build/bdist.macosx-26.0-arm64/wheel/./spacedatanetwork_astro/sds/OMM
copying build/lib/spacedatanetwork_astro/sds/OMM/OrbitFrame.py -> build/bdist.macosx-26.0-arm64/wheel/./spacedatanetwork_astro/sds/OMM
copying build/lib/spacedatanetwork_astro/sds/OMM/CelestialFrame.py -> build/bdist.macosx-26.0-arm64/wheel/./spacedatanetwork_astro/sds/OMM
copying build/lib/spacedatanetwork_astro/sds/OMM/ephemerisFormat.py -> build/bdist.macosx-26.0-arm64/wheel/./spacedatanetwork_astro/sds/OMM
copying build/lib/spacedatanetwork_astro/sds/OMM/OMM.py -> build/bdist.macosx-26.0-arm64/wheel/./spacedatanetwork_astro/sds/OMM
copying build/lib/spacedatanetwork_astro/sds/OMM/MET.py -> build/bdist.macosx-26.0-arm64/wheel/./spacedatanetwork_astro/sds/OMM
copying build/lib/spacedatanetwork_astro/sds/OMM/OrbitFrameWrapper.py -> build/bdist.macosx-26.0-arm64/wheel/./spacedatanetwork_astro/sds/OMM
copying build/lib/spacedatanetwork_astro/sds/OMM/RFM.py -> build/bdist.macosx-26.0-arm64/wheel/./spacedatanetwork_astro/sds/OMM
copying build/lib/spacedatanetwork_astro/sds/OMM/RFMOrigin.py -> build/bdist.macosx-26.0-arm64/wheel/./spacedatanetwork_astro/sds/OMM
copying build/lib/spacedatanetwork_astro/sds/OMM/RFMUnion.py -> build/bdist.macosx-26.0-arm64/wheel/./spacedatanetwork_astro/sds/OMM
copying build/lib/spacedatanetwork_astro/sds/OMM/RFMCoordinateSystemWrapper.py -> build/bdist.macosx-26.0-arm64/wheel/./spacedatanetwork_astro/sds/OMM
copying build/lib/spacedatanetwork_astro/sds/OMM/rfmAxisType.py -> build/bdist.macosx-26.0-arm64/wheel/./spacedatanetwork_astro/sds/OMM
copying build/lib/spacedatanetwork_astro/sds/OMM/timCcsdsTimeCodeKind.py -> build/bdist.macosx-26.0-arm64/wheel/./spacedatanetwork_astro/sds/OMM
copying build/lib/spacedatanetwork_astro/sds/OMM/timEpochRepresentation.py -> build/bdist.macosx-26.0-arm64/wheel/./spacedatanetwork_astro/sds/OMM
copying build/lib/spacedatanetwork_astro/sds/OMM/SpacecraftFrame.py -> build/bdist.macosx-26.0-arm64/wheel/./spacedatanetwork_astro/sds/OMM
copying build/lib/spacedatanetwork_astro/sds/OMM/RFMObjectReferencedAxes.py -> build/bdist.macosx-26.0-arm64/wheel/./spacedatanetwork_astro/sds/OMM
copying build/lib/spacedatanetwork_astro/sds/OMM/rfmOriginKind.py -> build/bdist.macosx-26.0-arm64/wheel/./spacedatanetwork_astro/sds/OMM
creating build/bdist.macosx-26.0-arm64/wheel/spacedatanetwork_astro/sds/PIV
copying build/lib/spacedatanetwork_astro/sds/PIV/bufferMutability.py -> build/bdist.macosx-26.0-arm64/wheel/./spacedatanetwork_astro/sds/PIV
copying build/lib/spacedatanetwork_astro/sds/PIV/PIV.py -> build/bdist.macosx-26.0-arm64/wheel/./spacedatanetwork_astro/sds/PIV
copying build/lib/spacedatanetwork_astro/sds/PIV/FlatBufferTypeRef.py -> build/bdist.macosx-26.0-arm64/wheel/./spacedatanetwork_astro/sds/PIV
copying build/lib/spacedatanetwork_astro/sds/PIV/PIVResponse.py -> build/bdist.macosx-26.0-arm64/wheel/./spacedatanetwork_astro/sds/PIV
copying build/lib/spacedatanetwork_astro/sds/PIV/bufferOwnership.py -> build/bdist.macosx-26.0-arm64/wheel/./spacedatanetwork_astro/sds/PIV
copying build/lib/spacedatanetwork_astro/sds/PIV/__init__.py -> build/bdist.macosx-26.0-arm64/wheel/./spacedatanetwork_astro/sds/PIV
copying build/lib/spacedatanetwork_astro/sds/PIV/payloadWireFormat.py -> build/bdist.macosx-26.0-arm64/wheel/./spacedatanetwork_astro/sds/PIV
copying build/lib/spacedatanetwork_astro/sds/PIV/TAB.py -> build/bdist.macosx-26.0-arm64/wheel/./spacedatanetwork_astro/sds/PIV
copying build/lib/spacedatanetwork_astro/sds/PIV/pivStatus.py -> build/bdist.macosx-26.0-arm64/wheel/./spacedatanetwork_astro/sds/PIV
copying build/lib/spacedatanetwork_astro/sds/PIV/PIVRequest.py -> build/bdist.macosx-26.0-arm64/wheel/./spacedatanetwork_astro/sds/PIV
creating build/bdist.macosx-26.0-arm64/wheel/spacedatanetwork_astro/sds/CSM
copying build/lib/spacedatanetwork_astro/sds/CSM/IDM.py -> build/bdist.macosx-26.0-arm64/wheel/./spacedatanetwork_astro/sds/CSM
copying build/lib/spacedatanetwork_astro/sds/CSM/legacyCountryCode.py -> build/bdist.macosx-26.0-arm64/wheel/./spacedatanetwork_astro/sds/CSM
copying build/lib/spacedatanetwork_astro/sds/CSM/Band.py -> build/bdist.macosx-26.0-arm64/wheel/./spacedatanetwork_astro/sds/CSM
copying build/lib/spacedatanetwork_astro/sds/CSM/operationalState.py -> build/bdist.macosx-26.0-arm64/wheel/./spacedatanetwork_astro/sds/CSM
copying build/lib/spacedatanetwork_astro/sds/CSM/orbitRegime.py -> build/bdist.macosx-26.0-arm64/wheel/./spacedatanetwork_astro/sds/CSM
copying build/lib/spacedatanetwork_astro/sds/CSM/DataMode.py -> build/bdist.macosx-26.0-arm64/wheel/./spacedatanetwork_astro/sds/CSM
copying build/lib/spacedatanetwork_astro/sds/CSM/CSM.py -> build/bdist.macosx-26.0-arm64/wheel/./spacedatanetwork_astro/sds/CSM
copying build/lib/spacedatanetwork_astro/sds/CSM/CAT.py -> build/bdist.macosx-26.0-arm64/wheel/./spacedatanetwork_astro/sds/CSM
copying build/lib/spacedatanetwork_astro/sds/CSM/SimplePolarization.py -> build/bdist.macosx-26.0-arm64/wheel/./spacedatanetwork_astro/sds/CSM
copying build/lib/spacedatanetwork_astro/sds/CSM/spaceObjectClass.py -> build/bdist.macosx-26.0-arm64/wheel/./spacedatanetwork_astro/sds/CSM
copying build/lib/spacedatanetwork_astro/sds/CSM/__init__.py -> build/bdist.macosx-26.0-arm64/wheel/./spacedatanetwork_astro/sds/CSM
copying build/lib/spacedatanetwork_astro/sds/CSM/PLD.py -> build/bdist.macosx-26.0-arm64/wheel/./spacedatanetwork_astro/sds/CSM
copying build/lib/spacedatanetwork_astro/sds/CSM/DeviceType.py -> build/bdist.macosx-26.0-arm64/wheel/./spacedatanetwork_astro/sds/CSM
copying build/lib/spacedatanetwork_astro/sds/CSM/StokesParameters.py -> build/bdist.macosx-26.0-arm64/wheel/./spacedatanetwork_astro/sds/CSM
copying build/lib/spacedatanetwork_astro/sds/CSM/massCategory.py -> build/bdist.macosx-26.0-arm64/wheel/./spacedatanetwork_astro/sds/CSM
copying build/lib/spacedatanetwork_astro/sds/CSM/PolarizationType.py -> build/bdist.macosx-26.0-arm64/wheel/./spacedatanetwork_astro/sds/CSM
copying build/lib/spacedatanetwork_astro/sds/CSM/LCC.py -> build/bdist.macosx-26.0-arm64/wheel/./spacedatanetwork_astro/sds/CSM
copying build/lib/spacedatanetwork_astro/sds/CSM/dataAvailability.py -> build/bdist.macosx-26.0-arm64/wheel/./spacedatanetwork_astro/sds/CSM
copying build/lib/spacedatanetwork_astro/sds/CSM/FrequencyRange.py -> build/bdist.macosx-26.0-arm64/wheel/./spacedatanetwork_astro/sds/CSM
creating build/bdist.macosx-26.0-arm64/wheel/spacedatanetwork_astro/sds/EVL
copying build/lib/spacedatanetwork_astro/sds/EVL/FRMVector3.py -> build/bdist.macosx-26.0-arm64/wheel/./spacedatanetwork_astro/sds/EVL
copying build/lib/spacedatanetwork_astro/sds/EVL/rfmLibrationPoint.py -> build/bdist.macosx-26.0-arm64/wheel/./spacedatanetwork_astro/sds/EVL
copying build/lib/spacedatanetwork_astro/sds/EVL/EVL.py -> build/bdist.macosx-26.0-arm64/wheel/./spacedatanetwork_astro/sds/EVL
copying build/lib/spacedatanetwork_astro/sds/EVL/SpacecraftFrameWrapper.py -> build/bdist.macosx-26.0-arm64/wheel/./spacedatanetwork_astro/sds/EVL
copying build/lib/spacedatanetwork_astro/sds/EVL/FRMFrameTransformResult.py -> build/bdist.macosx-26.0-arm64/wheel/./spacedatanetwork_astro/sds/EVL
copying build/lib/spacedatanetwork_astro/sds/EVL/FRMMatrix3.py -> build/bdist.macosx-26.0-arm64/wheel/./spacedatanetwork_astro/sds/EVL
copying build/lib/spacedatanetwork_astro/sds/EVL/FRMStateVector.py -> build/bdist.macosx-26.0-arm64/wheel/./spacedatanetwork_astro/sds/EVL
copying build/lib/spacedatanetwork_astro/sds/EVL/rfmVectorSpecification.py -> build/bdist.macosx-26.0-arm64/wheel/./spacedatanetwork_astro/sds/EVL
copying build/lib/spacedatanetwork_astro/sds/EVL/CustomFrameWrapper.py -> build/bdist.macosx-26.0-arm64/wheel/./spacedatanetwork_astro/sds/EVL
copying build/lib/spacedatanetwork_astro/sds/EVL/EVLEventSample.py -> build/bdist.macosx-26.0-arm64/wheel/./spacedatanetwork_astro/sds/EVL
copying build/lib/spacedatanetwork_astro/sds/EVL/PCEParameterCatalog.py -> build/bdist.macosx-26.0-arm64/wheel/./spacedatanetwork_astro/sds/EVL
copying build/lib/spacedatanetwork_astro/sds/EVL/RFMLocalAlignedConstrainedAxes.py -> build/bdist.macosx-26.0-arm64/wheel/./spacedatanetwork_astro/sds/EVL
copying build/lib/spacedatanetwork_astro/sds/EVL/PCEEvaluationRequest.py -> build/bdist.macosx-26.0-arm64/wheel/./spacedatanetwork_astro/sds/EVL
copying build/lib/spacedatanetwork_astro/sds/EVL/EVLParameterConditionConfiguration.py -> build/bdist.macosx-26.0-arm64/wheel/./spacedatanetwork_astro/sds/EVL
copying build/lib/spacedatanetwork_astro/sds/EVL/PCEParameterValue.py -> build/bdist.macosx-26.0-arm64/wheel/./spacedatanetwork_astro/sds/EVL
copying build/lib/spacedatanetwork_astro/sds/EVL/PCEParameterDescriptor.py -> build/bdist.macosx-26.0-arm64/wheel/./spacedatanetwork_astro/sds/EVL
copying build/lib/spacedatanetwork_astro/sds/EVL/pceOwnerClass.py -> build/bdist.macosx-26.0-arm64/wheel/./spacedatanetwork_astro/sds/EVL
copying build/lib/spacedatanetwork_astro/sds/EVL/evlFieldOfViewShape.py -> build/bdist.macosx-26.0-arm64/wheel/./spacedatanetwork_astro/sds/EVL
copying build/lib/spacedatanetwork_astro/sds/EVL/CustomFrame.py -> build/bdist.macosx-26.0-arm64/wheel/./spacedatanetwork_astro/sds/EVL
copying build/lib/spacedatanetwork_astro/sds/EVL/PCEParameterSample.py -> build/bdist.macosx-26.0-arm64/wheel/./spacedatanetwork_astro/sds/EVL
copying build/lib/spacedatanetwork_astro/sds/EVL/CelestialFrameWrapper.py -> build/bdist.macosx-26.0-arm64/wheel/./spacedatanetwork_astro/sds/EVL
copying build/lib/spacedatanetwork_astro/sds/EVL/EVLEventLocationRequest.py -> build/bdist.macosx-26.0-arm64/wheel/./spacedatanetwork_astro/sds/EVL
copying build/lib/spacedatanetwork_astro/sds/EVL/RFMCoordinateSystem.py -> build/bdist.macosx-26.0-arm64/wheel/./spacedatanetwork_astro/sds/EVL
copying build/lib/spacedatanetwork_astro/sds/EVL/evlSamplePoint.py -> build/bdist.macosx-26.0-arm64/wheel/./spacedatanetwork_astro/sds/EVL
copying build/lib/spacedatanetwork_astro/sds/EVL/__init__.py -> build/bdist.macosx-26.0-arm64/wheel/./spacedatanetwork_astro/sds/EVL
copying build/lib/spacedatanetwork_astro/sds/EVL/evlEventType.py -> build/bdist.macosx-26.0-arm64/wheel/./spacedatanetwork_astro/sds/EVL
copying build/lib/spacedatanetwork_astro/sds/EVL/EVLEvent.py -> build/bdist.macosx-26.0-arm64/wheel/./spacedatanetwork_astro/sds/EVL
copying build/lib/spacedatanetwork_astro/sds/EVL/EVLEventReport.py -> build/bdist.macosx-26.0-arm64/wheel/./spacedatanetwork_astro/sds/EVL
copying build/lib/spacedatanetwork_astro/sds/EVL/PCEEvaluationResult.py -> build/bdist.macosx-26.0-arm64/wheel/./spacedatanetwork_astro/sds/EVL
copying build/lib/spacedatanetwork_astro/sds/EVL/pceParameter.py -> build/bdist.macosx-26.0-arm64/wheel/./spacedatanetwork_astro/sds/EVL
copying build/lib/spacedatanetwork_astro/sds/EVL/OrbitFrame.py -> build/bdist.macosx-26.0-arm64/wheel/./spacedatanetwork_astro/sds/EVL
copying build/lib/spacedatanetwork_astro/sds/EVL/CelestialFrame.py -> build/bdist.macosx-26.0-arm64/wheel/./spacedatanetwork_astro/sds/EVL
copying build/lib/spacedatanetwork_astro/sds/EVL/evlLocatorClass.py -> build/bdist.macosx-26.0-arm64/wheel/./spacedatanetwork_astro/sds/EVL
copying build/lib/spacedatanetwork_astro/sds/EVL/frmStateRepresentation.py -> build/bdist.macosx-26.0-arm64/wheel/./spacedatanetwork_astro/sds/EVL
copying build/lib/spacedatanetwork_astro/sds/EVL/EVLContactConfiguration.py -> build/bdist.macosx-26.0-arm64/wheel/./spacedatanetwork_astro/sds/EVL
copying build/lib/spacedatanetwork_astro/sds/EVL/evlShadowModel.py -> build/bdist.macosx-26.0-arm64/wheel/./spacedatanetwork_astro/sds/EVL
copying build/lib/spacedatanetwork_astro/sds/EVL/PCE.py -> build/bdist.macosx-26.0-arm64/wheel/./spacedatanetwork_astro/sds/EVL
copying build/lib/spacedatanetwork_astro/sds/EVL/PCEParameterCondition.py -> build/bdist.macosx-26.0-arm64/wheel/./spacedatanetwork_astro/sds/EVL
copying build/lib/spacedatanetwork_astro/sds/EVL/EVLEclipseConfiguration.py -> build/bdist.macosx-26.0-arm64/wheel/./spacedatanetwork_astro/sds/EVL
copying build/lib/spacedatanetwork_astro/sds/EVL/evlResultStatus.py -> build/bdist.macosx-26.0-arm64/wheel/./spacedatanetwork_astro/sds/EVL
copying build/lib/spacedatanetwork_astro/sds/EVL/EVLApsidesConfiguration.py -> build/bdist.macosx-26.0-arm64/wheel/./spacedatanetwork_astro/sds/EVL
copying build/lib/spacedatanetwork_astro/sds/EVL/OrbitFrameWrapper.py -> build/bdist.macosx-26.0-arm64/wheel/./spacedatanetwork_astro/sds/EVL
copying build/lib/spacedatanetwork_astro/sds/EVL/pceFrameDependency.py -> build/bdist.macosx-26.0-arm64/wheel/./spacedatanetwork_astro/sds/EVL
copying build/lib/spacedatanetwork_astro/sds/EVL/PCEStopReport.py -> build/bdist.macosx-26.0-arm64/wheel/./spacedatanetwork_astro/sds/EVL
copying build/lib/spacedatanetwork_astro/sds/EVL/EVLNodeCrossingConfiguration.py -> build/bdist.macosx-26.0-arm64/wheel/./spacedatanetwork_astro/sds/EVL
copying build/lib/spacedatanetwork_astro/sds/EVL/pcePropagationDirection.py -> build/bdist.macosx-26.0-arm64/wheel/./spacedatanetwork_astro/sds/EVL
copying build/lib/spacedatanetwork_astro/sds/EVL/FRMFrameTransformRequest.py -> build/bdist.macosx-26.0-arm64/wheel/./spacedatanetwork_astro/sds/EVL
copying build/lib/spacedatanetwork_astro/sds/EVL/pceConditionDirection.py -> build/bdist.macosx-26.0-arm64/wheel/./spacedatanetwork_astro/sds/EVL
copying build/lib/spacedatanetwork_astro/sds/EVL/RFM.py -> build/bdist.macosx-26.0-arm64/wheel/./spacedatanetwork_astro/sds/EVL
copying build/lib/spacedatanetwork_astro/sds/EVL/PCEParameterRef.py -> build/bdist.macosx-26.0-arm64/wheel/./spacedatanetwork_astro/sds/EVL
copying build/lib/spacedatanetwork_astro/sds/EVL/RFMOrigin.py -> build/bdist.macosx-26.0-arm64/wheel/./spacedatanetwork_astro/sds/EVL
copying build/lib/spacedatanetwork_astro/sds/EVL/evlAberrationCorrection.py -> build/bdist.macosx-26.0-arm64/wheel/./spacedatanetwork_astro/sds/EVL
copying build/lib/spacedatanetwork_astro/sds/EVL/RFMUnion.py -> build/bdist.macosx-26.0-arm64/wheel/./spacedatanetwork_astro/sds/EVL
copying build/lib/spacedatanetwork_astro/sds/EVL/PCEEvaluationContext.py -> build/bdist.macosx-26.0-arm64/wheel/./spacedatanetwork_astro/sds/EVL
copying build/lib/spacedatanetwork_astro/sds/EVL/RFMCoordinateSystemWrapper.py -> build/bdist.macosx-26.0-arm64/wheel/./spacedatanetwork_astro/sds/EVL
copying build/lib/spacedatanetwork_astro/sds/EVL/rfmAxisType.py -> build/bdist.macosx-26.0-arm64/wheel/./spacedatanetwork_astro/sds/EVL
copying build/lib/spacedatanetwork_astro/sds/EVL/frmResultStatus.py -> build/bdist.macosx-26.0-arm64/wheel/./spacedatanetwork_astro/sds/EVL
copying build/lib/spacedatanetwork_astro/sds/EVL/SpacecraftFrame.py -> build/bdist.macosx-26.0-arm64/wheel/./spacedatanetwork_astro/sds/EVL
copying build/lib/spacedatanetwork_astro/sds/EVL/pceResultStatus.py -> build/bdist.macosx-26.0-arm64/wheel/./spacedatanetwork_astro/sds/EVL
copying build/lib/spacedatanetwork_astro/sds/EVL/RFMObjectReferencedAxes.py -> build/bdist.macosx-26.0-arm64/wheel/./spacedatanetwork_astro/sds/EVL
copying build/lib/spacedatanetwork_astro/sds/EVL/FRM.py -> build/bdist.macosx-26.0-arm64/wheel/./spacedatanetwork_astro/sds/EVL
copying build/lib/spacedatanetwork_astro/sds/EVL/pceDataType.py -> build/bdist.macosx-26.0-arm64/wheel/./spacedatanetwork_astro/sds/EVL
copying build/lib/spacedatanetwork_astro/sds/EVL/frmOperationCode.py -> build/bdist.macosx-26.0-arm64/wheel/./spacedatanetwork_astro/sds/EVL
copying build/lib/spacedatanetwork_astro/sds/EVL/rfmOriginKind.py -> build/bdist.macosx-26.0-arm64/wheel/./spacedatanetwork_astro/sds/EVL
copying build/lib/spacedatanetwork_astro/sds/EVL/EVLIntrusionConfiguration.py -> build/bdist.macosx-26.0-arm64/wheel/./spacedatanetwork_astro/sds/EVL
copying build/lib/spacedatanetwork_astro/sds/EVL/PCEStopRequest.py -> build/bdist.macosx-26.0-arm64/wheel/./spacedatanetwork_astro/sds/EVL
copying build/lib/spacedatanetwork_astro/sds/EVL/pceUnit.py -> build/bdist.macosx-26.0-arm64/wheel/./spacedatanetwork_astro/sds/EVL
copying build/lib/spacedatanetwork_astro/sds/EVL/pceAvailability.py -> build/bdist.macosx-26.0-arm64/wheel/./spacedatanetwork_astro/sds/EVL
copying build/lib/spacedatanetwork_astro/sds/LICENSE.txt -> build/bdist.macosx-26.0-arm64/wheel/./spacedatanetwork_astro/sds
creating build/bdist.macosx-26.0-arm64/wheel/spacedatanetwork_astro/sds/TDM
copying build/lib/spacedatanetwork_astro/sds/TDM/rfmLibrationPoint.py -> build/bdist.macosx-26.0-arm64/wheel/./spacedatanetwork_astro/sds/TDM
copying build/lib/spacedatanetwork_astro/sds/TDM/SpacecraftFrameWrapper.py -> build/bdist.macosx-26.0-arm64/wheel/./spacedatanetwork_astro/sds/TDM
copying build/lib/spacedatanetwork_astro/sds/TDM/TDMSegment.py -> build/bdist.macosx-26.0-arm64/wheel/./spacedatanetwork_astro/sds/TDM
copying build/lib/spacedatanetwork_astro/sds/TDM/rfmVectorSpecification.py -> build/bdist.macosx-26.0-arm64/wheel/./spacedatanetwork_astro/sds/TDM
copying build/lib/spacedatanetwork_astro/sds/TDM/CustomFrameWrapper.py -> build/bdist.macosx-26.0-arm64/wheel/./spacedatanetwork_astro/sds/TDM
copying build/lib/spacedatanetwork_astro/sds/TDM/RFMLocalAlignedConstrainedAxes.py -> build/bdist.macosx-26.0-arm64/wheel/./spacedatanetwork_astro/sds/TDM
copying build/lib/spacedatanetwork_astro/sds/TDM/CustomFrame.py -> build/bdist.macosx-26.0-arm64/wheel/./spacedatanetwork_astro/sds/TDM
copying build/lib/spacedatanetwork_astro/sds/TDM/CelestialFrameWrapper.py -> build/bdist.macosx-26.0-arm64/wheel/./spacedatanetwork_astro/sds/TDM
copying build/lib/spacedatanetwork_astro/sds/TDM/RFMCoordinateSystem.py -> build/bdist.macosx-26.0-arm64/wheel/./spacedatanetwork_astro/sds/TDM
copying build/lib/spacedatanetwork_astro/sds/TDM/__init__.py -> build/bdist.macosx-26.0-arm64/wheel/./spacedatanetwork_astro/sds/TDM
copying build/lib/spacedatanetwork_astro/sds/TDM/TDMTransmitRamp.py -> build/bdist.macosx-26.0-arm64/wheel/./spacedatanetwork_astro/sds/TDM
copying build/lib/spacedatanetwork_astro/sds/TDM/OrbitFrame.py -> build/bdist.macosx-26.0-arm64/wheel/./spacedatanetwork_astro/sds/TDM
copying build/lib/spacedatanetwork_astro/sds/TDM/TDM.py -> build/bdist.macosx-26.0-arm64/wheel/./spacedatanetwork_astro/sds/TDM
copying build/lib/spacedatanetwork_astro/sds/TDM/CelestialFrame.py -> build/bdist.macosx-26.0-arm64/wheel/./spacedatanetwork_astro/sds/TDM
copying build/lib/spacedatanetwork_astro/sds/TDM/OrbitFrameWrapper.py -> build/bdist.macosx-26.0-arm64/wheel/./spacedatanetwork_astro/sds/TDM
copying build/lib/spacedatanetwork_astro/sds/TDM/RFM.py -> build/bdist.macosx-26.0-arm64/wheel/./spacedatanetwork_astro/sds/TDM
copying build/lib/spacedatanetwork_astro/sds/TDM/RFMOrigin.py -> build/bdist.macosx-26.0-arm64/wheel/./spacedatanetwork_astro/sds/TDM
copying build/lib/spacedatanetwork_astro/sds/TDM/RFMUnion.py -> build/bdist.macosx-26.0-arm64/wheel/./spacedatanetwork_astro/sds/TDM
copying build/lib/spacedatanetwork_astro/sds/TDM/RFMCoordinateSystemWrapper.py -> build/bdist.macosx-26.0-arm64/wheel/./spacedatanetwork_astro/sds/TDM
copying build/lib/spacedatanetwork_astro/sds/TDM/rfmAxisType.py -> build/bdist.macosx-26.0-arm64/wheel/./spacedatanetwork_astro/sds/TDM
copying build/lib/spacedatanetwork_astro/sds/TDM/TDMObservation.py -> build/bdist.macosx-26.0-arm64/wheel/./spacedatanetwork_astro/sds/TDM
copying build/lib/spacedatanetwork_astro/sds/TDM/SpacecraftFrame.py -> build/bdist.macosx-26.0-arm64/wheel/./spacedatanetwork_astro/sds/TDM
copying build/lib/spacedatanetwork_astro/sds/TDM/RFMObjectReferencedAxes.py -> build/bdist.macosx-26.0-arm64/wheel/./spacedatanetwork_astro/sds/TDM
copying build/lib/spacedatanetwork_astro/sds/TDM/rfmOriginKind.py -> build/bdist.macosx-26.0-arm64/wheel/./spacedatanetwork_astro/sds/TDM
creating build/bdist.macosx-26.0-arm64/wheel/spacedatanetwork_astro/sds/OCM
copying build/lib/spacedatanetwork_astro/sds/OCM/AtmosphericModelFamily.py -> build/bdist.macosx-26.0-arm64/wheel/./spacedatanetwork_astro/sds/OCM
copying build/lib/spacedatanetwork_astro/sds/OCM/IDM.py -> build/bdist.macosx-26.0-arm64/wheel/./spacedatanetwork_astro/sds/OCM
copying build/lib/spacedatanetwork_astro/sds/OCM/legacyCountryCode.py -> build/bdist.macosx-26.0-arm64/wheel/./spacedatanetwork_astro/sds/OCM
copying build/lib/spacedatanetwork_astro/sds/OCM/rfmLibrationPoint.py -> build/bdist.macosx-26.0-arm64/wheel/./spacedatanetwork_astro/sds/OCM
copying build/lib/spacedatanetwork_astro/sds/OCM/TIMCcsdsTimeCode.py -> build/bdist.macosx-26.0-arm64/wheel/./spacedatanetwork_astro/sds/OCM
copying build/lib/spacedatanetwork_astro/sds/OCM/Band.py -> build/bdist.macosx-26.0-arm64/wheel/./spacedatanetwork_astro/sds/OCM
copying build/lib/spacedatanetwork_astro/sds/OCM/TIMInstant.py -> build/bdist.macosx-26.0-arm64/wheel/./spacedatanetwork_astro/sds/OCM
copying build/lib/spacedatanetwork_astro/sds/OCM/SpacecraftFrameWrapper.py -> build/bdist.macosx-26.0-arm64/wheel/./spacedatanetwork_astro/sds/OCM
copying build/lib/spacedatanetwork_astro/sds/OCM/timConversionStatus.py -> build/bdist.macosx-26.0-arm64/wheel/./spacedatanetwork_astro/sds/OCM
copying build/lib/spacedatanetwork_astro/sds/OCM/operationalState.py -> build/bdist.macosx-26.0-arm64/wheel/./spacedatanetwork_astro/sds/OCM
copying build/lib/spacedatanetwork_astro/sds/OCM/Metadata.py -> build/bdist.macosx-26.0-arm64/wheel/./spacedatanetwork_astro/sds/OCM
copying build/lib/spacedatanetwork_astro/sds/OCM/orbitRegime.py -> build/bdist.macosx-26.0-arm64/wheel/./spacedatanetwork_astro/sds/OCM
copying build/lib/spacedatanetwork_astro/sds/OCM/timingStandard.py -> build/bdist.macosx-26.0-arm64/wheel/./spacedatanetwork_astro/sds/OCM
copying build/lib/spacedatanetwork_astro/sds/OCM/rfmVectorSpecification.py -> build/bdist.macosx-26.0-arm64/wheel/./spacedatanetwork_astro/sds/OCM
copying build/lib/spacedatanetwork_astro/sds/OCM/CustomFrameWrapper.py -> build/bdist.macosx-26.0-arm64/wheel/./spacedatanetwork_astro/sds/OCM
copying build/lib/spacedatanetwork_astro/sds/OCM/Header.py -> build/bdist.macosx-26.0-arm64/wheel/./spacedatanetwork_astro/sds/OCM
copying build/lib/spacedatanetwork_astro/sds/OCM/RFMLocalAlignedConstrainedAxes.py -> build/bdist.macosx-26.0-arm64/wheel/./spacedatanetwork_astro/sds/OCM
copying build/lib/spacedatanetwork_astro/sds/OCM/DataMode.py -> build/bdist.macosx-26.0-arm64/wheel/./spacedatanetwork_astro/sds/OCM
copying build/lib/spacedatanetwork_astro/sds/OCM/PhysicalProperties.py -> build/bdist.macosx-26.0-arm64/wheel/./spacedatanetwork_astro/sds/OCM
copying build/lib/spacedatanetwork_astro/sds/OCM/CAT.py -> build/bdist.macosx-26.0-arm64/wheel/./spacedatanetwork_astro/sds/OCM
copying build/lib/spacedatanetwork_astro/sds/OCM/CustomFrame.py -> build/bdist.macosx-26.0-arm64/wheel/./spacedatanetwork_astro/sds/OCM
copying build/lib/spacedatanetwork_astro/sds/OCM/SimplePolarization.py -> build/bdist.macosx-26.0-arm64/wheel/./spacedatanetwork_astro/sds/OCM
copying build/lib/spacedatanetwork_astro/sds/OCM/CelestialFrameWrapper.py -> build/bdist.macosx-26.0-arm64/wheel/./spacedatanetwork_astro/sds/OCM
copying build/lib/spacedatanetwork_astro/sds/OCM/RFMCoordinateSystem.py -> build/bdist.macosx-26.0-arm64/wheel/./spacedatanetwork_astro/sds/OCM
copying build/lib/spacedatanetwork_astro/sds/OCM/sizeShapeProfile.py -> build/bdist.macosx-26.0-arm64/wheel/./spacedatanetwork_astro/sds/OCM
copying build/lib/spacedatanetwork_astro/sds/OCM/StateVector.py -> build/bdist.macosx-26.0-arm64/wheel/./spacedatanetwork_astro/sds/OCM
copying build/lib/spacedatanetwork_astro/sds/OCM/spaceObjectClass.py -> build/bdist.macosx-26.0-arm64/wheel/./spacedatanetwork_astro/sds/OCM
copying build/lib/spacedatanetwork_astro/sds/OCM/PPEOrbitalElementRecord.py -> build/bdist.macosx-26.0-arm64/wheel/./spacedatanetwork_astro/sds/OCM
copying build/lib/spacedatanetwork_astro/sds/OCM/TIMConversionRequest.py -> build/bdist.macosx-26.0-arm64/wheel/./spacedatanetwork_astro/sds/OCM
copying build/lib/spacedatanetwork_astro/sds/OCM/Perturbations.py -> build/bdist.macosx-26.0-arm64/wheel/./spacedatanetwork_astro/sds/OCM
copying build/lib/spacedatanetwork_astro/sds/OCM/TIMConversionResult.py -> build/bdist.macosx-26.0-arm64/wheel/./spacedatanetwork_astro/sds/OCM
copying build/lib/spacedatanetwork_astro/sds/OCM/__init__.py -> build/bdist.macosx-26.0-arm64/wheel/./spacedatanetwork_astro/sds/OCM
copying build/lib/spacedatanetwork_astro/sds/OCM/Maneuver.py -> build/bdist.macosx-26.0-arm64/wheel/./spacedatanetwork_astro/sds/OCM
copying build/lib/spacedatanetwork_astro/sds/OCM/PLD.py -> build/bdist.macosx-26.0-arm64/wheel/./spacedatanetwork_astro/sds/OCM
copying build/lib/spacedatanetwork_astro/sds/OCM/TIM.py -> build/bdist.macosx-26.0-arm64/wheel/./spacedatanetwork_astro/sds/OCM
copying build/lib/spacedatanetwork_astro/sds/OCM/OCM.py -> build/bdist.macosx-26.0-arm64/wheel/./spacedatanetwork_astro/sds/OCM
copying build/lib/spacedatanetwork_astro/sds/OCM/OrbitFrame.py -> build/bdist.macosx-26.0-arm64/wheel/./spacedatanetwork_astro/sds/OCM
copying build/lib/spacedatanetwork_astro/sds/OCM/CelestialFrame.py -> build/bdist.macosx-26.0-arm64/wheel/./spacedatanetwork_astro/sds/OCM
copying build/lib/spacedatanetwork_astro/sds/OCM/DeviceType.py -> build/bdist.macosx-26.0-arm64/wheel/./spacedatanetwork_astro/sds/OCM
copying build/lib/spacedatanetwork_astro/sds/OCM/OrbitDetermination.py -> build/bdist.macosx-26.0-arm64/wheel/./spacedatanetwork_astro/sds/OCM
copying build/lib/spacedatanetwork_astro/sds/OCM/UserDefinedParameters.py -> build/bdist.macosx-26.0-arm64/wheel/./spacedatanetwork_astro/sds/OCM
copying build/lib/spacedatanetwork_astro/sds/OCM/PPE.py -> build/bdist.macosx-26.0-arm64/wheel/./spacedatanetwork_astro/sds/OCM
copying build/lib/spacedatanetwork_astro/sds/OCM/ATM.py -> build/bdist.macosx-26.0-arm64/wheel/./spacedatanetwork_astro/sds/OCM
copying build/lib/spacedatanetwork_astro/sds/OCM/PPEPositionRecord.py -> build/bdist.macosx-26.0-arm64/wheel/./spacedatanetwork_astro/sds/OCM
copying build/lib/spacedatanetwork_astro/sds/OCM/OrbitFrameWrapper.py -> build/bdist.macosx-26.0-arm64/wheel/./spacedatanetwork_astro/sds/OCM
copying build/lib/spacedatanetwork_astro/sds/OCM/StokesParameters.py -> build/bdist.macosx-26.0-arm64/wheel/./spacedatanetwork_astro/sds/OCM
copying build/lib/spacedatanetwork_astro/sds/OCM/massCategory.py -> build/bdist.macosx-26.0-arm64/wheel/./spacedatanetwork_astro/sds/OCM
copying build/lib/spacedatanetwork_astro/sds/OCM/RFM.py -> build/bdist.macosx-26.0-arm64/wheel/./spacedatanetwork_astro/sds/OCM
copying build/lib/spacedatanetwork_astro/sds/OCM/RFMOrigin.py -> build/bdist.macosx-26.0-arm64/wheel/./spacedatanetwork_astro/sds/OCM
copying build/lib/spacedatanetwork_astro/sds/OCM/RFMUnion.py -> build/bdist.macosx-26.0-arm64/wheel/./spacedatanetwork_astro/sds/OCM
copying build/lib/spacedatanetwork_astro/sds/OCM/polynomialBasisType.py -> build/bdist.macosx-26.0-arm64/wheel/./spacedatanetwork_astro/sds/OCM
copying build/lib/spacedatanetwork_astro/sds/OCM/RFMCoordinateSystemWrapper.py -> build/bdist.macosx-26.0-arm64/wheel/./spacedatanetwork_astro/sds/OCM
copying build/lib/spacedatanetwork_astro/sds/OCM/rfmAxisType.py -> build/bdist.macosx-26.0-arm64/wheel/./spacedatanetwork_astro/sds/OCM
copying build/lib/spacedatanetwork_astro/sds/OCM/timCcsdsTimeCodeKind.py -> build/bdist.macosx-26.0-arm64/wheel/./spacedatanetwork_astro/sds/OCM
copying build/lib/spacedatanetwork_astro/sds/OCM/timEpochRepresentation.py -> build/bdist.macosx-26.0-arm64/wheel/./spacedatanetwork_astro/sds/OCM
copying build/lib/spacedatanetwork_astro/sds/OCM/PolarizationType.py -> build/bdist.macosx-26.0-arm64/wheel/./spacedatanetwork_astro/sds/OCM
copying build/lib/spacedatanetwork_astro/sds/OCM/ppeAnomalyType.py -> build/bdist.macosx-26.0-arm64/wheel/./spacedatanetwork_astro/sds/OCM
copying build/lib/spacedatanetwork_astro/sds/OCM/SpacecraftFrame.py -> build/bdist.macosx-26.0-arm64/wheel/./spacedatanetwork_astro/sds/OCM
copying build/lib/spacedatanetwork_astro/sds/OCM/LCC.py -> build/bdist.macosx-26.0-arm64/wheel/./spacedatanetwork_astro/sds/OCM
copying build/lib/spacedatanetwork_astro/sds/OCM/RFMObjectReferencedAxes.py -> build/bdist.macosx-26.0-arm64/wheel/./spacedatanetwork_astro/sds/OCM
copying build/lib/spacedatanetwork_astro/sds/OCM/estimatorCategory.py -> build/bdist.macosx-26.0-arm64/wheel/./spacedatanetwork_astro/sds/OCM
copying build/lib/spacedatanetwork_astro/sds/OCM/dataAvailability.py -> build/bdist.macosx-26.0-arm64/wheel/./spacedatanetwork_astro/sds/OCM
copying build/lib/spacedatanetwork_astro/sds/OCM/trajectoryType.py -> build/bdist.macosx-26.0-arm64/wheel/./spacedatanetwork_astro/sds/OCM
copying build/lib/spacedatanetwork_astro/sds/OCM/rfmOriginKind.py -> build/bdist.macosx-26.0-arm64/wheel/./spacedatanetwork_astro/sds/OCM
copying build/lib/spacedatanetwork_astro/sds/OCM/FrequencyRange.py -> build/bdist.macosx-26.0-arm64/wheel/./spacedatanetwork_astro/sds/OCM
creating build/bdist.macosx-26.0-arm64/wheel/spacedatanetwork_astro/sds/ACW
copying build/lib/spacedatanetwork_astro/sds/ACW/ACWRefractionModel.py -> build/bdist.macosx-26.0-arm64/wheel/./spacedatanetwork_astro/sds/ACW
copying build/lib/spacedatanetwork_astro/sds/ACW/ACWRequest.py -> build/bdist.macosx-26.0-arm64/wheel/./spacedatanetwork_astro/sds/ACW
copying build/lib/spacedatanetwork_astro/sds/ACW/ACWElevationMaskPoint.py -> build/bdist.macosx-26.0-arm64/wheel/./spacedatanetwork_astro/sds/ACW
copying build/lib/spacedatanetwork_astro/sds/ACW/__init__.py -> build/bdist.macosx-26.0-arm64/wheel/./spacedatanetwork_astro/sds/ACW
copying build/lib/spacedatanetwork_astro/sds/ACW/acwResultStatus.py -> build/bdist.macosx-26.0-arm64/wheel/./spacedatanetwork_astro/sds/ACW
copying build/lib/spacedatanetwork_astro/sds/ACW/ACW.py -> build/bdist.macosx-26.0-arm64/wheel/./spacedatanetwork_astro/sds/ACW
copying build/lib/spacedatanetwork_astro/sds/ACW/ACWResult.py -> build/bdist.macosx-26.0-arm64/wheel/./spacedatanetwork_astro/sds/ACW
copying build/lib/spacedatanetwork_astro/sds/ACW/ACWStateSample.py -> build/bdist.macosx-26.0-arm64/wheel/./spacedatanetwork_astro/sds/ACW
copying build/lib/spacedatanetwork_astro/sds/ACW/ACWBlackoutWindow.py -> build/bdist.macosx-26.0-arm64/wheel/./spacedatanetwork_astro/sds/ACW
copying build/lib/spacedatanetwork_astro/sds/ACW/acwRefractionModelKind.py -> build/bdist.macosx-26.0-arm64/wheel/./spacedatanetwork_astro/sds/ACW
copying build/lib/spacedatanetwork_astro/sds/ACW/acwOperationCode.py -> build/bdist.macosx-26.0-arm64/wheel/./spacedatanetwork_astro/sds/ACW
copying build/lib/spacedatanetwork_astro/sds/ACW/ACWGroundStation.py -> build/bdist.macosx-26.0-arm64/wheel/./spacedatanetwork_astro/sds/ACW
copying build/lib/spacedatanetwork_astro/sds/ACW/ACWAccessWindow.py -> build/bdist.macosx-26.0-arm64/wheel/./spacedatanetwork_astro/sds/ACW
creating build/bdist.macosx-26.0-arm64/wheel/spacedatanetwork_astro/sds/MEM
copying build/lib/spacedatanetwork_astro/sds/MEM/memMeasurementType.py -> build/bdist.macosx-26.0-arm64/wheel/./spacedatanetwork_astro/sds/MEM
copying build/lib/spacedatanetwork_astro/sds/MEM/MEMErrorModel.py -> build/bdist.macosx-26.0-arm64/wheel/./spacedatanetwork_astro/sds/MEM
copying build/lib/spacedatanetwork_astro/sds/MEM/memEditingAction.py -> build/bdist.macosx-26.0-arm64/wheel/./spacedatanetwork_astro/sds/MEM
copying build/lib/spacedatanetwork_astro/sds/MEM/__init__.py -> build/bdist.macosx-26.0-arm64/wheel/./spacedatanetwork_astro/sds/MEM
copying build/lib/spacedatanetwork_astro/sds/MEM/MEMEditingDecision.py -> build/bdist.macosx-26.0-arm64/wheel/./spacedatanetwork_astro/sds/MEM
copying build/lib/spacedatanetwork_astro/sds/MEM/MEM.py -> build/bdist.macosx-26.0-arm64/wheel/./spacedatanetwork_astro/sds/MEM
copying build/lib/spacedatanetwork_astro/sds/MEM/memEditingReason.py -> build/bdist.macosx-26.0-arm64/wheel/./spacedatanetwork_astro/sds/MEM
copying build/lib/spacedatanetwork_astro/sds/MEM/memIonosphereModel.py -> build/bdist.macosx-26.0-arm64/wheel/./spacedatanetwork_astro/sds/MEM
copying build/lib/spacedatanetwork_astro/sds/MEM/MEMAttestation.py -> build/bdist.macosx-26.0-arm64/wheel/./spacedatanetwork_astro/sds/MEM
copying build/lib/spacedatanetwork_astro/sds/MEM/memTroposphereModel.py -> build/bdist.macosx-26.0-arm64/wheel/./spacedatanetwork_astro/sds/MEM
copying build/lib/spacedatanetwork_astro/_version.py -> build/bdist.macosx-26.0-arm64/wheel/./spacedatanetwork_astro
creating build/bdist.macosx-26.0-arm64/wheel/spacedatanetwork_astro/invoke
creating build/bdist.macosx-26.0-arm64/wheel/spacedatanetwork_astro/invoke/legacy
copying build/lib/spacedatanetwork_astro/invoke/legacy/__init__.py -> build/bdist.macosx-26.0-arm64/wheel/./spacedatanetwork_astro/invoke/legacy
creating build/bdist.macosx-26.0-arm64/wheel/spacedatanetwork_astro/invoke/legacy/orbpro
copying build/lib/spacedatanetwork_astro/invoke/legacy/orbpro/EntityHandle.py -> build/bdist.macosx-26.0-arm64/wheel/./spacedatanetwork_astro/invoke/legacy/orbpro
copying build/lib/spacedatanetwork_astro/invoke/legacy/orbpro/Color.py -> build/bdist.macosx-26.0-arm64/wheel/./spacedatanetwork_astro/invoke/legacy/orbpro
copying build/lib/spacedatanetwork_astro/invoke/legacy/orbpro/Vec4.py -> build/bdist.macosx-26.0-arm64/wheel/./spacedatanetwork_astro/invoke/legacy/orbpro
copying build/lib/spacedatanetwork_astro/invoke/legacy/orbpro/Bool32.py -> build/bdist.macosx-26.0-arm64/wheel/./spacedatanetwork_astro/invoke/legacy/orbpro
copying build/lib/spacedatanetwork_astro/invoke/legacy/orbpro/EncodedCartesian3.py -> build/bdist.macosx-26.0-arm64/wheel/./spacedatanetwork_astro/invoke/legacy/orbpro
copying build/lib/spacedatanetwork_astro/invoke/legacy/orbpro/JulianDate.py -> build/bdist.macosx-26.0-arm64/wheel/./spacedatanetwork_astro/invoke/legacy/orbpro
copying build/lib/spacedatanetwork_astro/invoke/legacy/orbpro/Cartographic.py -> build/bdist.macosx-26.0-arm64/wheel/./spacedatanetwork_astro/invoke/legacy/orbpro
copying build/lib/spacedatanetwork_astro/invoke/legacy/orbpro/Colorf.py -> build/bdist.macosx-26.0-arm64/wheel/./spacedatanetwork_astro/invoke/legacy/orbpro
copying build/lib/spacedatanetwork_astro/invoke/legacy/orbpro/BoundingSphere.py -> build/bdist.macosx-26.0-arm64/wheel/./spacedatanetwork_astro/invoke/legacy/orbpro
copying build/lib/spacedatanetwork_astro/invoke/legacy/orbpro/Matrix3.py -> build/bdist.macosx-26.0-arm64/wheel/./spacedatanetwork_astro/invoke/legacy/orbpro
creating build/bdist.macosx-26.0-arm64/wheel/spacedatanetwork_astro/invoke/legacy/orbpro/propagator
copying build/lib/spacedatanetwork_astro/invoke/legacy/orbpro/propagator/PropagatorBatchRequest.py -> build/bdist.macosx-26.0-arm64/wheel/./spacedatanetwork_astro/invoke/legacy/orbpro/propagator
copying build/lib/spacedatanetwork_astro/invoke/legacy/orbpro/propagator/StateFlags.py -> build/bdist.macosx-26.0-arm64/wheel/./spacedatanetwork_astro/invoke/legacy/orbpro/propagator
copying build/lib/spacedatanetwork_astro/invoke/legacy/orbpro/propagator/PropagatorInit.py -> build/bdist.macosx-26.0-arm64/wheel/./spacedatanetwork_astro/invoke/legacy/orbpro/propagator
copying build/lib/spacedatanetwork_astro/invoke/legacy/orbpro/propagator/ReferenceFrame.py -> build/bdist.macosx-26.0-arm64/wheel/./spacedatanetwork_astro/invoke/legacy/orbpro/propagator
copying build/lib/spacedatanetwork_astro/invoke/legacy/orbpro/propagator/StateVector.py -> build/bdist.macosx-26.0-arm64/wheel/./spacedatanetwork_astro/invoke/legacy/orbpro/propagator
copying build/lib/spacedatanetwork_astro/invoke/legacy/orbpro/propagator/__init__.py -> build/bdist.macosx-26.0-arm64/wheel/./spacedatanetwork_astro/invoke/legacy/orbpro/propagator
copying build/lib/spacedatanetwork_astro/invoke/legacy/orbpro/propagator/TLEData.py -> build/bdist.macosx-26.0-arm64/wheel/./spacedatanetwork_astro/invoke/legacy/orbpro/propagator
copying build/lib/spacedatanetwork_astro/invoke/legacy/orbpro/propagator/KeplerianElements.py -> build/bdist.macosx-26.0-arm64/wheel/./spacedatanetwork_astro/invoke/legacy/orbpro/propagator
copying build/lib/spacedatanetwork_astro/invoke/legacy/orbpro/propagator/PropagatorBatchResponse.py -> build/bdist.macosx-26.0-arm64/wheel/./spacedatanetwork_astro/invoke/legacy/orbpro/propagator
copying build/lib/spacedatanetwork_astro/invoke/legacy/orbpro/Cartesian4.py -> build/bdist.macosx-26.0-arm64/wheel/./spacedatanetwork_astro/invoke/legacy/orbpro
copying build/lib/spacedatanetwork_astro/invoke/legacy/orbpro/Quaternion.py -> build/bdist.macosx-26.0-arm64/wheel/./spacedatanetwork_astro/invoke/legacy/orbpro
copying build/lib/spacedatanetwork_astro/invoke/legacy/orbpro/__init__.py -> build/bdist.macosx-26.0-arm64/wheel/./spacedatanetwork_astro/invoke/legacy/orbpro
copying build/lib/spacedatanetwork_astro/invoke/legacy/orbpro/Bool8.py -> build/bdist.macosx-26.0-arm64/wheel/./spacedatanetwork_astro/invoke/legacy/orbpro
copying build/lib/spacedatanetwork_astro/invoke/legacy/orbpro/DistanceDisplayCondition.py -> build/bdist.macosx-26.0-arm64/wheel/./spacedatanetwork_astro/invoke/legacy/orbpro
copying build/lib/spacedatanetwork_astro/invoke/legacy/orbpro/BoundingBox.py -> build/bdist.macosx-26.0-arm64/wheel/./spacedatanetwork_astro/invoke/legacy/orbpro
copying build/lib/spacedatanetwork_astro/invoke/legacy/orbpro/Quaternionf.py -> build/bdist.macosx-26.0-arm64/wheel/./spacedatanetwork_astro/invoke/legacy/orbpro
copying build/lib/spacedatanetwork_astro/invoke/legacy/orbpro/Cartesian2.py -> build/bdist.macosx-26.0-arm64/wheel/./spacedatanetwork_astro/invoke/legacy/orbpro
copying build/lib/spacedatanetwork_astro/invoke/legacy/orbpro/Cartesian3.py -> build/bdist.macosx-26.0-arm64/wheel/./spacedatanetwork_astro/invoke/legacy/orbpro
copying build/lib/spacedatanetwork_astro/invoke/legacy/orbpro/EncodedVec3.py -> build/bdist.macosx-26.0-arm64/wheel/./spacedatanetwork_astro/invoke/legacy/orbpro
copying build/lib/spacedatanetwork_astro/invoke/legacy/orbpro/Rectangle.py -> build/bdist.macosx-26.0-arm64/wheel/./spacedatanetwork_astro/invoke/legacy/orbpro
copying build/lib/spacedatanetwork_astro/invoke/legacy/orbpro/TimeInterval.py -> build/bdist.macosx-26.0-arm64/wheel/./spacedatanetwork_astro/invoke/legacy/orbpro
copying build/lib/spacedatanetwork_astro/invoke/legacy/orbpro/Matrix4.py -> build/bdist.macosx-26.0-arm64/wheel/./spacedatanetwork_astro/invoke/legacy/orbpro
copying build/lib/spacedatanetwork_astro/invoke/legacy/orbpro/BoundingRectangle.py -> build/bdist.macosx-26.0-arm64/wheel/./spacedatanetwork_astro/invoke/legacy/orbpro
copying build/lib/spacedatanetwork_astro/invoke/legacy/orbpro/OptionalDouble.py -> build/bdist.macosx-26.0-arm64/wheel/./spacedatanetwork_astro/invoke/legacy/orbpro
copying build/lib/spacedatanetwork_astro/invoke/legacy/orbpro/Vec3f.py -> build/bdist.macosx-26.0-arm64/wheel/./spacedatanetwork_astro/invoke/legacy/orbpro
copying build/lib/spacedatanetwork_astro/invoke/legacy/orbpro/HeadingPitchRoll.py -> build/bdist.macosx-26.0-arm64/wheel/./spacedatanetwork_astro/invoke/legacy/orbpro
copying build/lib/spacedatanetwork_astro/invoke/legacy/orbpro/Vec3.py -> build/bdist.macosx-26.0-arm64/wheel/./spacedatanetwork_astro/invoke/legacy/orbpro
copying build/lib/spacedatanetwork_astro/invoke/legacy/orbpro/Vec2f.py -> build/bdist.macosx-26.0-arm64/wheel/./spacedatanetwork_astro/invoke/legacy/orbpro
copying build/lib/spacedatanetwork_astro/invoke/legacy/orbpro/Cartesian4f.py -> build/bdist.macosx-26.0-arm64/wheel/./spacedatanetwork_astro/invoke/legacy/orbpro
copying build/lib/spacedatanetwork_astro/invoke/legacy/orbpro/Vec2.py -> build/bdist.macosx-26.0-arm64/wheel/./spacedatanetwork_astro/invoke/legacy/orbpro
copying build/lib/spacedatanetwork_astro/invoke/legacy/orbpro/Color8.py -> build/bdist.macosx-26.0-arm64/wheel/./spacedatanetwork_astro/invoke/legacy/orbpro
copying build/lib/spacedatanetwork_astro/invoke/legacy/orbpro/Cartesian3f.py -> build/bdist.macosx-26.0-arm64/wheel/./spacedatanetwork_astro/invoke/legacy/orbpro
copying build/lib/spacedatanetwork_astro/invoke/legacy/orbpro/EntityId.py -> build/bdist.macosx-26.0-arm64/wheel/./spacedatanetwork_astro/invoke/legacy/orbpro
copying build/lib/spacedatanetwork_astro/invoke/legacy/orbpro/NearFarScalar.py -> build/bdist.macosx-26.0-arm64/wheel/./spacedatanetwork_astro/invoke/legacy/orbpro
copying build/lib/spacedatanetwork_astro/invoke/legacy/orbpro/Cartesian2f.py -> build/bdist.macosx-26.0-arm64/wheel/./spacedatanetwork_astro/invoke/legacy/orbpro
copying build/lib/spacedatanetwork_astro/invoke/legacy/orbpro/Vec4f.py -> build/bdist.macosx-26.0-arm64/wheel/./spacedatanetwork_astro/invoke/legacy/orbpro
copying build/lib/spacedatanetwork_astro/invoke/__init__.py -> build/bdist.macosx-26.0-arm64/wheel/./spacedatanetwork_astro/invoke
copying build/lib/spacedatanetwork_astro/invoke/SDK-LICENSE.txt -> build/bdist.macosx-26.0-arm64/wheel/./spacedatanetwork_astro/invoke
creating build/bdist.macosx-26.0-arm64/wheel/spacedatanetwork_astro/invoke/orbpro
creating build/bdist.macosx-26.0-arm64/wheel/spacedatanetwork_astro/invoke/orbpro/conjunction
copying build/lib/spacedatanetwork_astro/invoke/orbpro/conjunction/GpRecord.py -> build/bdist.macosx-26.0-arm64/wheel/./spacedatanetwork_astro/invoke/orbpro/conjunction
copying build/lib/spacedatanetwork_astro/invoke/orbpro/conjunction/ConjunctionPcResult.py -> build/bdist.macosx-26.0-arm64/wheel/./spacedatanetwork_astro/invoke/orbpro/conjunction
copying build/lib/spacedatanetwork_astro/invoke/orbpro/conjunction/ConjunctionFindTcaResult.py -> build/bdist.macosx-26.0-arm64/wheel/./spacedatanetwork_astro/invoke/orbpro/conjunction
copying build/lib/spacedatanetwork_astro/invoke/orbpro/conjunction/ConjunctionVersionResult.py -> build/bdist.macosx-26.0-arm64/wheel/./spacedatanetwork_astro/invoke/orbpro/conjunction
copying build/lib/spacedatanetwork_astro/invoke/orbpro/conjunction/ConjunctionPcRequest.py -> build/bdist.macosx-26.0-arm64/wheel/./spacedatanetwork_astro/invoke/orbpro/conjunction
copying build/lib/spacedatanetwork_astro/invoke/orbpro/conjunction/PropagatedSample.py -> build/bdist.macosx-26.0-arm64/wheel/./spacedatanetwork_astro/invoke/orbpro/conjunction
copying build/lib/spacedatanetwork_astro/invoke/orbpro/conjunction/ConjunctionReferenceFrame.py -> build/bdist.macosx-26.0-arm64/wheel/./spacedatanetwork_astro/invoke/orbpro/conjunction
copying build/lib/spacedatanetwork_astro/invoke/orbpro/conjunction/__init__.py -> build/bdist.macosx-26.0-arm64/wheel/./spacedatanetwork_astro/invoke/orbpro/conjunction
copying build/lib/spacedatanetwork_astro/invoke/orbpro/conjunction/ConjunctionPairRequest.py -> build/bdist.macosx-26.0-arm64/wheel/./spacedatanetwork_astro/invoke/orbpro/conjunction
copying build/lib/spacedatanetwork_astro/invoke/orbpro/conjunction/ConjunctionSourceKind.py -> build/bdist.macosx-26.0-arm64/wheel/./spacedatanetwork_astro/invoke/orbpro/conjunction
copying build/lib/spacedatanetwork_astro/invoke/orbpro/conjunction/ConjunctionEvent.py -> build/bdist.macosx-26.0-arm64/wheel/./spacedatanetwork_astro/invoke/orbpro/conjunction
copying build/lib/spacedatanetwork_astro/invoke/orbpro/conjunction/TleRecord.py -> build/bdist.macosx-26.0-arm64/wheel/./spacedatanetwork_astro/invoke/orbpro/conjunction
copying build/lib/spacedatanetwork_astro/invoke/orbpro/conjunction/ConjunctionAlfanoRequest.py -> build/bdist.macosx-26.0-arm64/wheel/./spacedatanetwork_astro/invoke/orbpro/conjunction
copying build/lib/spacedatanetwork_astro/invoke/orbpro/conjunction/ConjunctionSelectedSource.py -> build/bdist.macosx-26.0-arm64/wheel/./spacedatanetwork_astro/invoke/orbpro/conjunction
copying build/lib/spacedatanetwork_astro/invoke/orbpro/conjunction/ConjunctionScreenCatalogResult.py -> build/bdist.macosx-26.0-arm64/wheel/./spacedatanetwork_astro/invoke/orbpro/conjunction
copying build/lib/spacedatanetwork_astro/invoke/orbpro/conjunction/BPlaneGeometry.py -> build/bdist.macosx-26.0-arm64/wheel/./spacedatanetwork_astro/invoke/orbpro/conjunction
copying build/lib/spacedatanetwork_astro/invoke/orbpro/conjunction/ConjunctionAlfanoResult.py -> build/bdist.macosx-26.0-arm64/wheel/./spacedatanetwork_astro/invoke/orbpro/conjunction
copying build/lib/spacedatanetwork_astro/invoke/orbpro/conjunction/ConjunctionScreenCatalogRequest.py -> build/bdist.macosx-26.0-arm64/wheel/./spacedatanetwork_astro/invoke/orbpro/conjunction
copying build/lib/spacedatanetwork_astro/invoke/orbpro/conjunction/PropagatedTrack.py -> build/bdist.macosx-26.0-arm64/wheel/./spacedatanetwork_astro/invoke/orbpro/conjunction
copying build/lib/spacedatanetwork_astro/invoke/orbpro/conjunction/ScreeningStats.py -> build/bdist.macosx-26.0-arm64/wheel/./spacedatanetwork_astro/invoke/orbpro/conjunction
creating build/bdist.macosx-26.0-arm64/wheel/spacedatanetwork_astro/invoke/orbpro/plugins
copying build/lib/spacedatanetwork_astro/invoke/orbpro/plugins/PropagatorState.py -> build/bdist.macosx-26.0-arm64/wheel/./spacedatanetwork_astro/invoke/orbpro/plugins
copying build/lib/spacedatanetwork_astro/invoke/orbpro/plugins/ReferenceFrame.py -> build/bdist.macosx-26.0-arm64/wheel/./spacedatanetwork_astro/invoke/orbpro/plugins
copying build/lib/spacedatanetwork_astro/invoke/orbpro/plugins/__init__.py -> build/bdist.macosx-26.0-arm64/wheel/./spacedatanetwork_astro/invoke/orbpro/plugins
creating build/bdist.macosx-26.0-arm64/wheel/spacedatanetwork_astro/invoke/orbpro/entity
copying build/lib/spacedatanetwork_astro/invoke/orbpro/entity/EntityKind.py -> build/bdist.macosx-26.0-arm64/wheel/./spacedatanetwork_astro/invoke/orbpro/entity
copying build/lib/spacedatanetwork_astro/invoke/orbpro/entity/EntityMetadata.py -> build/bdist.macosx-26.0-arm64/wheel/./spacedatanetwork_astro/invoke/orbpro/entity
copying build/lib/spacedatanetwork_astro/invoke/orbpro/entity/__init__.py -> build/bdist.macosx-26.0-arm64/wheel/./spacedatanetwork_astro/invoke/orbpro/entity
copying build/lib/spacedatanetwork_astro/invoke/orbpro/entity/EntityStandardsLink.py -> build/bdist.macosx-26.0-arm64/wheel/./spacedatanetwork_astro/invoke/orbpro/entity
copying build/lib/spacedatanetwork_astro/invoke/orbpro/entity/StandardsRecordIndex.py -> build/bdist.macosx-26.0-arm64/wheel/./spacedatanetwork_astro/invoke/orbpro/entity
creating build/bdist.macosx-26.0-arm64/wheel/spacedatanetwork_astro/invoke/orbpro/propagator
copying build/lib/spacedatanetwork_astro/invoke/orbpro/propagator/PropagatorSourceKind.py -> build/bdist.macosx-26.0-arm64/wheel/./spacedatanetwork_astro/invoke/orbpro/propagator
copying build/lib/spacedatanetwork_astro/invoke/orbpro/propagator/PropagatorDescribeSourcesBatchRequest.py -> build/bdist.macosx-26.0-arm64/wheel/./spacedatanetwork_astro/invoke/orbpro/propagator
copying build/lib/spacedatanetwork_astro/invoke/orbpro/propagator/StateFlags.py -> build/bdist.macosx-26.0-arm64/wheel/./spacedatanetwork_astro/invoke/orbpro/propagator
copying build/lib/spacedatanetwork_astro/invoke/orbpro/propagator/ReferenceFrame.py -> build/bdist.macosx-26.0-arm64/wheel/./spacedatanetwork_astro/invoke/orbpro/propagator
copying build/lib/spacedatanetwork_astro/invoke/orbpro/propagator/StateVector.py -> build/bdist.macosx-26.0-arm64/wheel/./spacedatanetwork_astro/invoke/orbpro/propagator
copying build/lib/spacedatanetwork_astro/invoke/orbpro/propagator/__init__.py -> build/bdist.macosx-26.0-arm64/wheel/./spacedatanetwork_astro/invoke/orbpro/propagator
copying build/lib/spacedatanetwork_astro/invoke/orbpro/propagator/OMMRecord.py -> build/bdist.macosx-26.0-arm64/wheel/./spacedatanetwork_astro/invoke/orbpro/propagator
copying build/lib/spacedatanetwork_astro/invoke/orbpro/propagator/EphemerisFormat.py -> build/bdist.macosx-26.0-arm64/wheel/./spacedatanetwork_astro/invoke/orbpro/propagator
copying build/lib/spacedatanetwork_astro/invoke/orbpro/propagator/PropagatorDescribeSourcesBatchResult.py -> build/bdist.macosx-26.0-arm64/wheel/./spacedatanetwork_astro/invoke/orbpro/propagator
copying build/lib/spacedatanetwork_astro/invoke/orbpro/propagator/PropagatorSampleTrajectoryStatesRequest.py -> build/bdist.macosx-26.0-arm64/wheel/./spacedatanetwork_astro/invoke/orbpro/propagator
copying build/lib/spacedatanetwork_astro/invoke/orbpro/propagator/OrbitalElements.py -> build/bdist.macosx-26.0-arm64/wheel/./spacedatanetwork_astro/invoke/orbpro/propagator
copying build/lib/spacedatanetwork_astro/invoke/orbpro/propagator/PropagatorSourceDescription.py -> build/bdist.macosx-26.0-arm64/wheel/./spacedatanetwork_astro/invoke/orbpro/propagator
copying build/lib/spacedatanetwork_astro/invoke/orbpro/propagator/PropagatorSampleTrajectoryStatesResult.py -> build/bdist.macosx-26.0-arm64/wheel/./spacedatanetwork_astro/invoke/orbpro/propagator
copying build/lib/spacedatanetwork_astro/invoke/orbpro/propagator/ErrorCode.py -> build/bdist.macosx-26.0-arm64/wheel/./spacedatanetwork_astro/invoke/orbpro/propagator
creating build/bdist.macosx-26.0-arm64/wheel/spacedatanetwork_astro/invoke/orbpro/plugin
copying build/lib/spacedatanetwork_astro/invoke/orbpro/plugin/__init__.py -> build/bdist.macosx-26.0-arm64/wheel/./spacedatanetwork_astro/invoke/orbpro/plugin
copying build/lib/spacedatanetwork_astro/invoke/orbpro/plugin/RawDataPayload.py -> build/bdist.macosx-26.0-arm64/wheel/./spacedatanetwork_astro/invoke/orbpro/plugin
copying build/lib/spacedatanetwork_astro/invoke/orbpro/__init__.py -> build/bdist.macosx-26.0-arm64/wheel/./spacedatanetwork_astro/invoke/orbpro
creating build/bdist.macosx-26.0-arm64/wheel/spacedatanetwork_astro/invoke/orbpro/estimation
copying build/lib/spacedatanetwork_astro/invoke/orbpro/estimation/EstimationResult.py -> build/bdist.macosx-26.0-arm64/wheel/./spacedatanetwork_astro/invoke/orbpro/estimation
copying build/lib/spacedatanetwork_astro/invoke/orbpro/estimation/EstimationEpoch.py -> build/bdist.macosx-26.0-arm64/wheel/./spacedatanetwork_astro/invoke/orbpro/estimation
copying build/lib/spacedatanetwork_astro/invoke/orbpro/estimation/FilterEpoch.py -> build/bdist.macosx-26.0-arm64/wheel/./spacedatanetwork_astro/invoke/orbpro/estimation
copying build/lib/spacedatanetwork_astro/invoke/orbpro/estimation/InitialOrbitResult.py -> build/bdist.macosx-26.0-arm64/wheel/./spacedatanetwork_astro/invoke/orbpro/estimation
copying build/lib/spacedatanetwork_astro/invoke/orbpro/estimation/MeasurementKind.py -> build/bdist.macosx-26.0-arm64/wheel/./spacedatanetwork_astro/invoke/orbpro/estimation
copying build/lib/spacedatanetwork_astro/invoke/orbpro/estimation/InitialOrbitKind.py -> build/bdist.macosx-26.0-arm64/wheel/./spacedatanetwork_astro/invoke/orbpro/estimation
copying build/lib/spacedatanetwork_astro/invoke/orbpro/estimation/InitialOrbitRequest.py -> build/bdist.macosx-26.0-arm64/wheel/./spacedatanetwork_astro/invoke/orbpro/estimation
copying build/lib/spacedatanetwork_astro/invoke/orbpro/estimation/EstimationObservation.py -> build/bdist.macosx-26.0-arm64/wheel/./spacedatanetwork_astro/invoke/orbpro/estimation
copying build/lib/spacedatanetwork_astro/invoke/orbpro/estimation/EstimationEnvelope.py -> build/bdist.macosx-26.0-arm64/wheel/./spacedatanetwork_astro/invoke/orbpro/estimation
copying build/lib/spacedatanetwork_astro/invoke/orbpro/estimation/__init__.py -> build/bdist.macosx-26.0-arm64/wheel/./spacedatanetwork_astro/invoke/orbpro/estimation
copying build/lib/spacedatanetwork_astro/invoke/orbpro/estimation/EstimationState.py -> build/bdist.macosx-26.0-arm64/wheel/./spacedatanetwork_astro/invoke/orbpro/estimation
copying build/lib/spacedatanetwork_astro/invoke/orbpro/estimation/EstimationStatus.py -> build/bdist.macosx-26.0-arm64/wheel/./spacedatanetwork_astro/invoke/orbpro/estimation
copying build/lib/spacedatanetwork_astro/invoke/orbpro/estimation/ProcessNoiseKind.py -> build/bdist.macosx-26.0-arm64/wheel/./spacedatanetwork_astro/invoke/orbpro/estimation
copying build/lib/spacedatanetwork_astro/invoke/orbpro/estimation/EstimationConfig.py -> build/bdist.macosx-26.0-arm64/wheel/./spacedatanetwork_astro/invoke/orbpro/estimation
copying build/lib/spacedatanetwork_astro/invoke/orbpro/estimation/EstimationRequest.py -> build/bdist.macosx-26.0-arm64/wheel/./spacedatanetwork_astro/invoke/orbpro/estimation
copying build/lib/spacedatanetwork_astro/invoke/orbpro/estimation/TroposphereKind.py -> build/bdist.macosx-26.0-arm64/wheel/./spacedatanetwork_astro/invoke/orbpro/estimation
copying build/lib/spacedatanetwork_astro/invoke/orbpro/estimation/EstimationPropagatorSample.py -> build/bdist.macosx-26.0-arm64/wheel/./spacedatanetwork_astro/invoke/orbpro/estimation
copying build/lib/spacedatanetwork_astro/invoke/orbpro/estimation/IonosphereKind.py -> build/bdist.macosx-26.0-arm64/wheel/./spacedatanetwork_astro/invoke/orbpro/estimation
copying build/lib/spacedatanetwork_astro/invoke/orbpro/estimation/EstimationErrorModel.py -> build/bdist.macosx-26.0-arm64/wheel/./spacedatanetwork_astro/invoke/orbpro/estimation
copying build/lib/spacedatanetwork_astro/invoke/orbpro/estimation/EstimatorKind.py -> build/bdist.macosx-26.0-arm64/wheel/./spacedatanetwork_astro/invoke/orbpro/estimation
copying build/lib/spacedatanetwork_astro/invoke/orbpro/Vec3.py -> build/bdist.macosx-26.0-arm64/wheel/./spacedatanetwork_astro/invoke/orbpro
creating build/bdist.macosx-26.0-arm64/wheel/spacedatanetwork_astro/invoke/orbpro/events
copying build/lib/spacedatanetwork_astro/invoke/orbpro/events/RootPolicy.py -> build/bdist.macosx-26.0-arm64/wheel/./spacedatanetwork_astro/invoke/orbpro/events
copying build/lib/spacedatanetwork_astro/invoke/orbpro/events/EventInterval.py -> build/bdist.macosx-26.0-arm64/wheel/./spacedatanetwork_astro/invoke/orbpro/events
copying build/lib/spacedatanetwork_astro/invoke/orbpro/events/CrossingDirection.py -> build/bdist.macosx-26.0-arm64/wheel/./spacedatanetwork_astro/invoke/orbpro/events
copying build/lib/spacedatanetwork_astro/invoke/orbpro/events/__init__.py -> build/bdist.macosx-26.0-arm64/wheel/./spacedatanetwork_astro/invoke/orbpro/events
copying build/lib/spacedatanetwork_astro/invoke/orbpro/events/RootStatus.py -> build/bdist.macosx-26.0-arm64/wheel/./spacedatanetwork_astro/invoke/orbpro/events
copying build/lib/spacedatanetwork_astro/invoke/orbpro/events/EventFlags.py -> build/bdist.macosx-26.0-arm64/wheel/./spacedatanetwork_astro/invoke/orbpro/events
copying build/lib/spacedatanetwork_astro/invoke/orbpro/events/EventHit.py -> build/bdist.macosx-26.0-arm64/wheel/./spacedatanetwork_astro/invoke/orbpro/events
copying build/lib/spacedatanetwork_astro/invoke/orbpro/events/EventLocatorDescription.py -> build/bdist.macosx-26.0-arm64/wheel/./spacedatanetwork_astro/invoke/orbpro/events
copying build/lib/spacedatanetwork_astro/invoke/orbpro/events/EventScanSummary.py -> build/bdist.macosx-26.0-arm64/wheel/./spacedatanetwork_astro/invoke/orbpro/events
copying build/lib/spacedatanetwork_astro/invoke/orbpro/events/EventParameter.py -> build/bdist.macosx-26.0-arm64/wheel/./spacedatanetwork_astro/invoke/orbpro/events
copying build/lib/spacedatanetwork_astro/invoke/orbpro/events/EventComponent.py -> build/bdist.macosx-26.0-arm64/wheel/./spacedatanetwork_astro/invoke/orbpro/events
copying build/lib/spacedatanetwork_astro/invoke/orbpro/events/ComponentContinuity.py -> build/bdist.macosx-26.0-arm64/wheel/./spacedatanetwork_astro/invoke/orbpro/events
copying build/lib/spacedatanetwork_astro/invoke/orbpro/events/EventScanResult.py -> build/bdist.macosx-26.0-arm64/wheel/./spacedatanetwork_astro/invoke/orbpro/events
copying build/lib/spacedatanetwork_astro/invoke/orbpro/events/EventLocatorConfig.py -> build/bdist.macosx-26.0-arm64/wheel/./spacedatanetwork_astro/invoke/orbpro/events
copying build/lib/spacedatanetwork_astro/invoke/orbpro/events/RootMethod.py -> build/bdist.macosx-26.0-arm64/wheel/./spacedatanetwork_astro/invoke/orbpro/events
copying build/lib/spacedatanetwork_astro/invoke/orbpro/events/Sign.py -> build/bdist.macosx-26.0-arm64/wheel/./spacedatanetwork_astro/invoke/orbpro/events
copying build/lib/spacedatanetwork_astro/invoke/orbpro/events/EventError.py -> build/bdist.macosx-26.0-arm64/wheel/./spacedatanetwork_astro/invoke/orbpro/events
copying build/lib/spacedatanetwork_astro/invoke/orbpro/events/EventStateRequest.py -> build/bdist.macosx-26.0-arm64/wheel/./spacedatanetwork_astro/invoke/orbpro/events
creating build/bdist.macosx-26.0-arm64/wheel/spacedatanetwork_astro/invoke/orbpro/query
copying build/lib/spacedatanetwork_astro/invoke/orbpro/query/CatalogQueryRequest.py -> build/bdist.macosx-26.0-arm64/wheel/./spacedatanetwork_astro/invoke/orbpro/query
copying build/lib/spacedatanetwork_astro/invoke/orbpro/query/__init__.py -> build/bdist.macosx-26.0-arm64/wheel/./spacedatanetwork_astro/invoke/orbpro/query
copying build/lib/spacedatanetwork_astro/invoke/orbpro/query/CatalogQueryResult.py -> build/bdist.macosx-26.0-arm64/wheel/./spacedatanetwork_astro/invoke/orbpro/query
copying build/lib/spacedatanetwork_astro/invoke/orbpro/query/CatalogQueryKind.py -> build/bdist.macosx-26.0-arm64/wheel/./spacedatanetwork_astro/invoke/orbpro/query
copying build/lib/spacedatanetwork_astro/invoke/NOTICE.txt -> build/bdist.macosx-26.0-arm64/wheel/./spacedatanetwork_astro/invoke
copying build/lib/spacedatanetwork_astro/__init__.py -> build/bdist.macosx-26.0-arm64/wheel/./spacedatanetwork_astro
copying build/lib/spacedatanetwork_astro/runtime.py -> build/bdist.macosx-26.0-arm64/wheel/./spacedatanetwork_astro
copying build/lib/spacedatanetwork_astro/api.py -> build/bdist.macosx-26.0-arm64/wheel/./spacedatanetwork_astro
copying build/lib/spacedatanetwork_astro/artifacts.lock.json -> build/bdist.macosx-26.0-arm64/wheel/./spacedatanetwork_astro
copying build/lib/spacedatanetwork_astro/py.typed -> build/bdist.macosx-26.0-arm64/wheel/./spacedatanetwork_astro
copying build/lib/spacedatanetwork_astro/_codec.py -> build/bdist.macosx-26.0-arm64/wheel/./spacedatanetwork_astro
copying build/lib/spacedatanetwork_astro/bindings.lock.json -> build/bdist.macosx-26.0-arm64/wheel/./spacedatanetwork_astro
copying build/lib/spacedatanetwork_astro/artifacts.py -> build/bdist.macosx-26.0-arm64/wheel/./spacedatanetwork_astro
copying build/lib/spacedatanetwork_astro/__main__.py -> build/bdist.macosx-26.0-arm64/wheel/./spacedatanetwork_astro
running install_egg_info
Copying src/spacedatanetwork_astro.egg-info to build/bdist.macosx-26.0-arm64/wheel/./spacedatanetwork_astro-0.1.0.dev0+modules.e4612363998b.af1dde329812d-py3.14.egg-info
running install_scripts
creating build/bdist.macosx-26.0-arm64/wheel/spacedatanetwork_astro-0.1.0.dev0+modules.e4612363998b.af1dde329812d.dist-info/WHEEL
creating '/Users/tj/software/worktrees/modules-python-astro/packages/python-astro/dist/.tmp-zuarhet_/spacedatanetwork_astro-0.1.0.dev0+modules.e4612363998b.af1dde329812d-py3-none-macosx_11_0_arm64.whl' and adding 'build/bdist.macosx-26.0-arm64/wheel' to it
adding 'spacedatanetwork_astro/__init__.py'
adding 'spacedatanetwork_astro/__main__.py'
adding 'spacedatanetwork_astro/_codec.py'
adding 'spacedatanetwork_astro/_version.py'
adding 'spacedatanetwork_astro/api.py'
adding 'spacedatanetwork_astro/artifacts.lock.json'
adding 'spacedatanetwork_astro/artifacts.py'
adding 'spacedatanetwork_astro/bindings.lock.json'
adding 'spacedatanetwork_astro/py.typed'
adding 'spacedatanetwork_astro/runtime.py'
adding 'spacedatanetwork_astro/artifacts/analysis-access/module.wasm'
adding 'spacedatanetwork_astro/artifacts/analysis-access/plugin-manifest.json'
adding 'spacedatanetwork_astro/artifacts/analysis-conjunction-assessment/module.wasm'
adding 'spacedatanetwork_astro/artifacts/analysis-conjunction-assessment/plugin-manifest.json'
adding 'spacedatanetwork_astro/artifacts/analysis-estimation/build-provenance.json'
adding 'spacedatanetwork_astro/artifacts/analysis-estimation/module.wasm'
adding 'spacedatanetwork_astro/artifacts/analysis-estimation/plugin-manifest.json'
adding 'spacedatanetwork_astro/artifacts/analysis-lambert-izzo/module.wasm'
adding 'spacedatanetwork_astro/artifacts/analysis-lambert-izzo/plugin-manifest.json'
adding 'spacedatanetwork_astro/artifacts/foundation-frames/build-provenance.json'
adding 'spacedatanetwork_astro/artifacts/foundation-frames/module.wasm'
adding 'spacedatanetwork_astro/artifacts/foundation-frames/plugin-manifest.json'
adding 'spacedatanetwork_astro/artifacts/foundation-time/module.wasm'
adding 'spacedatanetwork_astro/artifacts/foundation-time/plugin-manifest.json'
adding 'spacedatanetwork_astro/artifacts/propagator-events/build-provenance.json'
adding 'spacedatanetwork_astro/artifacts/propagator-events/module.wasm'
adding 'spacedatanetwork_astro/artifacts/propagator-events/plugin-manifest.json'
adding 'spacedatanetwork_astro/artifacts/propagator-hpop/module.wasm'
adding 'spacedatanetwork_astro/artifacts/propagator-hpop/plugin-manifest.json'
adding 'spacedatanetwork_astro/artifacts/propagator-sgp4/module.wasm'
adding 'spacedatanetwork_astro/artifacts/propagator-sgp4/plugin-manifest.json'
adding 'spacedatanetwork_astro/invoke/NOTICE.txt'
adding 'spacedatanetwork_astro/invoke/SDK-LICENSE.txt'
adding 'spacedatanetwork_astro/invoke/__init__.py'
adding 'spacedatanetwork_astro/invoke/legacy/__init__.py'
adding 'spacedatanetwork_astro/invoke/legacy/orbpro/Bool32.py'
adding 'spacedatanetwork_astro/invoke/legacy/orbpro/Bool8.py'
adding 'spacedatanetwork_astro/invoke/legacy/orbpro/BoundingBox.py'
adding 'spacedatanetwork_astro/invoke/legacy/orbpro/BoundingRectangle.py'
adding 'spacedatanetwork_astro/invoke/legacy/orbpro/BoundingSphere.py'
adding 'spacedatanetwork_astro/invoke/legacy/orbpro/Cartesian2.py'
adding 'spacedatanetwork_astro/invoke/legacy/orbpro/Cartesian2f.py'
adding 'spacedatanetwork_astro/invoke/legacy/orbpro/Cartesian3.py'
adding 'spacedatanetwork_astro/invoke/legacy/orbpro/Cartesian3f.py'
adding 'spacedatanetwork_astro/invoke/legacy/orbpro/Cartesian4.py'
adding 'spacedatanetwork_astro/invoke/legacy/orbpro/Cartesian4f.py'
adding 'spacedatanetwork_astro/invoke/legacy/orbpro/Cartographic.py'
adding 'spacedatanetwork_astro/invoke/legacy/orbpro/Color.py'
adding 'spacedatanetwork_astro/invoke/legacy/orbpro/Color8.py'
adding 'spacedatanetwork_astro/invoke/legacy/orbpro/Colorf.py'
adding 'spacedatanetwork_astro/invoke/legacy/orbpro/DistanceDisplayCondition.py'
adding 'spacedatanetwork_astro/invoke/legacy/orbpro/EncodedCartesian3.py'
adding 'spacedatanetwork_astro/invoke/legacy/orbpro/EncodedVec3.py'
adding 'spacedatanetwork_astro/invoke/legacy/orbpro/EntityHandle.py'
adding 'spacedatanetwork_astro/invoke/legacy/orbpro/EntityId.py'
adding 'spacedatanetwork_astro/invoke/legacy/orbpro/HeadingPitchRoll.py'
adding 'spacedatanetwork_astro/invoke/legacy/orbpro/JulianDate.py'
adding 'spacedatanetwork_astro/invoke/legacy/orbpro/Matrix3.py'
adding 'spacedatanetwork_astro/invoke/legacy/orbpro/Matrix4.py'
adding 'spacedatanetwork_astro/invoke/legacy/orbpro/NearFarScalar.py'
adding 'spacedatanetwork_astro/invoke/legacy/orbpro/OptionalDouble.py'
adding 'spacedatanetwork_astro/invoke/legacy/orbpro/Quaternion.py'
adding 'spacedatanetwork_astro/invoke/legacy/orbpro/Quaternionf.py'
adding 'spacedatanetwork_astro/invoke/legacy/orbpro/Rectangle.py'
adding 'spacedatanetwork_astro/invoke/legacy/orbpro/TimeInterval.py'
adding 'spacedatanetwork_astro/invoke/legacy/orbpro/Vec2.py'
adding 'spacedatanetwork_astro/invoke/legacy/orbpro/Vec2f.py'
adding 'spacedatanetwork_astro/invoke/legacy/orbpro/Vec3.py'
adding 'spacedatanetwork_astro/invoke/legacy/orbpro/Vec3f.py'
adding 'spacedatanetwork_astro/invoke/legacy/orbpro/Vec4.py'
adding 'spacedatanetwork_astro/invoke/legacy/orbpro/Vec4f.py'
adding 'spacedatanetwork_astro/invoke/legacy/orbpro/__init__.py'
adding 'spacedatanetwork_astro/invoke/legacy/orbpro/propagator/KeplerianElements.py'
adding 'spacedatanetwork_astro/invoke/legacy/orbpro/propagator/PropagatorBatchRequest.py'
adding 'spacedatanetwork_astro/invoke/legacy/orbpro/propagator/PropagatorBatchResponse.py'
adding 'spacedatanetwork_astro/invoke/legacy/orbpro/propagator/PropagatorInit.py'
adding 'spacedatanetwork_astro/invoke/legacy/orbpro/propagator/ReferenceFrame.py'
adding 'spacedatanetwork_astro/invoke/legacy/orbpro/propagator/StateFlags.py'
adding 'spacedatanetwork_astro/invoke/legacy/orbpro/propagator/StateVector.py'
adding 'spacedatanetwork_astro/invoke/legacy/orbpro/propagator/TLEData.py'
adding 'spacedatanetwork_astro/invoke/legacy/orbpro/propagator/__init__.py'
adding 'spacedatanetwork_astro/invoke/orbpro/Vec3.py'
adding 'spacedatanetwork_astro/invoke/orbpro/__init__.py'
adding 'spacedatanetwork_astro/invoke/orbpro/conjunction/BPlaneGeometry.py'
adding 'spacedatanetwork_astro/invoke/orbpro/conjunction/ConjunctionAlfanoRequest.py'
adding 'spacedatanetwork_astro/invoke/orbpro/conjunction/ConjunctionAlfanoResult.py'
adding 'spacedatanetwork_astro/invoke/orbpro/conjunction/ConjunctionEvent.py'
adding 'spacedatanetwork_astro/invoke/orbpro/conjunction/ConjunctionFindTcaResult.py'
adding 'spacedatanetwork_astro/invoke/orbpro/conjunction/ConjunctionPairRequest.py'
adding 'spacedatanetwork_astro/invoke/orbpro/conjunction/ConjunctionPcRequest.py'
adding 'spacedatanetwork_astro/invoke/orbpro/conjunction/ConjunctionPcResult.py'
adding 'spacedatanetwork_astro/invoke/orbpro/conjunction/ConjunctionReferenceFrame.py'
adding 'spacedatanetwork_astro/invoke/orbpro/conjunction/ConjunctionScreenCatalogRequest.py'
adding 'spacedatanetwork_astro/invoke/orbpro/conjunction/ConjunctionScreenCatalogResult.py'
adding 'spacedatanetwork_astro/invoke/orbpro/conjunction/ConjunctionSelectedSource.py'
adding 'spacedatanetwork_astro/invoke/orbpro/conjunction/ConjunctionSourceKind.py'
adding 'spacedatanetwork_astro/invoke/orbpro/conjunction/ConjunctionVersionResult.py'
adding 'spacedatanetwork_astro/invoke/orbpro/conjunction/GpRecord.py'
adding 'spacedatanetwork_astro/invoke/orbpro/conjunction/PropagatedSample.py'
adding 'spacedatanetwork_astro/invoke/orbpro/conjunction/PropagatedTrack.py'
adding 'spacedatanetwork_astro/invoke/orbpro/conjunction/ScreeningStats.py'
adding 'spacedatanetwork_astro/invoke/orbpro/conjunction/TleRecord.py'
adding 'spacedatanetwork_astro/invoke/orbpro/conjunction/__init__.py'
adding 'spacedatanetwork_astro/invoke/orbpro/entity/EntityKind.py'
adding 'spacedatanetwork_astro/invoke/orbpro/entity/EntityMetadata.py'
adding 'spacedatanetwork_astro/invoke/orbpro/entity/EntityStandardsLink.py'
adding 'spacedatanetwork_astro/invoke/orbpro/entity/StandardsRecordIndex.py'
adding 'spacedatanetwork_astro/invoke/orbpro/entity/__init__.py'
adding 'spacedatanetwork_astro/invoke/orbpro/estimation/EstimationConfig.py'
adding 'spacedatanetwork_astro/invoke/orbpro/estimation/EstimationEnvelope.py'
adding 'spacedatanetwork_astro/invoke/orbpro/estimation/EstimationEpoch.py'
adding 'spacedatanetwork_astro/invoke/orbpro/estimation/EstimationErrorModel.py'
adding 'spacedatanetwork_astro/invoke/orbpro/estimation/EstimationObservation.py'
adding 'spacedatanetwork_astro/invoke/orbpro/estimation/EstimationPropagatorSample.py'
adding 'spacedatanetwork_astro/invoke/orbpro/estimation/EstimationRequest.py'
adding 'spacedatanetwork_astro/invoke/orbpro/estimation/EstimationResult.py'
adding 'spacedatanetwork_astro/invoke/orbpro/estimation/EstimationState.py'
adding 'spacedatanetwork_astro/invoke/orbpro/estimation/EstimationStatus.py'
adding 'spacedatanetwork_astro/invoke/orbpro/estimation/EstimatorKind.py'
adding 'spacedatanetwork_astro/invoke/orbpro/estimation/FilterEpoch.py'
adding 'spacedatanetwork_astro/invoke/orbpro/estimation/InitialOrbitKind.py'
adding 'spacedatanetwork_astro/invoke/orbpro/estimation/InitialOrbitRequest.py'
adding 'spacedatanetwork_astro/invoke/orbpro/estimation/InitialOrbitResult.py'
adding 'spacedatanetwork_astro/invoke/orbpro/estimation/IonosphereKind.py'
adding 'spacedatanetwork_astro/invoke/orbpro/estimation/MeasurementKind.py'
adding 'spacedatanetwork_astro/invoke/orbpro/estimation/ProcessNoiseKind.py'
adding 'spacedatanetwork_astro/invoke/orbpro/estimation/TroposphereKind.py'
adding 'spacedatanetwork_astro/invoke/orbpro/estimation/__init__.py'
adding 'spacedatanetwork_astro/invoke/orbpro/events/ComponentContinuity.py'
adding 'spacedatanetwork_astro/invoke/orbpro/events/CrossingDirection.py'
adding 'spacedatanetwork_astro/invoke/orbpro/events/EventComponent.py'
adding 'spacedatanetwork_astro/invoke/orbpro/events/EventError.py'
adding 'spacedatanetwork_astro/invoke/orbpro/events/EventFlags.py'
adding 'spacedatanetwork_astro/invoke/orbpro/events/EventHit.py'
adding 'spacedatanetwork_astro/invoke/orbpro/events/EventInterval.py'
adding 'spacedatanetwork_astro/invoke/orbpro/events/EventLocatorConfig.py'
adding 'spacedatanetwork_astro/invoke/orbpro/events/EventLocatorDescription.py'
adding 'spacedatanetwork_astro/invoke/orbpro/events/EventParameter.py'
adding 'spacedatanetwork_astro/invoke/orbpro/events/EventScanResult.py'
adding 'spacedatanetwork_astro/invoke/orbpro/events/EventScanSummary.py'
adding 'spacedatanetwork_astro/invoke/orbpro/events/EventStateRequest.py'
adding 'spacedatanetwork_astro/invoke/orbpro/events/RootMethod.py'
adding 'spacedatanetwork_astro/invoke/orbpro/events/RootPolicy.py'
adding 'spacedatanetwork_astro/invoke/orbpro/events/RootStatus.py'
adding 'spacedatanetwork_astro/invoke/orbpro/events/Sign.py'
adding 'spacedatanetwork_astro/invoke/orbpro/events/__init__.py'
adding 'spacedatanetwork_astro/invoke/orbpro/plugin/RawDataPayload.py'
adding 'spacedatanetwork_astro/invoke/orbpro/plugin/__init__.py'
adding 'spacedatanetwork_astro/invoke/orbpro/plugins/PropagatorState.py'
adding 'spacedatanetwork_astro/invoke/orbpro/plugins/ReferenceFrame.py'
adding 'spacedatanetwork_astro/invoke/orbpro/plugins/__init__.py'
adding 'spacedatanetwork_astro/invoke/orbpro/propagator/EphemerisFormat.py'
adding 'spacedatanetwork_astro/invoke/orbpro/propagator/ErrorCode.py'
adding 'spacedatanetwork_astro/invoke/orbpro/propagator/OMMRecord.py'
adding 'spacedatanetwork_astro/invoke/orbpro/propagator/OrbitalElements.py'
adding 'spacedatanetwork_astro/invoke/orbpro/propagator/PropagatorDescribeSourcesBatchRequest.py'
adding 'spacedatanetwork_astro/invoke/orbpro/propagator/PropagatorDescribeSourcesBatchResult.py'
adding 'spacedatanetwork_astro/invoke/orbpro/propagator/PropagatorSampleTrajectoryStatesRequest.py'
adding 'spacedatanetwork_astro/invoke/orbpro/propagator/PropagatorSampleTrajectoryStatesResult.py'
adding 'spacedatanetwork_astro/invoke/orbpro/propagator/PropagatorSourceDescription.py'
adding 'spacedatanetwork_astro/invoke/orbpro/propagator/PropagatorSourceKind.py'
adding 'spacedatanetwork_astro/invoke/orbpro/propagator/ReferenceFrame.py'
adding 'spacedatanetwork_astro/invoke/orbpro/propagator/StateFlags.py'
adding 'spacedatanetwork_astro/invoke/orbpro/propagator/StateVector.py'
adding 'spacedatanetwork_astro/invoke/orbpro/propagator/__init__.py'
adding 'spacedatanetwork_astro/invoke/orbpro/query/CatalogQueryKind.py'
adding 'spacedatanetwork_astro/invoke/orbpro/query/CatalogQueryRequest.py'
adding 'spacedatanetwork_astro/invoke/orbpro/query/CatalogQueryResult.py'
adding 'spacedatanetwork_astro/invoke/orbpro/query/__init__.py'
adding 'spacedatanetwork_astro/sds/LICENSE.txt'
adding 'spacedatanetwork_astro/sds/NOTICE.txt'
adding 'spacedatanetwork_astro/sds/__init__.py'
adding 'spacedatanetwork_astro/sds/ACW/ACW.py'
adding 'spacedatanetwork_astro/sds/ACW/ACWAccessWindow.py'
adding 'spacedatanetwork_astro/sds/ACW/ACWBlackoutWindow.py'
adding 'spacedatanetwork_astro/sds/ACW/ACWElevationMaskPoint.py'
adding 'spacedatanetwork_astro/sds/ACW/ACWGroundStation.py'
adding 'spacedatanetwork_astro/sds/ACW/ACWRefractionModel.py'
adding 'spacedatanetwork_astro/sds/ACW/ACWRequest.py'
adding 'spacedatanetwork_astro/sds/ACW/ACWResult.py'
adding 'spacedatanetwork_astro/sds/ACW/ACWStateSample.py'
adding 'spacedatanetwork_astro/sds/ACW/__init__.py'
adding 'spacedatanetwork_astro/sds/ACW/acwOperationCode.py'
adding 'spacedatanetwork_astro/sds/ACW/acwRefractionModelKind.py'
adding 'spacedatanetwork_astro/sds/ACW/acwResultStatus.py'
adding 'spacedatanetwork_astro/sds/CAT/Band.py'
adding 'spacedatanetwork_astro/sds/CAT/CAT.py'
adding 'spacedatanetwork_astro/sds/CAT/DataMode.py'
adding 'spacedatanetwork_astro/sds/CAT/DeviceType.py'
adding 'spacedatanetwork_astro/sds/CAT/FrequencyRange.py'
adding 'spacedatanetwork_astro/sds/CAT/IDM.py'
adding 'spacedatanetwork_astro/sds/CAT/LCC.py'
adding 'spacedatanetwork_astro/sds/CAT/PLD.py'
adding 'spacedatanetwork_astro/sds/CAT/PolarizationType.py'
adding 'spacedatanetwork_astro/sds/CAT/SimplePolarization.py'
adding 'spacedatanetwork_astro/sds/CAT/StokesParameters.py'
adding 'spacedatanetwork_astro/sds/CAT/__init__.py'
adding 'spacedatanetwork_astro/sds/CAT/dataAvailability.py'
adding 'spacedatanetwork_astro/sds/CAT/legacyCountryCode.py'
adding 'spacedatanetwork_astro/sds/CAT/massCategory.py'
adding 'spacedatanetwork_astro/sds/CAT/operationalState.py'
adding 'spacedatanetwork_astro/sds/CAT/orbitRegime.py'
adding 'spacedatanetwork_astro/sds/CAT/spaceObjectClass.py'
adding 'spacedatanetwork_astro/sds/CDM/Address.py'
adding 'spacedatanetwork_astro/sds/CDM/Band.py'
adding 'spacedatanetwork_astro/sds/CDM/CAT.py'
adding 'spacedatanetwork_astro/sds/CDM/CDM.py'
adding 'spacedatanetwork_astro/sds/CDM/CDMObject.py'
adding 'spacedatanetwork_astro/sds/CDM/CelestialFrame.py'
adding 'spacedatanetwork_astro/sds/CDM/CelestialFrameWrapper.py'
adding 'spacedatanetwork_astro/sds/CDM/ChainProof.py'
adding 'spacedatanetwork_astro/sds/CDM/CryptoKey.py'
adding 'spacedatanetwork_astro/sds/CDM/CustomFrame.py'
adding 'spacedatanetwork_astro/sds/CDM/CustomFrameWrapper.py'
adding 'spacedatanetwork_astro/sds/CDM/DataMode.py'
adding 'spacedatanetwork_astro/sds/CDM/DeviceType.py'
adding 'spacedatanetwork_astro/sds/CDM/DomainProof.py'
adding 'spacedatanetwork_astro/sds/CDM/EPM.py'
adding 'spacedatanetwork_astro/sds/CDM/EntityType.py'
adding 'spacedatanetwork_astro/sds/CDM/FrequencyRange.py'
adding 'spacedatanetwork_astro/sds/CDM/IDM.py'
adding 'spacedatanetwork_astro/sds/CDM/KeyType.py'
adding 'spacedatanetwork_astro/sds/CDM/LCC.py'
adding 'spacedatanetwork_astro/sds/CDM/OrbitFrame.py'
adding 'spacedatanetwork_astro/sds/CDM/OrbitFrameWrapper.py'
adding 'spacedatanetwork_astro/sds/CDM/PLD.py'
adding 'spacedatanetwork_astro/sds/CDM/PNM.py'
adding 'spacedatanetwork_astro/sds/CDM/PolarizationType.py'
adding 'spacedatanetwork_astro/sds/CDM/RFM.py'
adding 'spacedatanetwork_astro/sds/CDM/RFMCoordinateSystem.py'
adding 'spacedatanetwork_astro/sds/CDM/RFMCoordinateSystemWrapper.py'
adding 'spacedatanetwork_astro/sds/CDM/RFMLocalAlignedConstrainedAxes.py'
adding 'spacedatanetwork_astro/sds/CDM/RFMObjectReferencedAxes.py'
adding 'spacedatanetwork_astro/sds/CDM/RFMOrigin.py'
adding 'spacedatanetwork_astro/sds/CDM/RFMUnion.py'
adding 'spacedatanetwork_astro/sds/CDM/SimplePolarization.py'
adding 'spacedatanetwork_astro/sds/CDM/SpacecraftFrame.py'
adding 'spacedatanetwork_astro/sds/CDM/SpacecraftFrameWrapper.py'
adding 'spacedatanetwork_astro/sds/CDM/StokesParameters.py'
adding 'spacedatanetwork_astro/sds/CDM/__init__.py'
adding 'spacedatanetwork_astro/sds/CDM/covarianceAlgorithm.py'
adding 'spacedatanetwork_astro/sds/CDM/dataAvailability.py'
adding 'spacedatanetwork_astro/sds/CDM/legacyCountryCode.py'
adding 'spacedatanetwork_astro/sds/CDM/massCategory.py'
adding 'spacedatanetwork_astro/sds/CDM/operationalState.py'
adding 'spacedatanetwork_astro/sds/CDM/orbitRegime.py'
adding 'spacedatanetwork_astro/sds/CDM/rfmAxisType.py'
adding 'spacedatanetwork_astro/sds/CDM/rfmLibrationPoint.py'
adding 'spacedatanetwork_astro/sds/CDM/rfmOriginKind.py'
adding 'spacedatanetwork_astro/sds/CDM/rfmVectorSpecification.py'
adding 'spacedatanetwork_astro/sds/CDM/screeningVolumeShape.py'
adding 'spacedatanetwork_astro/sds/CDM/spaceObjectClass.py'
adding 'spacedatanetwork_astro/sds/CRD/CRD.py'
adding 'spacedatanetwork_astro/sds/CRD/CoordFrame.py'
adding 'spacedatanetwork_astro/sds/CRD/Ellipsoid.py'
adding 'spacedatanetwork_astro/sds/CRD/__init__.py'
adding 'spacedatanetwork_astro/sds/CSM/Band.py'
adding 'spacedatanetwork_astro/sds/CSM/CAT.py'
adding 'spacedatanetwork_astro/sds/CSM/CSM.py'
adding 'spacedatanetwork_astro/sds/CSM/DataMode.py'
adding 'spacedatanetwork_astro/sds/CSM/DeviceType.py'
adding 'spacedatanetwork_astro/sds/CSM/FrequencyRange.py'
adding 'spacedatanetwork_astro/sds/CSM/IDM.py'
adding 'spacedatanetwork_astro/sds/CSM/LCC.py'
adding 'spacedatanetwork_astro/sds/CSM/PLD.py'
adding 'spacedatanetwork_astro/sds/CSM/PolarizationType.py'
adding 'spacedatanetwork_astro/sds/CSM/SimplePolarization.py'
adding 'spacedatanetwork_astro/sds/CSM/StokesParameters.py'
adding 'spacedatanetwork_astro/sds/CSM/__init__.py'
adding 'spacedatanetwork_astro/sds/CSM/dataAvailability.py'
adding 'spacedatanetwork_astro/sds/CSM/legacyCountryCode.py'
adding 'spacedatanetwork_astro/sds/CSM/massCategory.py'
adding 'spacedatanetwork_astro/sds/CSM/operationalState.py'
adding 'spacedatanetwork_astro/sds/CSM/orbitRegime.py'
adding 'spacedatanetwork_astro/sds/CSM/spaceObjectClass.py'
adding 'spacedatanetwork_astro/sds/EOP/DataType.py'
adding 'spacedatanetwork_astro/sds/EOP/EOP.py'
adding 'spacedatanetwork_astro/sds/EOP/__init__.py'
adding 'spacedatanetwork_astro/sds/EOP/eopSeries.py'
adding 'spacedatanetwork_astro/sds/EOP/iauPrecessionNutationModel.py'
adding 'spacedatanetwork_astro/sds/EVL/CelestialFrame.py'
adding 'spacedatanetwork_astro/sds/EVL/CelestialFrameWrapper.py'
adding 'spacedatanetwork_astro/sds/EVL/CustomFrame.py'
adding 'spacedatanetwork_astro/sds/EVL/CustomFrameWrapper.py'
adding 'spacedatanetwork_astro/sds/EVL/EVL.py'
adding 'spacedatanetwork_astro/sds/EVL/EVLApsidesConfiguration.py'
adding 'spacedatanetwork_astro/sds/EVL/EVLContactConfiguration.py'
adding 'spacedatanetwork_astro/sds/EVL/EVLEclipseConfiguration.py'
adding 'spacedatanetwork_astro/sds/EVL/EVLEvent.py'
adding 'spacedatanetwork_astro/sds/EVL/EVLEventLocationRequest.py'
adding 'spacedatanetwork_astro/sds/EVL/EVLEventReport.py'
adding 'spacedatanetwork_astro/sds/EVL/EVLEventSample.py'
adding 'spacedatanetwork_astro/sds/EVL/EVLIntrusionConfiguration.py'
adding 'spacedatanetwork_astro/sds/EVL/EVLNodeCrossingConfiguration.py'
adding 'spacedatanetwork_astro/sds/EVL/EVLParameterConditionConfiguration.py'
adding 'spacedatanetwork_astro/sds/EVL/FRM.py'
adding 'spacedatanetwork_astro/sds/EVL/FRMFrameTransformRequest.py'
adding 'spacedatanetwork_astro/sds/EVL/FRMFrameTransformResult.py'
adding 'spacedatanetwork_astro/sds/EVL/FRMMatrix3.py'
adding 'spacedatanetwork_astro/sds/EVL/FRMStateVector.py'
adding 'spacedatanetwork_astro/sds/EVL/FRMVector3.py'
adding 'spacedatanetwork_astro/sds/EVL/OrbitFrame.py'
adding 'spacedatanetwork_astro/sds/EVL/OrbitFrameWrapper.py'
adding 'spacedatanetwork_astro/sds/EVL/PCE.py'
adding 'spacedatanetwork_astro/sds/EVL/PCEEvaluationContext.py'
adding 'spacedatanetwork_astro/sds/EVL/PCEEvaluationRequest.py'
adding 'spacedatanetwork_astro/sds/EVL/PCEEvaluationResult.py'
adding 'spacedatanetwork_astro/sds/EVL/PCEParameterCatalog.py'
adding 'spacedatanetwork_astro/sds/EVL/PCEParameterCondition.py'
adding 'spacedatanetwork_astro/sds/EVL/PCEParameterDescriptor.py'
adding 'spacedatanetwork_astro/sds/EVL/PCEParameterRef.py'
adding 'spacedatanetwork_astro/sds/EVL/PCEParameterSample.py'
adding 'spacedatanetwork_astro/sds/EVL/PCEParameterValue.py'
adding 'spacedatanetwork_astro/sds/EVL/PCEStopReport.py'
adding 'spacedatanetwork_astro/sds/EVL/PCEStopRequest.py'
adding 'spacedatanetwork_astro/sds/EVL/RFM.py'
adding 'spacedatanetwork_astro/sds/EVL/RFMCoordinateSystem.py'
adding 'spacedatanetwork_astro/sds/EVL/RFMCoordinateSystemWrapper.py'
adding 'spacedatanetwork_astro/sds/EVL/RFMLocalAlignedConstrainedAxes.py'
adding 'spacedatanetwork_astro/sds/EVL/RFMObjectReferencedAxes.py'
adding 'spacedatanetwork_astro/sds/EVL/RFMOrigin.py'
adding 'spacedatanetwork_astro/sds/EVL/RFMUnion.py'
adding 'spacedatanetwork_astro/sds/EVL/SpacecraftFrame.py'
adding 'spacedatanetwork_astro/sds/EVL/SpacecraftFrameWrapper.py'
adding 'spacedatanetwork_astro/sds/EVL/__init__.py'
adding 'spacedatanetwork_astro/sds/EVL/evlAberrationCorrection.py'
adding 'spacedatanetwork_astro/sds/EVL/evlEventType.py'
adding 'spacedatanetwork_astro/sds/EVL/evlFieldOfViewShape.py'
adding 'spacedatanetwork_astro/sds/EVL/evlLocatorClass.py'
adding 'spacedatanetwork_astro/sds/EVL/evlResultStatus.py'
adding 'spacedatanetwork_astro/sds/EVL/evlSamplePoint.py'
adding 'spacedatanetwork_astro/sds/EVL/evlShadowModel.py'
adding 'spacedatanetwork_astro/sds/EVL/frmOperationCode.py'
adding 'spacedatanetwork_astro/sds/EVL/frmResultStatus.py'
adding 'spacedatanetwork_astro/sds/EVL/frmStateRepresentation.py'
adding 'spacedatanetwork_astro/sds/EVL/pceAvailability.py'
adding 'spacedatanetwork_astro/sds/EVL/pceConditionDirection.py'
adding 'spacedatanetwork_astro/sds/EVL/pceDataType.py'
adding 'spacedatanetwork_astro/sds/EVL/pceFrameDependency.py'
adding 'spacedatanetwork_astro/sds/EVL/pceOwnerClass.py'
adding 'spacedatanetwork_astro/sds/EVL/pceParameter.py'
adding 'spacedatanetwork_astro/sds/EVL/pcePropagationDirection.py'
adding 'spacedatanetwork_astro/sds/EVL/pceResultStatus.py'
adding 'spacedatanetwork_astro/sds/EVL/pceUnit.py'
adding 'spacedatanetwork_astro/sds/EVL/rfmAxisType.py'
adding 'spacedatanetwork_astro/sds/EVL/rfmLibrationPoint.py'
adding 'spacedatanetwork_astro/sds/EVL/rfmOriginKind.py'
adding 'spacedatanetwork_astro/sds/EVL/rfmVectorSpecification.py'
adding 'spacedatanetwork_astro/sds/FRM/CelestialFrame.py'
adding 'spacedatanetwork_astro/sds/FRM/CelestialFrameWrapper.py'
adding 'spacedatanetwork_astro/sds/FRM/CustomFrame.py'
adding 'spacedatanetwork_astro/sds/FRM/CustomFrameWrapper.py'
adding 'spacedatanetwork_astro/sds/FRM/FRM.py'
adding 'spacedatanetwork_astro/sds/FRM/FRMFrameTransformRequest.py'
adding 'spacedatanetwork_astro/sds/FRM/FRMFrameTransformResult.py'
adding 'spacedatanetwork_astro/sds/FRM/FRMMatrix3.py'
adding 'spacedatanetwork_astro/sds/FRM/FRMStateVector.py'
adding 'spacedatanetwork_astro/sds/FRM/FRMVector3.py'
adding 'spacedatanetwork_astro/sds/FRM/OrbitFrame.py'
adding 'spacedatanetwork_astro/sds/FRM/OrbitFrameWrapper.py'
adding 'spacedatanetwork_astro/sds/FRM/RFM.py'
adding 'spacedatanetwork_astro/sds/FRM/RFMCoordinateSystem.py'
adding 'spacedatanetwork_astro/sds/FRM/RFMCoordinateSystemWrapper.py'
adding 'spacedatanetwork_astro/sds/FRM/RFMLocalAlignedConstrainedAxes.py'
adding 'spacedatanetwork_astro/sds/FRM/RFMObjectReferencedAxes.py'
adding 'spacedatanetwork_astro/sds/FRM/RFMOrigin.py'
adding 'spacedatanetwork_astro/sds/FRM/RFMUnion.py'
adding 'spacedatanetwork_astro/sds/FRM/SpacecraftFrame.py'
adding 'spacedatanetwork_astro/sds/FRM/SpacecraftFrameWrapper.py'
adding 'spacedatanetwork_astro/sds/FRM/__init__.py'
adding 'spacedatanetwork_astro/sds/FRM/frmOperationCode.py'
adding 'spacedatanetwork_astro/sds/FRM/frmResultStatus.py'
adding 'spacedatanetwork_astro/sds/FRM/frmStateRepresentation.py'
adding 'spacedatanetwork_astro/sds/FRM/rfmAxisType.py'
adding 'spacedatanetwork_astro/sds/FRM/rfmLibrationPoint.py'
adding 'spacedatanetwork_astro/sds/FRM/rfmOriginKind.py'
adding 'spacedatanetwork_astro/sds/FRM/rfmVectorSpecification.py'
adding 'spacedatanetwork_astro/sds/LMO/LMO.py'
adding 'spacedatanetwork_astro/sds/LMO/__init__.py'
adding 'spacedatanetwork_astro/sds/LMO/lambertBranchKind.py'
adding 'spacedatanetwork_astro/sds/LMO/lambertSolutionBranch.py'
adding 'spacedatanetwork_astro/sds/LMO/lambertSolveState.py'
adding 'spacedatanetwork_astro/sds/LMO/lambertVector3.py'
adding 'spacedatanetwork_astro/sds/LMS/LMS.py'
adding 'spacedatanetwork_astro/sds/LMS/__init__.py'
adding 'spacedatanetwork_astro/sds/LMS/lambertTransferPath.py'
adding 'spacedatanetwork_astro/sds/MEM/MEM.py'
adding 'spacedatanetwork_astro/sds/MEM/MEMAttestation.py'
adding 'spacedatanetwork_astro/sds/MEM/MEMEditingDecision.py'
adding 'spacedatanetwork_astro/sds/MEM/MEMErrorModel.py'
adding 'spacedatanetwork_astro/sds/MEM/__init__.py'
adding 'spacedatanetwork_astro/sds/MEM/memEditingAction.py'
adding 'spacedatanetwork_astro/sds/MEM/memEditingReason.py'
adding 'spacedatanetwork_astro/sds/MEM/memIonosphereModel.py'
adding 'spacedatanetwork_astro/sds/MEM/memMeasurementType.py'
adding 'spacedatanetwork_astro/sds/MEM/memTroposphereModel.py'
adding 'spacedatanetwork_astro/sds/NCD/NCD.py'
adding 'spacedatanetwork_astro/sds/NCD/NCDCode500Header.py'
adding 'spacedatanetwork_astro/sds/NCD/NCDSP3Header.py'
adding 'spacedatanetwork_astro/sds/NCD/NCDScenarioEpochContainer.py'
adding 'spacedatanetwork_astro/sds/NCD/NCDSegmentDescriptor.py'
adding 'spacedatanetwork_astro/sds/NCD/__init__.py'
adding 'spacedatanetwork_astro/sds/NCD/ncdContainerFormat.py'
adding 'spacedatanetwork_astro/sds/OCM/ATM.py'
adding 'spacedatanetwork_astro/sds/OCM/AtmosphericModelFamily.py'
adding 'spacedatanetwork_astro/sds/OCM/Band.py'
adding 'spacedatanetwork_astro/sds/OCM/CAT.py'
adding 'spacedatanetwork_astro/sds/OCM/CelestialFrame.py'
adding 'spacedatanetwork_astro/sds/OCM/CelestialFrameWrapper.py'
adding 'spacedatanetwork_astro/sds/OCM/CustomFrame.py'
adding 'spacedatanetwork_astro/sds/OCM/CustomFrameWrapper.py'
adding 'spacedatanetwork_astro/sds/OCM/DataMode.py'
adding 'spacedatanetwork_astro/sds/OCM/DeviceType.py'
adding 'spacedatanetwork_astro/sds/OCM/FrequencyRange.py'
adding 'spacedatanetwork_astro/sds/OCM/Header.py'
adding 'spacedatanetwork_astro/sds/OCM/IDM.py'
adding 'spacedatanetwork_astro/sds/OCM/LCC.py'
adding 'spacedatanetwork_astro/sds/OCM/Maneuver.py'
adding 'spacedatanetwork_astro/sds/OCM/Metadata.py'
adding 'spacedatanetwork_astro/sds/OCM/OCM.py'
adding 'spacedatanetwork_astro/sds/OCM/OrbitDetermination.py'
adding 'spacedatanetwork_astro/sds/OCM/OrbitFrame.py'
adding 'spacedatanetwork_astro/sds/OCM/OrbitFrameWrapper.py'
adding 'spacedatanetwork_astro/sds/OCM/PLD.py'
adding 'spacedatanetwork_astro/sds/OCM/PPE.py'
adding 'spacedatanetwork_astro/sds/OCM/PPEOrbitalElementRecord.py'
adding 'spacedatanetwork_astro/sds/OCM/PPEPositionRecord.py'
adding 'spacedatanetwork_astro/sds/OCM/Perturbations.py'
adding 'spacedatanetwork_astro/sds/OCM/PhysicalProperties.py'
adding 'spacedatanetwork_astro/sds/OCM/PolarizationType.py'
adding 'spacedatanetwork_astro/sds/OCM/RFM.py'
adding 'spacedatanetwork_astro/sds/OCM/RFMCoordinateSystem.py'
adding 'spacedatanetwork_astro/sds/OCM/RFMCoordinateSystemWrapper.py'
adding 'spacedatanetwork_astro/sds/OCM/RFMLocalAlignedConstrainedAxes.py'
adding 'spacedatanetwork_astro/sds/OCM/RFMObjectReferencedAxes.py'
adding 'spacedatanetwork_astro/sds/OCM/RFMOrigin.py'
adding 'spacedatanetwork_astro/sds/OCM/RFMUnion.py'
adding 'spacedatanetwork_astro/sds/OCM/SimplePolarization.py'
adding 'spacedatanetwork_astro/sds/OCM/SpacecraftFrame.py'
adding 'spacedatanetwork_astro/sds/OCM/SpacecraftFrameWrapper.py'
adding 'spacedatanetwork_astro/sds/OCM/StateVector.py'
adding 'spacedatanetwork_astro/sds/OCM/StokesParameters.py'
adding 'spacedatanetwork_astro/sds/OCM/TIM.py'
adding 'spacedatanetwork_astro/sds/OCM/TIMCcsdsTimeCode.py'
adding 'spacedatanetwork_astro/sds/OCM/TIMConversionRequest.py'
adding 'spacedatanetwork_astro/sds/OCM/TIMConversionResult.py'
adding 'spacedatanetwork_astro/sds/OCM/TIMInstant.py'
adding 'spacedatanetwork_astro/sds/OCM/UserDefinedParameters.py'
adding 'spacedatanetwork_astro/sds/OCM/__init__.py'
adding 'spacedatanetwork_astro/sds/OCM/dataAvailability.py'
adding 'spacedatanetwork_astro/sds/OCM/estimatorCategory.py'
adding 'spacedatanetwork_astro/sds/OCM/legacyCountryCode.py'
adding 'spacedatanetwork_astro/sds/OCM/massCategory.py'
adding 'spacedatanetwork_astro/sds/OCM/operationalState.py'
adding 'spacedatanetwork_astro/sds/OCM/orbitRegime.py'
adding 'spacedatanetwork_astro/sds/OCM/polynomialBasisType.py'
adding 'spacedatanetwork_astro/sds/OCM/ppeAnomalyType.py'
adding 'spacedatanetwork_astro/sds/OCM/rfmAxisType.py'
adding 'spacedatanetwork_astro/sds/OCM/rfmLibrationPoint.py'
adding 'spacedatanetwork_astro/sds/OCM/rfmOriginKind.py'
adding 'spacedatanetwork_astro/sds/OCM/rfmVectorSpecification.py'
adding 'spacedatanetwork_astro/sds/OCM/sizeShapeProfile.py'
adding 'spacedatanetwork_astro/sds/OCM/spaceObjectClass.py'
adding 'spacedatanetwork_astro/sds/OCM/timCcsdsTimeCodeKind.py'
adding 'spacedatanetwork_astro/sds/OCM/timConversionStatus.py'
adding 'spacedatanetwork_astro/sds/OCM/timEpochRepresentation.py'
adding 'spacedatanetwork_astro/sds/OCM/timingStandard.py'
adding 'spacedatanetwork_astro/sds/OCM/trajectoryType.py'
adding 'spacedatanetwork_astro/sds/ODR/CelestialFrame.py'
adding 'spacedatanetwork_astro/sds/ODR/CelestialFrameWrapper.py'
adding 'spacedatanetwork_astro/sds/ODR/CustomFrame.py'
adding 'spacedatanetwork_astro/sds/ODR/CustomFrameWrapper.py'
adding 'spacedatanetwork_astro/sds/ODR/FRM.py'
adding 'spacedatanetwork_astro/sds/ODR/FRMFrameTransformRequest.py'
adding 'spacedatanetwork_astro/sds/ODR/FRMFrameTransformResult.py'
adding 'spacedatanetwork_astro/sds/ODR/FRMMatrix3.py'
adding 'spacedatanetwork_astro/sds/ODR/FRMStateVector.py'
adding 'spacedatanetwork_astro/sds/ODR/FRMVector3.py'
adding 'spacedatanetwork_astro/sds/ODR/ODR.py'
adding 'spacedatanetwork_astro/sds/ODR/ODRAttestation.py'
adding 'spacedatanetwork_astro/sds/ODR/ODREditedObservation.py'
adding 'spacedatanetwork_astro/sds/ODR/ODREstimatedParameter.py'
adding 'spacedatanetwork_astro/sds/ODR/ODRFilterEpoch.py'
adding 'spacedatanetwork_astro/sds/ODR/ODRIterationStatistics.py'
adding 'spacedatanetwork_astro/sds/ODR/ODRSolverConfiguration.py'
adding 'spacedatanetwork_astro/sds/ODR/OrbitFrame.py'
adding 'spacedatanetwork_astro/sds/ODR/OrbitFrameWrapper.py'
adding 'spacedatanetwork_astro/sds/ODR/PCE.py'
adding 'spacedatanetwork_astro/sds/ODR/PCEEvaluationContext.py'
adding 'spacedatanetwork_astro/sds/ODR/PCEEvaluationRequest.py'
adding 'spacedatanetwork_astro/sds/ODR/PCEEvaluationResult.py'
adding 'spacedatanetwork_astro/sds/ODR/PCEParameterCatalog.py'
adding 'spacedatanetwork_astro/sds/ODR/PCEParameterCondition.py'
adding 'spacedatanetwork_astro/sds/ODR/PCEParameterDescriptor.py'
adding 'spacedatanetwork_astro/sds/ODR/PCEParameterRef.py'
adding 'spacedatanetwork_astro/sds/ODR/PCEParameterSample.py'
adding 'spacedatanetwork_astro/sds/ODR/PCEParameterValue.py'
adding 'spacedatanetwork_astro/sds/ODR/PCEStopReport.py'
adding 'spacedatanetwork_astro/sds/ODR/PCEStopRequest.py'
adding 'spacedatanetwork_astro/sds/ODR/RFM.py'
adding 'spacedatanetwork_astro/sds/ODR/RFMCoordinateSystem.py'
adding 'spacedatanetwork_astro/sds/ODR/RFMCoordinateSystemWrapper.py'
adding 'spacedatanetwork_astro/sds/ODR/RFMLocalAlignedConstrainedAxes.py'
adding 'spacedatanetwork_astro/sds/ODR/RFMObjectReferencedAxes.py'
adding 'spacedatanetwork_astro/sds/ODR/RFMOrigin.py'
adding 'spacedatanetwork_astro/sds/ODR/RFMUnion.py'
adding 'spacedatanetwork_astro/sds/ODR/SpacecraftFrame.py'
adding 'spacedatanetwork_astro/sds/ODR/SpacecraftFrameWrapper.py'
adding 'spacedatanetwork_astro/sds/ODR/__init__.py'
adding 'spacedatanetwork_astro/sds/ODR/frmOperationCode.py'
adding 'spacedatanetwork_astro/sds/ODR/frmResultStatus.py'
adding 'spacedatanetwork_astro/sds/ODR/frmStateRepresentation.py'
adding 'spacedatanetwork_astro/sds/ODR/odrConvergenceReason.py'
adding 'spacedatanetwork_astro/sds/ODR/odrEstimatorKind.py'
adding 'spacedatanetwork_astro/sds/ODR/odrParameterDisposition.py'
adding 'spacedatanetwork_astro/sds/ODR/odrProcessNoiseKind.py'
adding 'spacedatanetwork_astro/sds/ODR/pceAvailability.py'
adding 'spacedatanetwork_astro/sds/ODR/pceConditionDirection.py'
adding 'spacedatanetwork_astro/sds/ODR/pceDataType.py'
adding 'spacedatanetwork_astro/sds/ODR/pceFrameDependency.py'
adding 'spacedatanetwork_astro/sds/ODR/pceOwnerClass.py'
adding 'spacedatanetwork_astro/sds/ODR/pceParameter.py'
adding 'spacedatanetwork_astro/sds/ODR/pcePropagationDirection.py'
adding 'spacedatanetwork_astro/sds/ODR/pceResultStatus.py'
adding 'spacedatanetwork_astro/sds/ODR/pceUnit.py'
adding 'spacedatanetwork_astro/sds/ODR/rfmAxisType.py'
adding 'spacedatanetwork_astro/sds/ODR/rfmLibrationPoint.py'
adding 'spacedatanetwork_astro/sds/ODR/rfmOriginKind.py'
adding 'spacedatanetwork_astro/sds/ODR/rfmVectorSpecification.py'
adding 'spacedatanetwork_astro/sds/OEM/Band.py'
adding 'spacedatanetwork_astro/sds/OEM/CAT.py'
adding 'spacedatanetwork_astro/sds/OEM/CelestialFrame.py'
adding 'spacedatanetwork_astro/sds/OEM/CelestialFrameWrapper.py'
adding 'spacedatanetwork_astro/sds/OEM/CustomFrame.py'
adding 'spacedatanetwork_astro/sds/OEM/CustomFrameWrapper.py'
adding 'spacedatanetwork_astro/sds/OEM/DataMode.py'
adding 'spacedatanetwork_astro/sds/OEM/DeviceType.py'
adding 'spacedatanetwork_astro/sds/OEM/FrequencyRange.py'
adding 'spacedatanetwork_astro/sds/OEM/IDM.py'
adding 'spacedatanetwork_astro/sds/OEM/LCC.py'
adding 'spacedatanetwork_astro/sds/OEM/OEM.py'
adding 'spacedatanetwork_astro/sds/OEM/OrbitFrame.py'
adding 'spacedatanetwork_astro/sds/OEM/OrbitFrameWrapper.py'
adding 'spacedatanetwork_astro/sds/OEM/PLD.py'
adding 'spacedatanetwork_astro/sds/OEM/PPE.py'
adding 'spacedatanetwork_astro/sds/OEM/PPEOrbitalElementRecord.py'
adding 'spacedatanetwork_astro/sds/OEM/PPEPositionRecord.py'
adding 'spacedatanetwork_astro/sds/OEM/PolarizationType.py'
adding 'spacedatanetwork_astro/sds/OEM/RFM.py'
adding 'spacedatanetwork_astro/sds/OEM/RFMCoordinateSystem.py'
adding 'spacedatanetwork_astro/sds/OEM/RFMCoordinateSystemWrapper.py'
adding 'spacedatanetwork_astro/sds/OEM/RFMLocalAlignedConstrainedAxes.py'
adding 'spacedatanetwork_astro/sds/OEM/RFMObjectReferencedAxes.py'
adding 'spacedatanetwork_astro/sds/OEM/RFMOrigin.py'
adding 'spacedatanetwork_astro/sds/OEM/RFMUnion.py'
adding 'spacedatanetwork_astro/sds/OEM/SimplePolarization.py'
adding 'spacedatanetwork_astro/sds/OEM/SpacecraftFrame.py'
adding 'spacedatanetwork_astro/sds/OEM/SpacecraftFrameWrapper.py'
adding 'spacedatanetwork_astro/sds/OEM/StokesParameters.py'
adding 'spacedatanetwork_astro/sds/OEM/TIM.py'
adding 'spacedatanetwork_astro/sds/OEM/TIMCcsdsTimeCode.py'
adding 'spacedatanetwork_astro/sds/OEM/TIMConversionRequest.py'
adding 'spacedatanetwork_astro/sds/OEM/TIMConversionResult.py'
adding 'spacedatanetwork_astro/sds/OEM/TIMInstant.py'
adding 'spacedatanetwork_astro/sds/OEM/__init__.py'
adding 'spacedatanetwork_astro/sds/OEM/covarianceMatrixLine.py'
adding 'spacedatanetwork_astro/sds/OEM/dataAvailability.py'
adding 'spacedatanetwork_astro/sds/OEM/ephemerisDataBlock.py'
adding 'spacedatanetwork_astro/sds/OEM/ephemerisDataLine.py'
adding 'spacedatanetwork_astro/sds/OEM/legacyCountryCode.py'
adding 'spacedatanetwork_astro/sds/OEM/massCategory.py'
adding 'spacedatanetwork_astro/sds/OEM/operationalState.py'
adding 'spacedatanetwork_astro/sds/OEM/orbitRegime.py'
adding 'spacedatanetwork_astro/sds/OEM/polynomialBasisType.py'
adding 'spacedatanetwork_astro/sds/OEM/ppeAnomalyType.py'
adding 'spacedatanetwork_astro/sds/OEM/rfmAxisType.py'
adding 'spacedatanetwork_astro/sds/OEM/rfmLibrationPoint.py'
adding 'spacedatanetwork_astro/sds/OEM/rfmOriginKind.py'
adding 'spacedatanetwork_astro/sds/OEM/rfmVectorSpecification.py'
adding 'spacedatanetwork_astro/sds/OEM/sizeShapeProfile.py'
adding 'spacedatanetwork_astro/sds/OEM/spaceObjectClass.py'
adding 'spacedatanetwork_astro/sds/OEM/timCcsdsTimeCodeKind.py'
adding 'spacedatanetwork_astro/sds/OEM/timConversionStatus.py'
adding 'spacedatanetwork_astro/sds/OEM/timEpochRepresentation.py'
adding 'spacedatanetwork_astro/sds/OEM/timingStandard.py'
adding 'spacedatanetwork_astro/sds/OMM/CelestialFrame.py'
adding 'spacedatanetwork_astro/sds/OMM/CelestialFrameWrapper.py'
adding 'spacedatanetwork_astro/sds/OMM/CustomFrame.py'
adding 'spacedatanetwork_astro/sds/OMM/CustomFrameWrapper.py'
adding 'spacedatanetwork_astro/sds/OMM/MET.py'
adding 'spacedatanetwork_astro/sds/OMM/OMM.py'
adding 'spacedatanetwork_astro/sds/OMM/OrbitFrame.py'
adding 'spacedatanetwork_astro/sds/OMM/OrbitFrameWrapper.py'
adding 'spacedatanetwork_astro/sds/OMM/RFM.py'
adding 'spacedatanetwork_astro/sds/OMM/RFMCoordinateSystem.py'
adding 'spacedatanetwork_astro/sds/OMM/RFMCoordinateSystemWrapper.py'
adding 'spacedatanetwork_astro/sds/OMM/RFMLocalAlignedConstrainedAxes.py'
adding 'spacedatanetwork_astro/sds/OMM/RFMObjectReferencedAxes.py'
adding 'spacedatanetwork_astro/sds/OMM/RFMOrigin.py'
adding 'spacedatanetwork_astro/sds/OMM/RFMUnion.py'
adding 'spacedatanetwork_astro/sds/OMM/SpacecraftFrame.py'
adding 'spacedatanetwork_astro/sds/OMM/SpacecraftFrameWrapper.py'
adding 'spacedatanetwork_astro/sds/OMM/TIM.py'
adding 'spacedatanetwork_astro/sds/OMM/TIMCcsdsTimeCode.py'
adding 'spacedatanetwork_astro/sds/OMM/TIMConversionRequest.py'
adding 'spacedatanetwork_astro/sds/OMM/TIMConversionResult.py'
adding 'spacedatanetwork_astro/sds/OMM/TIMInstant.py'
adding 'spacedatanetwork_astro/sds/OMM/__init__.py'
adding 'spacedatanetwork_astro/sds/OMM/ephemerisFormat.py'
adding 'spacedatanetwork_astro/sds/OMM/meanElementSource.py'
adding 'spacedatanetwork_astro/sds/OMM/rfmAxisType.py'
adding 'spacedatanetwork_astro/sds/OMM/rfmLibrationPoint.py'
adding 'spacedatanetwork_astro/sds/OMM/rfmOriginKind.py'
adding 'spacedatanetwork_astro/sds/OMM/rfmVectorSpecification.py'
adding 'spacedatanetwork_astro/sds/OMM/timCcsdsTimeCodeKind.py'
adding 'spacedatanetwork_astro/sds/OMM/timConversionStatus.py'
adding 'spacedatanetwork_astro/sds/OMM/timEpochRepresentation.py'
adding 'spacedatanetwork_astro/sds/OMM/timingStandard.py'
adding 'spacedatanetwork_astro/sds/PCE/CelestialFrame.py'
adding 'spacedatanetwork_astro/sds/PCE/CelestialFrameWrapper.py'
adding 'spacedatanetwork_astro/sds/PCE/CustomFrame.py'
adding 'spacedatanetwork_astro/sds/PCE/CustomFrameWrapper.py'
adding 'spacedatanetwork_astro/sds/PCE/FRM.py'
adding 'spacedatanetwork_astro/sds/PCE/FRMFrameTransformRequest.py'
adding 'spacedatanetwork_astro/sds/PCE/FRMFrameTransformResult.py'
adding 'spacedatanetwork_astro/sds/PCE/FRMMatrix3.py'
adding 'spacedatanetwork_astro/sds/PCE/FRMStateVector.py'
adding 'spacedatanetwork_astro/sds/PCE/FRMVector3.py'
adding 'spacedatanetwork_astro/sds/PCE/OrbitFrame.py'
adding 'spacedatanetwork_astro/sds/PCE/OrbitFrameWrapper.py'
adding 'spacedatanetwork_astro/sds/PCE/PCE.py'
adding 'spacedatanetwork_astro/sds/PCE/PCEEvaluationContext.py'
adding 'spacedatanetwork_astro/sds/PCE/PCEEvaluationRequest.py'
adding 'spacedatanetwork_astro/sds/PCE/PCEEvaluationResult.py'
adding 'spacedatanetwork_astro/sds/PCE/PCEParameterCatalog.py'
adding 'spacedatanetwork_astro/sds/PCE/PCEParameterCondition.py'
adding 'spacedatanetwork_astro/sds/PCE/PCEParameterDescriptor.py'
adding 'spacedatanetwork_astro/sds/PCE/PCEParameterRef.py'
adding 'spacedatanetwork_astro/sds/PCE/PCEParameterSample.py'
adding 'spacedatanetwork_astro/sds/PCE/PCEParameterValue.py'
adding 'spacedatanetwork_astro/sds/PCE/PCEStopReport.py'
adding 'spacedatanetwork_astro/sds/PCE/PCEStopRequest.py'
adding 'spacedatanetwork_astro/sds/PCE/RFM.py'
adding 'spacedatanetwork_astro/sds/PCE/RFMCoordinateSystem.py'
adding 'spacedatanetwork_astro/sds/PCE/RFMCoordinateSystemWrapper.py'
adding 'spacedatanetwork_astro/sds/PCE/RFMLocalAlignedConstrainedAxes.py'
adding 'spacedatanetwork_astro/sds/PCE/RFMObjectReferencedAxes.py'
adding 'spacedatanetwork_astro/sds/PCE/RFMOrigin.py'
adding 'spacedatanetwork_astro/sds/PCE/RFMUnion.py'
adding 'spacedatanetwork_astro/sds/PCE/SpacecraftFrame.py'
adding 'spacedatanetwork_astro/sds/PCE/SpacecraftFrameWrapper.py'
adding 'spacedatanetwork_astro/sds/PCE/__init__.py'
adding 'spacedatanetwork_astro/sds/PCE/frmOperationCode.py'
adding 'spacedatanetwork_astro/sds/PCE/frmResultStatus.py'
adding 'spacedatanetwork_astro/sds/PCE/frmStateRepresentation.py'
adding 'spacedatanetwork_astro/sds/PCE/pceAvailability.py'
adding 'spacedatanetwork_astro/sds/PCE/pceConditionDirection.py'
adding 'spacedatanetwork_astro/sds/PCE/pceDataType.py'
adding 'spacedatanetwork_astro/sds/PCE/pceFrameDependency.py'
adding 'spacedatanetwork_astro/sds/PCE/pceOwnerClass.py'
adding 'spacedatanetwork_astro/sds/PCE/pceParameter.py'
adding 'spacedatanetwork_astro/sds/PCE/pcePropagationDirection.py'
adding 'spacedatanetwork_astro/sds/PCE/pceResultStatus.py'
adding 'spacedatanetwork_astro/sds/PCE/pceUnit.py'
adding 'spacedatanetwork_astro/sds/PCE/rfmAxisType.py'
adding 'spacedatanetwork_astro/sds/PCE/rfmLibrationPoint.py'
adding 'spacedatanetwork_astro/sds/PCE/rfmOriginKind.py'
adding 'spacedatanetwork_astro/sds/PCE/rfmVectorSpecification.py'
adding 'spacedatanetwork_astro/sds/PIV/FlatBufferTypeRef.py'
adding 'spacedatanetwork_astro/sds/PIV/PIV.py'
adding 'spacedatanetwork_astro/sds/PIV/PIVRequest.py'
adding 'spacedatanetwork_astro/sds/PIV/PIVResponse.py'
adding 'spacedatanetwork_astro/sds/PIV/TAB.py'
adding 'spacedatanetwork_astro/sds/PIV/__init__.py'
adding 'spacedatanetwork_astro/sds/PIV/bufferMutability.py'
adding 'spacedatanetwork_astro/sds/PIV/bufferOwnership.py'
adding 'spacedatanetwork_astro/sds/PIV/payloadWireFormat.py'
adding 'spacedatanetwork_astro/sds/PIV/pivStatus.py'
adding 'spacedatanetwork_astro/sds/REC/ACI.py'
adding 'spacedatanetwork_astro/sds/REC/ACIBestServer.py'
adding 'spacedatanetwork_astro/sds/REC/ACIDataVolumeByModCod.py'
adding 'spacedatanetwork_astro/sds/REC/ACIHandover.py'
adding 'spacedatanetwork_astro/sds/REC/ACIInterval.py'
adding 'spacedatanetwork_astro/sds/REC/ACIProvenance.py'
adding 'spacedatanetwork_astro/sds/REC/ACL.py'
adding 'spacedatanetwork_astro/sds/REC/ACM.py'
adding 'spacedatanetwork_astro/sds/REC/ACR.py'
adding 'spacedatanetwork_astro/sds/REC/ACT.py'
adding 'spacedatanetwork_astro/sds/REC/ACTKeySlot.py'
adding 'spacedatanetwork_astro/sds/REC/ACW.py'
adding 'spacedatanetwork_astro/sds/REC/ACWAccessWindow.py'
adding 'spacedatanetwork_astro/sds/REC/ACWBlackoutWindow.py'
adding 'spacedatanetwork_astro/sds/REC/ACWElevationMaskPoint.py'
adding 'spacedatanetwork_astro/sds/REC/ACWGroundStation.py'
adding 'spacedatanetwork_astro/sds/REC/ACWRefractionModel.py'
adding 'spacedatanetwork_astro/sds/REC/ACWRequest.py'
adding 'spacedatanetwork_astro/sds/REC/ACWResult.py'
adding 'spacedatanetwork_astro/sds/REC/ACWStateSample.py'
adding 'spacedatanetwork_astro/sds/REC/AEM.py'
adding 'spacedatanetwork_astro/sds/REC/AEMSegment.py'
adding 'spacedatanetwork_astro/sds/REC/AGR.py'
adding 'spacedatanetwork_astro/sds/REC/AGRBin.py'
adding 'spacedatanetwork_astro/sds/REC/AGRCategory.py'
adding 'spacedatanetwork_astro/sds/REC/AGRPivotCell.py'
adding 'spacedatanetwork_astro/sds/REC/AGRSeries.py'
adding 'spacedatanetwork_astro/sds/REC/ANI.py'
adding 'spacedatanetwork_astro/sds/REC/AOF.py'
adding 'spacedatanetwork_astro/sds/REC/APL.py'
adding 'spacedatanetwork_astro/sds/REC/APM.py'
adding 'spacedatanetwork_astro/sds/REC/APP.py'
adding 'spacedatanetwork_astro/sds/REC/APPDataRef.py'
adding 'spacedatanetwork_astro/sds/REC/APPDataflow.py'
adding 'spacedatanetwork_astro/sds/REC/APPModuleRef.py'
adding 'spacedatanetwork_astro/sds/REC/APPSourceRef.py'
adding 'spacedatanetwork_astro/sds/REC/APPUIPage.py'
adding 'spacedatanetwork_astro/sds/REC/ARM.py'
adding 'spacedatanetwork_astro/sds/REC/AST.py'
adding 'spacedatanetwork_astro/sds/REC/ATD.py'
adding 'spacedatanetwork_astro/sds/REC/ATM.py'
adding 'spacedatanetwork_astro/sds/REC/AVL.py'
adding 'spacedatanetwork_astro/sds/REC/AVLProvenance.py'
adding 'spacedatanetwork_astro/sds/REC/AbsoluteTimeParameterType.py'
adding 'spacedatanetwork_astro/sds/REC/Address.py'
adding 'spacedatanetwork_astro/sds/REC/AggregateArgumentType.py'
adding 'spacedatanetwork_astro/sds/REC/AggregateMember.py'
adding 'spacedatanetwork_astro/sds/REC/AggregateParameterType.py'
adding 'spacedatanetwork_astro/sds/REC/AircraftType.py'
adding 'spacedatanetwork_astro/sds/REC/AlarmRange.py'
adding 'spacedatanetwork_astro/sds/REC/AlarmSeverityType.py'
adding 'spacedatanetwork_astro/sds/REC/AlgorithmInput.py'
adding 'spacedatanetwork_astro/sds/REC/AlgorithmOutput.py'
adding 'spacedatanetwork_astro/sds/REC/AlgorithmSet.py'
adding 'spacedatanetwork_astro/sds/REC/AlgorithmTrigger.py'
adding 'spacedatanetwork_astro/sds/REC/AmmoType.py'
adding 'spacedatanetwork_astro/sds/REC/AntennaPattern.py'
adding 'spacedatanetwork_astro/sds/REC/Argument.py'
adding 'spacedatanetwork_astro/sds/REC/ArgumentAssignment.py'
adding 'spacedatanetwork_astro/sds/REC/ArgumentRefEntry.py'
adding 'spacedatanetwork_astro/sds/REC/ArgumentTypeSet.py'
adding 'spacedatanetwork_astro/sds/REC/ArmorMaterial.py'
adding 'spacedatanetwork_astro/sds/REC/ArrayDimension.py'
adding 'spacedatanetwork_astro/sds/REC/ArrayParameterRefEntry.py'
adding 'spacedatanetwork_astro/sds/REC/ArrayParameterType.py'
adding 'spacedatanetwork_astro/sds/REC/AssociationMethod.py'
adding 'spacedatanetwork_astro/sds/REC/AtmosphereModel.py'
adding 'spacedatanetwork_astro/sds/REC/AtmosphericModelFamily.py'
adding 'spacedatanetwork_astro/sds/REC/BAL.py'
adding 'spacedatanetwork_astro/sds/REC/BEM.py'
adding 'spacedatanetwork_astro/sds/REC/BEMHopSchedule.py'
adding 'spacedatanetwork_astro/sds/REC/BEMHopSlot.py'
adding 'spacedatanetwork_astro/sds/REC/BEMProvenance.py'
adding 'spacedatanetwork_astro/sds/REC/BMC.py'
adding 'spacedatanetwork_astro/sds/REC/BOV.py'
adding 'spacedatanetwork_astro/sds/REC/BPF.py'
adding 'spacedatanetwork_astro/sds/REC/BPFAttestation.py'
adding 'spacedatanetwork_astro/sds/REC/BPFModule.py'
adding 'spacedatanetwork_astro/sds/REC/BPFPart.py'
adding 'spacedatanetwork_astro/sds/REC/BPFRuntimeLock.py'
adding 'spacedatanetwork_astro/sds/REC/BSP.py'
adding 'spacedatanetwork_astro/sds/REC/BSPInterpolationRequest.py'
adding 'spacedatanetwork_astro/sds/REC/BSPInterpolationResult.py'
adding 'spacedatanetwork_astro/sds/REC/BSPVector3Series.py'
adding 'spacedatanetwork_astro/sds/REC/BUS.py'
adding 'spacedatanetwork_astro/sds/REC/BalStabilizationType.py'
adding 'spacedatanetwork_astro/sds/REC/BallisticModel.py'
adding 'spacedatanetwork_astro/sds/REC/Band.py'
adding 'spacedatanetwork_astro/sds/REC/BandType.py'
adding 'spacedatanetwork_astro/sds/REC/BaseContainer.py'
adding 'spacedatanetwork_astro/sds/REC/BaseMetaCommand.py'
adding 'spacedatanetwork_astro/sds/REC/BinaryArgumentType.py'
adding 'spacedatanetwork_astro/sds/REC/BinaryDataEncoding.py'
adding 'spacedatanetwork_astro/sds/REC/BinaryParameterType.py'
adding 'spacedatanetwork_astro/sds/REC/BooleanArgumentType.py'
adding 'spacedatanetwork_astro/sds/REC/BooleanExpression.py'
adding 'spacedatanetwork_astro/sds/REC/BooleanOperatorType.py'
adding 'spacedatanetwork_astro/sds/REC/BooleanParameterType.py'
adding 'spacedatanetwork_astro/sds/REC/BottomType.py'
adding 'spacedatanetwork_astro/sds/REC/BusStabilizationType.py'
adding 'spacedatanetwork_astro/sds/REC/ByteOrderType.py'
adding 'spacedatanetwork_astro/sds/REC/CAQ.py'
adding 'spacedatanetwork_astro/sds/REC/CAQRequest.py'
adding 'spacedatanetwork_astro/sds/REC/CAQResult.py'
adding 'spacedatanetwork_astro/sds/REC/CAT.py'
adding 'spacedatanetwork_astro/sds/REC/CCT.py'
adding 'spacedatanetwork_astro/sds/REC/CCTCategory.py'
adding 'spacedatanetwork_astro/sds/REC/CCTCategoryRollup.py'
adding 'spacedatanetwork_astro/sds/REC/CDM.py'
adding 'spacedatanetwork_astro/sds/REC/CDMObject.py'
adding 'spacedatanetwork_astro/sds/REC/CES.py'
adding 'spacedatanetwork_astro/sds/REC/CESObjectVector.py'
adding 'spacedatanetwork_astro/sds/REC/CFP.py'
adding 'spacedatanetwork_astro/sds/REC/CHN.py'
adding 'spacedatanetwork_astro/sds/REC/CLM.py'
adding 'spacedatanetwork_astro/sds/REC/CLMCountersignature.py'
adding 'spacedatanetwork_astro/sds/REC/CLT.py'
adding 'spacedatanetwork_astro/sds/REC/CMR.py'
adding 'spacedatanetwork_astro/sds/REC/CMRProvenance.py'
adding 'spacedatanetwork_astro/sds/REC/CMS.py'
adding 'spacedatanetwork_astro/sds/REC/CMT.py'
adding 'spacedatanetwork_astro/sds/REC/CNP.py'
adding 'spacedatanetwork_astro/sds/REC/CNPMetric.py'
adding 'spacedatanetwork_astro/sds/REC/CNPProvenance.py'
adding 'spacedatanetwork_astro/sds/REC/CNPRegion.py'
adding 'spacedatanetwork_astro/sds/REC/CNPStatistic.py'
adding 'spacedatanetwork_astro/sds/REC/COM.py'
adding 'spacedatanetwork_astro/sds/REC/COT.py'
adding 'spacedatanetwork_astro/sds/REC/COTDetail.py'
adding 'spacedatanetwork_astro/sds/REC/COTHowType.py'
adding 'spacedatanetwork_astro/sds/REC/COTPoint.py'
adding 'spacedatanetwork_astro/sds/REC/CPS.py'
adding 'spacedatanetwork_astro/sds/REC/CRD.py'
adding 'spacedatanetwork_astro/sds/REC/CRM.py'
adding 'spacedatanetwork_astro/sds/REC/CSM.py'
adding 'spacedatanetwork_astro/sds/REC/CTR.py'
adding 'spacedatanetwork_astro/sds/REC/CVG.py'
adding 'spacedatanetwork_astro/sds/REC/CVP.py'
adding 'spacedatanetwork_astro/sds/REC/CVPEmitterRef.py'
adding 'spacedatanetwork_astro/sds/REC/CVPObstacleRef.py'
adding 'spacedatanetwork_astro/sds/REC/CVPProvenance.py'
adding 'spacedatanetwork_astro/sds/REC/CVPReceiverRef.py'
adding 'spacedatanetwork_astro/sds/REC/CVPUncertainty.py'
adding 'spacedatanetwork_astro/sds/REC/CZM.py'
adding 'spacedatanetwork_astro/sds/REC/CZMArcType.py'
adding 'spacedatanetwork_astro/sds/REC/CZMBillboard.py'
adding 'spacedatanetwork_astro/sds/REC/CZMBox.py'
adding 'spacedatanetwork_astro/sds/REC/CZMCartesian.py'
adding 'spacedatanetwork_astro/sds/REC/CZMCartographicDegrees.py'
adding 'spacedatanetwork_astro/sds/REC/CZMCheckerboardMaterial.py'
adding 'spacedatanetwork_astro/sds/REC/CZMClassificationType.py'
adding 'spacedatanetwork_astro/sds/REC/CZMClockRange.py'
adding 'spacedatanetwork_astro/sds/REC/CZMClockStep.py'
adding 'spacedatanetwork_astro/sds/REC/CZMColor.py'
adding 'spacedatanetwork_astro/sds/REC/CZMColorBlendMode.py'
adding 'spacedatanetwork_astro/sds/REC/CZMCornerType.py'
adding 'spacedatanetwork_astro/sds/REC/CZMCorridor.py'
adding 'spacedatanetwork_astro/sds/REC/CZMCylinder.py'
adding 'spacedatanetwork_astro/sds/REC/CZMDistanceDisplayCondition.py'
adding 'spacedatanetwork_astro/sds/REC/CZMDynInterval.py'
adding 'spacedatanetwork_astro/sds/REC/CZMDynSampled.py'
adding 'spacedatanetwork_astro/sds/REC/CZMDynValueType.py'
adding 'spacedatanetwork_astro/sds/REC/CZMDynamicProperty.py'
adding 'spacedatanetwork_astro/sds/REC/CZMEllipse.py'
adding 'spacedatanetwork_astro/sds/REC/CZMEllipsoid.py'
adding 'spacedatanetwork_astro/sds/REC/CZMGridMaterial.py'
adding 'spacedatanetwork_astro/sds/REC/CZMHeightReference.py'
adding 'spacedatanetwork_astro/sds/REC/CZMHorizontalOrigin.py'
adding 'spacedatanetwork_astro/sds/REC/CZMImageMaterial.py'
adding 'spacedatanetwork_astro/sds/REC/CZMInterpolation.py'
adding 'spacedatanetwork_astro/sds/REC/CZMInterval.py'
adding 'spacedatanetwork_astro/sds/REC/CZMLabel.py'
adding 'spacedatanetwork_astro/sds/REC/CZMLabelStyle.py'
adding 'spacedatanetwork_astro/sds/REC/CZMMaterial.py'
adding 'spacedatanetwork_astro/sds/REC/CZMModel.py'
adding 'spacedatanetwork_astro/sds/REC/CZMNearFarScalar.py'
adding 'spacedatanetwork_astro/sds/REC/CZMOrientation.py'
adding 'spacedatanetwork_astro/sds/REC/CZMPacket.py'
adding 'spacedatanetwork_astro/sds/REC/CZMPath.py'
adding 'spacedatanetwork_astro/sds/REC/CZMPoint.py'
adding 'spacedatanetwork_astro/sds/REC/CZMPolygon.py'
adding 'spacedatanetwork_astro/sds/REC/CZMPolygonHole.py'
adding 'spacedatanetwork_astro/sds/REC/CZMPolyline.py'
adding 'spacedatanetwork_astro/sds/REC/CZMPolylineArrowMaterial.py'
adding 'spacedatanetwork_astro/sds/REC/CZMPolylineDashMaterial.py'
adding 'spacedatanetwork_astro/sds/REC/CZMPolylineGlowMaterial.py'
adding 'spacedatanetwork_astro/sds/REC/CZMPolylineMaterial.py'
adding 'spacedatanetwork_astro/sds/REC/CZMPolylineOutlineMaterial.py'
adding 'spacedatanetwork_astro/sds/REC/CZMPolylineVolume.py'
adding 'spacedatanetwork_astro/sds/REC/CZMRectangle.py'
adding 'spacedatanetwork_astro/sds/REC/CZMShadowMode.py'
adding 'spacedatanetwork_astro/sds/REC/CZMSolidColorMaterial.py'
adding 'spacedatanetwork_astro/sds/REC/CZMStripeMaterial.py'
adding 'spacedatanetwork_astro/sds/REC/CZMStripeOrientation.py'
adding 'spacedatanetwork_astro/sds/REC/CZMTileset.py'
adding 'spacedatanetwork_astro/sds/REC/CZMVerticalOrigin.py'
adding 'spacedatanetwork_astro/sds/REC/CZMViewFrom.py'
adding 'spacedatanetwork_astro/sds/REC/CZMWall.py'
adding 'spacedatanetwork_astro/sds/REC/CanonicalizationRule.py'
adding 'spacedatanetwork_astro/sds/REC/CelestialFrame.py'
adding 'spacedatanetwork_astro/sds/REC/CelestialFrameWrapper.py'
adding 'spacedatanetwork_astro/sds/REC/CentralBody.py'
adding 'spacedatanetwork_astro/sds/REC/ChainProof.py'
adding 'spacedatanetwork_astro/sds/REC/ClockType.py'
adding 'spacedatanetwork_astro/sds/REC/CmsModulationType.py'
adding 'spacedatanetwork_astro/sds/REC/CollectMethod.py'
adding 'spacedatanetwork_astro/sds/REC/CollisionShape.py'
adding 'spacedatanetwork_astro/sds/REC/ComModulationType.py'
adding 'spacedatanetwork_astro/sds/REC/CommandContainer.py'
adding 'spacedatanetwork_astro/sds/REC/CommandContainerEntry.py'
adding 'spacedatanetwork_astro/sds/REC/CommandMetaData.py'
adding 'spacedatanetwork_astro/sds/REC/CommandSignificance.py'
adding 'spacedatanetwork_astro/sds/REC/CommandVerifier.py'
adding 'spacedatanetwork_astro/sds/REC/ComparisonOperator.py'
adding 'spacedatanetwork_astro/sds/REC/ContainerBinaryEncoding.py'
adding 'spacedatanetwork_astro/sds/REC/ContainerEntry.py'
adding 'spacedatanetwork_astro/sds/REC/ContainerRefEntry.py'
adding 'spacedatanetwork_astro/sds/REC/ContainerSet.py'
adding 'spacedatanetwork_astro/sds/REC/ContextAlarm.py'
adding 'spacedatanetwork_astro/sds/REC/ContextCalibrator.py'
adding 'spacedatanetwork_astro/sds/REC/CoordFrame.py'
adding 'spacedatanetwork_astro/sds/REC/CountermeasureStatus.py'
adding 'spacedatanetwork_astro/sds/REC/CrewRole.py'
adding 'spacedatanetwork_astro/sds/REC/CrewState.py'
adding 'spacedatanetwork_astro/sds/REC/CryptoKey.py'
adding 'spacedatanetwork_astro/sds/REC/CustomAlgorithm.py'
adding 'spacedatanetwork_astro/sds/REC/CustomFrame.py'
adding 'spacedatanetwork_astro/sds/REC/CustomFrameWrapper.py'
adding 'spacedatanetwork_astro/sds/REC/CustomStream.py'
adding 'spacedatanetwork_astro/sds/REC/DCState.py'
adding 'spacedatanetwork_astro/sds/REC/DFH.py'
adding 'spacedatanetwork_astro/sds/REC/DMG.py'
adding 'spacedatanetwork_astro/sds/REC/DOA.py'
adding 'spacedatanetwork_astro/sds/REC/DPM.py'
adding 'spacedatanetwork_astro/sds/REC/DPMAsset.py'
adding 'spacedatanetwork_astro/sds/REC/DPMCompletenessIndex.py'
adding 'spacedatanetwork_astro/sds/REC/DPMEncryptionBinding.py'
adding 'spacedatanetwork_astro/sds/REC/DPMQueryBinding.py'
adding 'spacedatanetwork_astro/sds/REC/DPMSourceBatch.py'
adding 'spacedatanetwork_astro/sds/REC/DSS.py'
adding 'spacedatanetwork_astro/sds/REC/DTT.py'
adding 'spacedatanetwork_astro/sds/REC/DTTPayloadRef.py'
adding 'spacedatanetwork_astro/sds/REC/DTTProvenance.py'
adding 'spacedatanetwork_astro/sds/REC/DataCoverage.py'
adding 'spacedatanetwork_astro/sds/REC/DataLinkType.py'
adding 'spacedatanetwork_astro/sds/REC/DataMode.py'
adding 'spacedatanetwork_astro/sds/REC/DataQualityMetrics.py'
adding 'spacedatanetwork_astro/sds/REC/DataSourceType.py'
adding 'spacedatanetwork_astro/sds/REC/DataType.py'
adding 'spacedatanetwork_astro/sds/REC/DateFormat.py'
adding 'spacedatanetwork_astro/sds/REC/DefaultAlarm.py'
adding 'spacedatanetwork_astro/sds/REC/DestructionCause.py'
adding 'spacedatanetwork_astro/sds/REC/DeviceType.py'
adding 'spacedatanetwork_astro/sds/REC/DomainProof.py'
adding 'spacedatanetwork_astro/sds/REC/DragModel.py'
adding 'spacedatanetwork_astro/sds/REC/DriveType.py'
adding 'spacedatanetwork_astro/sds/REC/EGP.py'
adding 'spacedatanetwork_astro/sds/REC/EGPMember.py'
adding 'spacedatanetwork_astro/sds/REC/EGPProvenance.py'
adding 'spacedatanetwork_astro/sds/REC/EGPQuery.py'
adding 'spacedatanetwork_astro/sds/REC/EMC.py'
adding 'spacedatanetwork_astro/sds/REC/EMCEndpointRef.py'
adding 'spacedatanetwork_astro/sds/REC/EMCIntermodulationTerm.py'
adding 'spacedatanetwork_astro/sds/REC/EME.py'
adding 'spacedatanetwork_astro/sds/REC/ENC.py'
adding 'spacedatanetwork_astro/sds/REC/ENGINE.py'
adding 'spacedatanetwork_astro/sds/REC/ENGINE_TYPE.py'
adding 'spacedatanetwork_astro/sds/REC/ENT.py'
adding 'spacedatanetwork_astro/sds/REC/ENV.py'
adding 'spacedatanetwork_astro/sds/REC/EOO.py'
adding 'spacedatanetwork_astro/sds/REC/EOP.py'
adding 'spacedatanetwork_astro/sds/REC/EPF.py'
adding 'spacedatanetwork_astro/sds/REC/EPFContributor.py'
adding 'spacedatanetwork_astro/sds/REC/EPFVerdict.py'
adding 'spacedatanetwork_astro/sds/REC/EPM.py'
adding 'spacedatanetwork_astro/sds/REC/ESL.py'
adding 'spacedatanetwork_astro/sds/REC/ESMFunction.py'
adding 'spacedatanetwork_astro/sds/REC/ETM.py'
adding 'spacedatanetwork_astro/sds/REC/EVL.py'
adding 'spacedatanetwork_astro/sds/REC/EVLApsidesConfiguration.py'
adding 'spacedatanetwork_astro/sds/REC/EVLContactConfiguration.py'
adding 'spacedatanetwork_astro/sds/REC/EVLEclipseConfiguration.py'
adding 'spacedatanetwork_astro/sds/REC/EVLEvent.py'
adding 'spacedatanetwork_astro/sds/REC/EVLEventLocationRequest.py'
adding 'spacedatanetwork_astro/sds/REC/EVLEventReport.py'
adding 'spacedatanetwork_astro/sds/REC/EVLEventSample.py'
adding 'spacedatanetwork_astro/sds/REC/EVLIntrusionConfiguration.py'
adding 'spacedatanetwork_astro/sds/REC/EVLNodeCrossingConfiguration.py'
adding 'spacedatanetwork_astro/sds/REC/EVLParameterConditionConfiguration.py'
adding 'spacedatanetwork_astro/sds/REC/EWR.py'
adding 'spacedatanetwork_astro/sds/REC/Ellipsoid.py'
adding 'spacedatanetwork_astro/sds/REC/EngineType.py'
adding 'spacedatanetwork_astro/sds/REC/EntityType.py'
adding 'spacedatanetwork_astro/sds/REC/EntryFunction.py'
adding 'spacedatanetwork_astro/sds/REC/EnumeratedArgumentType.py'
adding 'spacedatanetwork_astro/sds/REC/EnumeratedParameterType.py'
adding 'spacedatanetwork_astro/sds/REC/EnumerationAlarm.py'
adding 'spacedatanetwork_astro/sds/REC/EnumerationValue.py'
adding 'spacedatanetwork_astro/sds/REC/EpochType.py'
adding 'spacedatanetwork_astro/sds/REC/ErrorDetectionType.py'
adding 'spacedatanetwork_astro/sds/REC/F107DataType.py'
adding 'spacedatanetwork_astro/sds/REC/FCS.py'
adding 'spacedatanetwork_astro/sds/REC/FCSMode.py'
adding 'spacedatanetwork_astro/sds/REC/FPC.py'
adding 'spacedatanetwork_astro/sds/REC/FPCCSRGraph.py'
adding 'spacedatanetwork_astro/sds/REC/FPCGraphDefinition.py'
adding 'spacedatanetwork_astro/sds/REC/FPCPathRequest.py'
adding 'spacedatanetwork_astro/sds/REC/FPCPathResult.py'
adding 'spacedatanetwork_astro/sds/REC/FPCShortestPathRequest.py'
adding 'spacedatanetwork_astro/sds/REC/FPCShortestPathResult.py'
adding 'spacedatanetwork_astro/sds/REC/FPCWeightedEdgeList.py'
adding 'spacedatanetwork_astro/sds/REC/FRM.py'
adding 'spacedatanetwork_astro/sds/REC/FRMFrameTransformRequest.py'
adding 'spacedatanetwork_astro/sds/REC/FRMFrameTransformResult.py'
adding 'spacedatanetwork_astro/sds/REC/FRMMatrix3.py'
adding 'spacedatanetwork_astro/sds/REC/FRMStateVector.py'
adding 'spacedatanetwork_astro/sds/REC/FRMVector3.py'
adding 'spacedatanetwork_astro/sds/REC/FSB.py'
adding 'spacedatanetwork_astro/sds/REC/FSM.py'
adding 'spacedatanetwork_astro/sds/REC/FSO.py'
adding 'spacedatanetwork_astro/sds/REC/FSOTableBinding.py'
adding 'spacedatanetwork_astro/sds/REC/FSP.py'
adding 'spacedatanetwork_astro/sds/REC/FieldStreamAudience.py'
adding 'spacedatanetwork_astro/sds/REC/FieldStreamRule.py'
adding 'spacedatanetwork_astro/sds/REC/FieldStreamValue.py'
adding 'spacedatanetwork_astro/sds/REC/FilterType.py'
adding 'spacedatanetwork_astro/sds/REC/FixedFrameStream.py'
adding 'spacedatanetwork_astro/sds/REC/FixedValueEntry.py'
adding 'spacedatanetwork_astro/sds/REC/FlatBufferTypeRef.py'
adding 'spacedatanetwork_astro/sds/REC/FlatbuffersEncryption.py'
adding 'spacedatanetwork_astro/sds/REC/FlightPhase.py'
adding 'spacedatanetwork_astro/sds/REC/FloatArgumentType.py'
adding 'spacedatanetwork_astro/sds/REC/FloatDataEncoding.py'
adding 'spacedatanetwork_astro/sds/REC/FloatEncodingType.py'
adding 'spacedatanetwork_astro/sds/REC/FloatParameterType.py'
adding 'spacedatanetwork_astro/sds/REC/FluxQualifier.py'
adding 'spacedatanetwork_astro/sds/REC/ForceModel.py'
adding 'spacedatanetwork_astro/sds/REC/ForceType.py'
adding 'spacedatanetwork_astro/sds/REC/FrequencyRange.py'
adding 'spacedatanetwork_astro/sds/REC/FusionMethod.py'
adding 'spacedatanetwork_astro/sds/REC/FuzeType.py'
adding 'spacedatanetwork_astro/sds/REC/GCT.py'
adding 'spacedatanetwork_astro/sds/REC/GCTCoverGrid.py'
adding 'spacedatanetwork_astro/sds/REC/GCTDensityVolume.py'
adding 'spacedatanetwork_astro/sds/REC/GCTDistanceField.py'
adding 'spacedatanetwork_astro/sds/REC/GCTInstance.py'
adding 'spacedatanetwork_astro/sds/REC/GCTLevel.py'
adding 'spacedatanetwork_astro/sds/REC/GCTVariant.py'
adding 'spacedatanetwork_astro/sds/REC/GDI.py'
adding 'spacedatanetwork_astro/sds/REC/GEL.py'
adding 'spacedatanetwork_astro/sds/REC/GELConvergenceDiagnostics.py'
adding 'spacedatanetwork_astro/sds/REC/GELObservationRef.py'
adding 'spacedatanetwork_astro/sds/REC/GEO.py'
adding 'spacedatanetwork_astro/sds/REC/GJN.py'
adding 'spacedatanetwork_astro/sds/REC/GJNBoundingBox.py'
adding 'spacedatanetwork_astro/sds/REC/GJNFeature.py'
adding 'spacedatanetwork_astro/sds/REC/GJNGeometry.py'
adding 'spacedatanetwork_astro/sds/REC/GJNGeometryType.py'
adding 'spacedatanetwork_astro/sds/REC/GJNLinearRing.py'
adding 'spacedatanetwork_astro/sds/REC/GJNPolygonRings.py'
adding 'spacedatanetwork_astro/sds/REC/GJNPosition.py'
adding 'spacedatanetwork_astro/sds/REC/GJNProperty.py'
adding 'spacedatanetwork_astro/sds/REC/GNO.py'
adding 'spacedatanetwork_astro/sds/REC/GNP.py'
adding 'spacedatanetwork_astro/sds/REC/GNPName.py'
adding 'spacedatanetwork_astro/sds/REC/GNPProvenance.py'
adding 'spacedatanetwork_astro/sds/REC/GPX.py'
adding 'spacedatanetwork_astro/sds/REC/GPXFixType.py'
adding 'spacedatanetwork_astro/sds/REC/GPXLink.py'
adding 'spacedatanetwork_astro/sds/REC/GPXRoute.py'
adding 'spacedatanetwork_astro/sds/REC/GPXTrack.py'
adding 'spacedatanetwork_astro/sds/REC/GPXTrackSegment.py'
adding 'spacedatanetwork_astro/sds/REC/GPXWaypoint.py'
adding 'spacedatanetwork_astro/sds/REC/GRV.py'
adding 'spacedatanetwork_astro/sds/REC/GST.py'
adding 'spacedatanetwork_astro/sds/REC/GVH.py'
adding 'spacedatanetwork_astro/sds/REC/GVHEngineType.py'
adding 'spacedatanetwork_astro/sds/REC/GearState.py'
adding 'spacedatanetwork_astro/sds/REC/Geometry.py'
adding 'spacedatanetwork_astro/sds/REC/GrantFieldStreamPolicy.py'
adding 'spacedatanetwork_astro/sds/REC/GravityModelName.py'
adding 'spacedatanetwork_astro/sds/REC/GravityModelType.py'
adding 'spacedatanetwork_astro/sds/REC/GuidanceLaw.py'
adding 'spacedatanetwork_astro/sds/REC/HEL.py'
adding 'spacedatanetwork_astro/sds/REC/HFC.py'
adding 'spacedatanetwork_astro/sds/REC/HYP.py'
adding 'spacedatanetwork_astro/sds/REC/Header.py'
adding 'spacedatanetwork_astro/sds/REC/ICN.py'
adding 'spacedatanetwork_astro/sds/REC/IDM.py'
adding 'spacedatanetwork_astro/sds/REC/ION.py'
adding 'spacedatanetwork_astro/sds/REC/IQC.py'
adding 'spacedatanetwork_astro/sds/REC/IQCAnnotation.py'
adding 'spacedatanetwork_astro/sds/REC/IQCExtension.py'
adding 'spacedatanetwork_astro/sds/REC/IQCGeolocation.py'
adding 'spacedatanetwork_astro/sds/REC/IQCHardware.py'
adding 'spacedatanetwork_astro/sds/REC/IQCPayloadRef.py'
adding 'spacedatanetwork_astro/sds/REC/IQCSegment.py'
adding 'spacedatanetwork_astro/sds/REC/IRM.py'
adding 'spacedatanetwork_astro/sds/REC/IRMChunk.py'
adding 'spacedatanetwork_astro/sds/REC/IRMDecodeContext.py'
adding 'spacedatanetwork_astro/sds/REC/IRMFault.py'
adding 'spacedatanetwork_astro/sds/REC/IRMSource.py'
adding 'spacedatanetwork_astro/sds/REC/IRO.py'
adding 'spacedatanetwork_astro/sds/REC/IntegerArgumentType.py'
adding 'spacedatanetwork_astro/sds/REC/IntegerDataEncoding.py'
adding 'spacedatanetwork_astro/sds/REC/IntegerEncodingType.py'
adding 'spacedatanetwork_astro/sds/REC/IntegerParameterType.py'
adding 'spacedatanetwork_astro/sds/REC/IntegrationMethod.py'
adding 'spacedatanetwork_astro/sds/REC/IntegratorType.py'
adding 'spacedatanetwork_astro/sds/REC/Interlock.py'
adding 'spacedatanetwork_astro/sds/REC/JammingType.py'
adding 'spacedatanetwork_astro/sds/REC/KDF.py'
adding 'spacedatanetwork_astro/sds/REC/KMF.py'
adding 'spacedatanetwork_astro/sds/REC/KML.py'
adding 'spacedatanetwork_astro/sds/REC/KMLAltitudeMode.py'
adding 'spacedatanetwork_astro/sds/REC/KMLAnimatedUpdate.py'
adding 'spacedatanetwork_astro/sds/REC/KMLBalloonStyle.py'
adding 'spacedatanetwork_astro/sds/REC/KMLCamera.py'
adding 'spacedatanetwork_astro/sds/REC/KMLColorMode.py'
adding 'spacedatanetwork_astro/sds/REC/KMLCoordinate.py'
adding 'spacedatanetwork_astro/sds/REC/KMLData.py'
adding 'spacedatanetwork_astro/sds/REC/KMLDisplayMode.py'
adding 'spacedatanetwork_astro/sds/REC/KMLFlyTo.py'
adding 'spacedatanetwork_astro/sds/REC/KMLFlyToMode.py'
adding 'spacedatanetwork_astro/sds/REC/KMLFolder.py'
adding 'spacedatanetwork_astro/sds/REC/KMLGridOrigin.py'
adding 'spacedatanetwork_astro/sds/REC/KMLGroundOverlay.py'
adding 'spacedatanetwork_astro/sds/REC/KMLIconStyle.py'
adding 'spacedatanetwork_astro/sds/REC/KMLImagePyramid.py'
adding 'spacedatanetwork_astro/sds/REC/KMLItemIcon.py'
adding 'spacedatanetwork_astro/sds/REC/KMLLabelStyle.py'
adding 'spacedatanetwork_astro/sds/REC/KMLLatLonAltBox.py'
adding 'spacedatanetwork_astro/sds/REC/KMLLatLonQuad.py'
adding 'spacedatanetwork_astro/sds/REC/KMLLineString.py'
adding 'spacedatanetwork_astro/sds/REC/KMLLineStyle.py'
adding 'spacedatanetwork_astro/sds/REC/KMLLinearRing.py'
adding 'spacedatanetwork_astro/sds/REC/KMLLink.py'
adding 'spacedatanetwork_astro/sds/REC/KMLListItemType.py'
adding 'spacedatanetwork_astro/sds/REC/KMLListStyle.py'
adding 'spacedatanetwork_astro/sds/REC/KMLLod.py'
adding 'spacedatanetwork_astro/sds/REC/KMLLookAt.py'
adding 'spacedatanetwork_astro/sds/REC/KMLModel.py'
adding 'spacedatanetwork_astro/sds/REC/KMLMultiGeometry.py'
adding 'spacedatanetwork_astro/sds/REC/KMLMultiTrack.py'
adding 'spacedatanetwork_astro/sds/REC/KMLNetworkLink.py'
adding 'spacedatanetwork_astro/sds/REC/KMLNetworkLinkControl.py'
adding 'spacedatanetwork_astro/sds/REC/KMLPhotoOverlay.py'
adding 'spacedatanetwork_astro/sds/REC/KMLPlacemark.py'
adding 'spacedatanetwork_astro/sds/REC/KMLPlaylist.py'
adding 'spacedatanetwork_astro/sds/REC/KMLPoint.py'
adding 'spacedatanetwork_astro/sds/REC/KMLPolyStyle.py'
adding 'spacedatanetwork_astro/sds/REC/KMLPolygon.py'
adding 'spacedatanetwork_astro/sds/REC/KMLRefreshMode.py'
adding 'spacedatanetwork_astro/sds/REC/KMLRegion.py'
adding 'spacedatanetwork_astro/sds/REC/KMLResourceMapAlias.py'
adding 'spacedatanetwork_astro/sds/REC/KMLSchema.py'
adding 'spacedatanetwork_astro/sds/REC/KMLSchemaData.py'
adding 'spacedatanetwork_astro/sds/REC/KMLScreenOverlay.py'
adding 'spacedatanetwork_astro/sds/REC/KMLShape.py'
adding 'spacedatanetwork_astro/sds/REC/KMLSimpleData.py'
adding 'spacedatanetwork_astro/sds/REC/KMLSimpleField.py'
adding 'spacedatanetwork_astro/sds/REC/KMLSoundCue.py'
adding 'spacedatanetwork_astro/sds/REC/KMLStyle.py'
adding 'spacedatanetwork_astro/sds/REC/KMLStyleMap.py'
adding 'spacedatanetwork_astro/sds/REC/KMLStyleMapPair.py'
adding 'spacedatanetwork_astro/sds/REC/KMLStyleState.py'
adding 'spacedatanetwork_astro/sds/REC/KMLTimeSpan.py'
adding 'spacedatanetwork_astro/sds/REC/KMLTimeStamp.py'
adding 'spacedatanetwork_astro/sds/REC/KMLTour.py'
adding 'spacedatanetwork_astro/sds/REC/KMLTourControl.py'
adding 'spacedatanetwork_astro/sds/REC/KMLTourPrimitive.py'
adding 'spacedatanetwork_astro/sds/REC/KMLTrack.py'
adding 'spacedatanetwork_astro/sds/REC/KMLUnits.py'
adding 'spacedatanetwork_astro/sds/REC/KMLUpdate.py'
adding 'spacedatanetwork_astro/sds/REC/KMLViewRefreshMode.py'
adding 'spacedatanetwork_astro/sds/REC/KMLViewVolume.py'
adding 'spacedatanetwork_astro/sds/REC/KMLWait.py'
adding 'spacedatanetwork_astro/sds/REC/KRF.py'
adding 'spacedatanetwork_astro/sds/REC/KeyExchange.py'
adding 'spacedatanetwork_astro/sds/REC/KeyType.py'
adding 'spacedatanetwork_astro/sds/REC/LAM.py'
adding 'spacedatanetwork_astro/sds/REC/LCC.py'
adding 'spacedatanetwork_astro/sds/REC/LCF.py'
adding 'spacedatanetwork_astro/sds/REC/LCH.py'
adding 'spacedatanetwork_astro/sds/REC/LDM.py'
adding 'spacedatanetwork_astro/sds/REC/LGR.py'
adding 'spacedatanetwork_astro/sds/REC/LKS.py'
adding 'spacedatanetwork_astro/sds/REC/LMO.py'
adding 'spacedatanetwork_astro/sds/REC/LMR.py'
adding 'spacedatanetwork_astro/sds/REC/LMS.py'
adding 'spacedatanetwork_astro/sds/REC/LND.py'
adding 'spacedatanetwork_astro/sds/REC/LNE.py'
adding 'spacedatanetwork_astro/sds/REC/LPF.py'
adding 'spacedatanetwork_astro/sds/REC/LWK.py'
adding 'spacedatanetwork_astro/sds/REC/LandCoverType.py'
adding 'spacedatanetwork_astro/sds/REC/LeadMethod.py'
adding 'spacedatanetwork_astro/sds/REC/LocationInContainer.py'
adding 'spacedatanetwork_astro/sds/REC/MBL.py'
adding 'spacedatanetwork_astro/sds/REC/MDP.py'
adding 'spacedatanetwork_astro/sds/REC/MDPEncounterStage.py'
adding 'spacedatanetwork_astro/sds/REC/MDPFlightTimeBound.py'
adding 'spacedatanetwork_astro/sds/REC/MDS.py'
adding 'spacedatanetwork_astro/sds/REC/MDSCandidate.py'
adding 'spacedatanetwork_astro/sds/REC/MDSDeepSpaceManeuver.py'
adding 'spacedatanetwork_astro/sds/REC/MDSEncounter.py'
adding 'spacedatanetwork_astro/sds/REC/MEM.py'
adding 'spacedatanetwork_astro/sds/REC/MEMAttestation.py'
adding 'spacedatanetwork_astro/sds/REC/MEMEditingDecision.py'
adding 'spacedatanetwork_astro/sds/REC/MEMErrorModel.py'
adding 'spacedatanetwork_astro/sds/REC/MET.py'
adding 'spacedatanetwork_astro/sds/REC/MFE.py'
adding 'spacedatanetwork_astro/sds/REC/MNF.py'
adding 'spacedatanetwork_astro/sds/REC/MNV.py'
adding 'spacedatanetwork_astro/sds/REC/MPE.py'
adding 'spacedatanetwork_astro/sds/REC/MPETargeterConstraint.py'
adding 'spacedatanetwork_astro/sds/REC/MPETargeterSolution.py'
adding 'spacedatanetwork_astro/sds/REC/MSL.py'
adding 'spacedatanetwork_astro/sds/REC/MST.py'
adding 'spacedatanetwork_astro/sds/REC/MTI.py'
adding 'spacedatanetwork_astro/sds/REC/Maneuver.py'
adding 'spacedatanetwork_astro/sds/REC/MatchCriteria.py'
adding 'spacedatanetwork_astro/sds/REC/MaterialType.py'
adding 'spacedatanetwork_astro/sds/REC/MathAlgorithm.py'
adding 'spacedatanetwork_astro/sds/REC/MathOperation.py'
adding 'spacedatanetwork_astro/sds/REC/MeasurementType.py'
adding 'spacedatanetwork_astro/sds/REC/MetaCommand.py'
adding 'spacedatanetwork_astro/sds/REC/MetaCommandSet.py'
adding 'spacedatanetwork_astro/sds/REC/Metadata.py'
adding 'spacedatanetwork_astro/sds/REC/MissilePhase.py'
adding 'spacedatanetwork_astro/sds/REC/MissileType.py'
adding 'spacedatanetwork_astro/sds/REC/ModuleBundleEntry.py'
adding 'spacedatanetwork_astro/sds/REC/ModuleBundleEntryRole.py'
adding 'spacedatanetwork_astro/sds/REC/ModulePayloadEncoding.py'
adding 'spacedatanetwork_astro/sds/REC/ModuleState.py'
adding 'spacedatanetwork_astro/sds/REC/ModuleType.py'
adding 'spacedatanetwork_astro/sds/REC/MotionModel.py'
adding 'spacedatanetwork_astro/sds/REC/NAV.py'
adding 'spacedatanetwork_astro/sds/REC/NCD.py'
adding 'spacedatanetwork_astro/sds/REC/NCDCode500Header.py'
adding 'spacedatanetwork_astro/sds/REC/NCDSP3Header.py'
adding 'spacedatanetwork_astro/sds/REC/NCDScenarioEpochContainer.py'
adding 'spacedatanetwork_astro/sds/REC/NCDSegmentDescriptor.py'
adding 'spacedatanetwork_astro/sds/REC/NDS.py'
adding 'spacedatanetwork_astro/sds/REC/NDSIngestEvent.py'
adding 'spacedatanetwork_astro/sds/REC/NDSModuleStat.py'
adding 'spacedatanetwork_astro/sds/REC/NDSSchemaStat.py'
adding 'spacedatanetwork_astro/sds/REC/NDSSourceStat.py'
adding 'spacedatanetwork_astro/sds/REC/NDSTopicStat.py'
adding 'spacedatanetwork_astro/sds/REC/NDSTrustEngineStat.py'
adding 'spacedatanetwork_astro/sds/REC/NST.py'
adding 'spacedatanetwork_astro/sds/REC/NSTNode.py'
adding 'spacedatanetwork_astro/sds/REC/NUM.py'
adding 'spacedatanetwork_astro/sds/REC/NUMGaussMarkovRequest.py'
adding 'spacedatanetwork_astro/sds/REC/NUMGaussMarkovResult.py'
adding 'spacedatanetwork_astro/sds/REC/NUMRootSolveRequest.py'
adding 'spacedatanetwork_astro/sds/REC/NUMRootSolveResult.py'
adding 'spacedatanetwork_astro/sds/REC/NUMScalarInterpolationRequest.py'
adding 'spacedatanetwork_astro/sds/REC/NUMScalarInterpolationResult.py'
adding 'spacedatanetwork_astro/sds/REC/NUMVectorDiscretizeRequest.py'
adding 'spacedatanetwork_astro/sds/REC/NUMVectorDiscretizeResult.py'
adding 'spacedatanetwork_astro/sds/REC/NUMVectorSaturateRequest.py'
adding 'spacedatanetwork_astro/sds/REC/NUMVectorSaturateResult.py'
adding 'spacedatanetwork_astro/sds/REC/NoiseSource.py'
adding 'spacedatanetwork_astro/sds/REC/OBD.py'
adding 'spacedatanetwork_astro/sds/REC/OBT.py'
adding 'spacedatanetwork_astro/sds/REC/OCM.py'
adding 'spacedatanetwork_astro/sds/REC/ODR.py'
adding 'spacedatanetwork_astro/sds/REC/ODRAttestation.py'
adding 'spacedatanetwork_astro/sds/REC/ODREditedObservation.py'
adding 'spacedatanetwork_astro/sds/REC/ODREstimatedParameter.py'
adding 'spacedatanetwork_astro/sds/REC/ODRFilterEpoch.py'
adding 'spacedatanetwork_astro/sds/REC/ODRIterationStatistics.py'
adding 'spacedatanetwork_astro/sds/REC/ODRSolverConfiguration.py'
adding 'spacedatanetwork_astro/sds/REC/OEM.py'
adding 'spacedatanetwork_astro/sds/REC/OMM.py'
adding 'spacedatanetwork_astro/sds/REC/OOA.py'
adding 'spacedatanetwork_astro/sds/REC/OOB.py'
adding 'spacedatanetwork_astro/sds/REC/OOD.py'
adding 'spacedatanetwork_astro/sds/REC/OOE.py'
adding 'spacedatanetwork_astro/sds/REC/OOI.py'
adding 'spacedatanetwork_astro/sds/REC/OOL.py'
adding 'spacedatanetwork_astro/sds/REC/OON.py'
adding 'spacedatanetwork_astro/sds/REC/OOS.py'
adding 'spacedatanetwork_astro/sds/REC/OOT.py'
adding 'spacedatanetwork_astro/sds/REC/OPM.py'
adding 'spacedatanetwork_astro/sds/REC/OPP.py'
adding 'spacedatanetwork_astro/sds/REC/OPPAreas.py'
adding 'spacedatanetwork_astro/sds/REC/OPPAssetRef.py'
adding 'spacedatanetwork_astro/sds/REC/OPPDimensions.py'
adding 'spacedatanetwork_astro/sds/REC/OPPMass.py'
adding 'spacedatanetwork_astro/sds/REC/OPPProvenance.py'
adding 'spacedatanetwork_astro/sds/REC/OPPQuantity.py'
adding 'spacedatanetwork_astro/sds/REC/OPPRadarCrossSection.py'
adding 'spacedatanetwork_astro/sds/REC/OPPSurface.py'
adding 'spacedatanetwork_astro/sds/REC/OSM.py'
adding 'spacedatanetwork_astro/sds/REC/ObservationPosition.py'
adding 'spacedatanetwork_astro/sds/REC/OrbitDetermination.py'
adding 'spacedatanetwork_astro/sds/REC/OrbitFrame.py'
adding 'spacedatanetwork_astro/sds/REC/OrbitFrameWrapper.py'
adding 'spacedatanetwork_astro/sds/REC/OrbitalRegime.py'
adding 'spacedatanetwork_astro/sds/REC/PAP.py'
adding 'spacedatanetwork_astro/sds/REC/PAPElement.py'
adding 'spacedatanetwork_astro/sds/REC/PAPGainCut.py'
adding 'spacedatanetwork_astro/sds/REC/PAPNull.py'
adding 'spacedatanetwork_astro/sds/REC/PCE.py'
adding 'spacedatanetwork_astro/sds/REC/PCEEvaluationContext.py'
adding 'spacedatanetwork_astro/sds/REC/PCEEvaluationRequest.py'
adding 'spacedatanetwork_astro/sds/REC/PCEEvaluationResult.py'
adding 'spacedatanetwork_astro/sds/REC/PCEParameterCatalog.py'
adding 'spacedatanetwork_astro/sds/REC/PCEParameterCondition.py'
adding 'spacedatanetwork_astro/sds/REC/PCEParameterDescriptor.py'
adding 'spacedatanetwork_astro/sds/REC/PCEParameterRef.py'
adding 'spacedatanetwork_astro/sds/REC/PCEParameterSample.py'
adding 'spacedatanetwork_astro/sds/REC/PCEParameterValue.py'
adding 'spacedatanetwork_astro/sds/REC/PCEStopReport.py'
adding 'spacedatanetwork_astro/sds/REC/PCEStopRequest.py'
adding 'spacedatanetwork_astro/sds/REC/PCF.py'
adding 'spacedatanetwork_astro/sds/REC/PGM.py'
adding 'spacedatanetwork_astro/sds/REC/PGMMetadataEntry.py'
adding 'spacedatanetwork_astro/sds/REC/PHY.py'
adding 'spacedatanetwork_astro/sds/REC/PIV.py'
adding 'spacedatanetwork_astro/sds/REC/PIVRequest.py'
adding 'spacedatanetwork_astro/sds/REC/PIVResponse.py'
adding 'spacedatanetwork_astro/sds/REC/PKB.py'
adding 'spacedatanetwork_astro/sds/REC/PLD.py'
adding 'spacedatanetwork_astro/sds/REC/PLG.py'
adding 'spacedatanetwork_astro/sds/REC/PLGAcceptedTypeSet.py'
adding 'spacedatanetwork_astro/sds/REC/PLGBuildArtifact.py'
adding 'spacedatanetwork_astro/sds/REC/PLGFlowEdge.py'
adding 'spacedatanetwork_astro/sds/REC/PLGFlowEdgeContract.py'
adding 'spacedatanetwork_astro/sds/REC/PLGFlowNode.py'
adding 'spacedatanetwork_astro/sds/REC/PLGFlowTrigger.py'
adding 'spacedatanetwork_astro/sds/REC/PLGFlowTriggerBinding.py'
adding 'spacedatanetwork_astro/sds/REC/PLGHostCapability.py'
adding 'spacedatanetwork_astro/sds/REC/PLGMethodManifest.py'
adding 'spacedatanetwork_astro/sds/REC/PLGPortManifest.py'
adding 'spacedatanetwork_astro/sds/REC/PLGProtocolSpec.py'
adding 'spacedatanetwork_astro/sds/REC/PLGTimerSpec.py'
adding 'spacedatanetwork_astro/sds/REC/PLK.py'
adding 'spacedatanetwork_astro/sds/REC/PMM.py'
adding 'spacedatanetwork_astro/sds/REC/PMMModuleEntry.py'
adding 'spacedatanetwork_astro/sds/REC/PMMTrustAnchor.py'
adding 'spacedatanetwork_astro/sds/REC/PNL.py'
adding 'spacedatanetwork_astro/sds/REC/PNLPanel.py'
adding 'spacedatanetwork_astro/sds/REC/PNM.py'
adding 'spacedatanetwork_astro/sds/REC/PPE.py'
adding 'spacedatanetwork_astro/sds/REC/PPEOrbitalElementRecord.py'
adding 'spacedatanetwork_astro/sds/REC/PPEPositionRecord.py'
adding 'spacedatanetwork_astro/sds/REC/PRG.py'
adding 'spacedatanetwork_astro/sds/REC/PRR.py'
adding 'spacedatanetwork_astro/sds/REC/PRRMetadataEntry.py'
adding 'spacedatanetwork_astro/sds/REC/PRW.py'
adding 'spacedatanetwork_astro/sds/REC/PRWBatchRequest.py'
adding 'spacedatanetwork_astro/sds/REC/PRWBatchResponse.py'
adding 'spacedatanetwork_astro/sds/REC/PRWInit.py'
adding 'spacedatanetwork_astro/sds/REC/PRWInitSource.py'
adding 'spacedatanetwork_astro/sds/REC/PRWKeplerianElements.py'
adding 'spacedatanetwork_astro/sds/REC/PRWTleLines.py'
adding 'spacedatanetwork_astro/sds/REC/PSS.py'
adding 'spacedatanetwork_astro/sds/REC/PSSAttestation.py'
adding 'spacedatanetwork_astro/sds/REC/PSSConstraintValue.py'
adding 'spacedatanetwork_astro/sds/REC/PSSObjectiveValue.py'
adding 'spacedatanetwork_astro/sds/REC/PSSProvenance.py'
adding 'spacedatanetwork_astro/sds/REC/PSSSolution.py'
adding 'spacedatanetwork_astro/sds/REC/PSSVariableValue.py'
adding 'spacedatanetwork_astro/sds/REC/PUR.py'
adding 'spacedatanetwork_astro/sds/REC/Parameter.py'
adding 'spacedatanetwork_astro/sds/REC/ParameterComparison.py'
adding 'spacedatanetwork_astro/sds/REC/ParameterProperties.py'
adding 'spacedatanetwork_astro/sds/REC/ParameterRefEntry.py'
adding 'spacedatanetwork_astro/sds/REC/ParameterSet.py'
adding 'spacedatanetwork_astro/sds/REC/ParameterTypeSet.py'
adding 'spacedatanetwork_astro/sds/REC/PenResult.py'
adding 'spacedatanetwork_astro/sds/REC/PenetrationModel.py'
adding 'spacedatanetwork_astro/sds/REC/Perturbations.py'
adding 'spacedatanetwork_astro/sds/REC/PhysicalProperties.py'
adding 'spacedatanetwork_astro/sds/REC/PluginCapability.py'
adding 'spacedatanetwork_astro/sds/REC/PluginDependency.py'
adding 'spacedatanetwork_astro/sds/REC/PolarizationType.py'
adding 'spacedatanetwork_astro/sds/REC/PolynomialCalibrator.py'
adding 'spacedatanetwork_astro/sds/REC/PricingTier.py'
adding 'spacedatanetwork_astro/sds/REC/ProjectilePhase.py'
adding 'spacedatanetwork_astro/sds/REC/ProjectileType.py'
adding 'spacedatanetwork_astro/sds/REC/PropagationModel.py'
adding 'spacedatanetwork_astro/sds/REC/PropagatorMethod.py'
adding 'spacedatanetwork_astro/sds/REC/PropulsionType.py'
adding 'spacedatanetwork_astro/sds/REC/ProtectedDeliveryBinding.py'
adding 'spacedatanetwork_astro/sds/REC/ProviderReputation.py'
adding 'spacedatanetwork_astro/sds/REC/QEM.py'
adding 'spacedatanetwork_astro/sds/REC/QEMTokenVector.py'
adding 'spacedatanetwork_astro/sds/REC/QRP.py'
adding 'spacedatanetwork_astro/sds/REC/QRPColumn.py'
adding 'spacedatanetwork_astro/sds/REC/QRPFilter.py'
adding 'spacedatanetwork_astro/sds/REC/RAF.py'
adding 'spacedatanetwork_astro/sds/REC/RBK.py'
adding 'spacedatanetwork_astro/sds/REC/RBKMatrix3.py'
adding 'spacedatanetwork_astro/sds/REC/RBKQuaternion.py'
adding 'spacedatanetwork_astro/sds/REC/RBKRigidBodyKinematicsRequest.py'
adding 'spacedatanetwork_astro/sds/REC/RBKRigidBodyKinematicsResult.py'
adding 'spacedatanetwork_astro/sds/REC/RBKVector3.py'
adding 'spacedatanetwork_astro/sds/REC/RCF.py'
adding 'spacedatanetwork_astro/sds/REC/RDM.py'
adding 'spacedatanetwork_astro/sds/REC/RDO.py'
adding 'spacedatanetwork_astro/sds/REC/REC.py'
adding 'spacedatanetwork_astro/sds/REC/REM.py'
adding 'spacedatanetwork_astro/sds/REC/REV.py'
adding 'spacedatanetwork_astro/sds/REC/RFB.py'
adding 'spacedatanetwork_astro/sds/REC/RFE.py'
adding 'spacedatanetwork_astro/sds/REC/RFEEmissionMask.py'
adding 'spacedatanetwork_astro/sds/REC/RFEEmissionMaskPoint.py'
adding 'spacedatanetwork_astro/sds/REC/RFEProvenance.py'
adding 'spacedatanetwork_astro/sds/REC/RFL.py'
adding 'spacedatanetwork_astro/sds/REC/RFLEndpoint.py'
adding 'spacedatanetwork_astro/sds/REC/RFLInterferenceContribution.py'
adding 'spacedatanetwork_astro/sds/REC/RFLLink.py'
adding 'spacedatanetwork_astro/sds/REC/RFLModCod.py'
adding 'spacedatanetwork_astro/sds/REC/RFLModelBinding.py'
adding 'spacedatanetwork_astro/sds/REC/RFLModelParameter.py'
adding 'spacedatanetwork_astro/sds/REC/RFLObstruction.py'
adding 'spacedatanetwork_astro/sds/REC/RFLProvenance.py'
adding 'spacedatanetwork_astro/sds/REC/RFM.py'
adding 'spacedatanetwork_astro/sds/REC/RFMCoordinateSystem.py'
adding 'spacedatanetwork_astro/sds/REC/RFMCoordinateSystemWrapper.py'
adding 'spacedatanetwork_astro/sds/REC/RFMLocalAlignedConstrainedAxes.py'
adding 'spacedatanetwork_astro/sds/REC/RFMObjectReferencedAxes.py'
adding 'spacedatanetwork_astro/sds/REC/RFMOrigin.py'
adding 'spacedatanetwork_astro/sds/REC/RFMUnion.py'
adding 'spacedatanetwork_astro/sds/REC/RFO.py'
adding 'spacedatanetwork_astro/sds/REC/RFS.py'
adding 'spacedatanetwork_astro/sds/REC/RFSFrequencySample.py'
adding 'spacedatanetwork_astro/sds/REC/RFSGeometryRef.py'
adding 'spacedatanetwork_astro/sds/REC/RFSProvenance.py'
adding 'spacedatanetwork_astro/sds/REC/RFSReflectionEntry.py'
adding 'spacedatanetwork_astro/sds/REC/ROC.py'
adding 'spacedatanetwork_astro/sds/REC/RPT.py'
adding 'spacedatanetwork_astro/sds/REC/RSD.py'
adding 'spacedatanetwork_astro/sds/REC/RangefinderType.py'
adding 'spacedatanetwork_astro/sds/REC/RateBasisType.py'
adding 'spacedatanetwork_astro/sds/REC/RateInStream.py'
adding 'spacedatanetwork_astro/sds/REC/Record.py'
adding 'spacedatanetwork_astro/sds/REC/RecordType.py'
adding 'spacedatanetwork_astro/sds/REC/ReferenceFrame.py'
adding 'spacedatanetwork_astro/sds/REC/ReferenceLocationType.py'
adding 'spacedatanetwork_astro/sds/REC/RelativeTimeParameterType.py'
adding 'spacedatanetwork_astro/sds/REC/RepeatEntry.py'
adding 'spacedatanetwork_astro/sds/REC/RevenueSplit.py'
adding 'spacedatanetwork_astro/sds/REC/RotorFlags.py'
adding 'spacedatanetwork_astro/sds/REC/RotorType.py'
adding 'spacedatanetwork_astro/sds/REC/SAR.py'
adding 'spacedatanetwork_astro/sds/REC/SBM.py'
adding 'spacedatanetwork_astro/sds/REC/SCC.py'
adding 'spacedatanetwork_astro/sds/REC/SCCAssetPicker.py'
adding 'spacedatanetwork_astro/sds/REC/SCCReady.py'
adding 'spacedatanetwork_astro/sds/REC/SCCRequestState.py'
adding 'spacedatanetwork_astro/sds/REC/SCCStateResponse.py'
adding 'spacedatanetwork_astro/sds/REC/SCHEMA_STANDARD.py'
adding 'spacedatanetwork_astro/sds/REC/SCM.py'
adding 'spacedatanetwork_astro/sds/REC/SCN.py'
adding 'spacedatanetwork_astro/sds/REC/SCNAssetsChanged.py'
adding 'spacedatanetwork_astro/sds/REC/SCNEvent.py'
adding 'spacedatanetwork_astro/sds/REC/SCNExclusionZone.py'
adding 'spacedatanetwork_astro/sds/REC/SCNPointOfInterest.py'
adding 'spacedatanetwork_astro/sds/REC/SCNReference.py'
adding 'spacedatanetwork_astro/sds/REC/SCNSunAdvantageTarget.py'
adding 'spacedatanetwork_astro/sds/REC/SCNViewCone.py'
adding 'spacedatanetwork_astro/sds/REC/SCV.py'
adding 'spacedatanetwork_astro/sds/REC/SCVAggregateStatistics.py'
adding 'spacedatanetwork_astro/sds/REC/SCVCancel.py'
adding 'spacedatanetwork_astro/sds/REC/SCVCoverageGrid.py'
adding 'spacedatanetwork_astro/sds/REC/SCVCoverageRequest.py'
adding 'spacedatanetwork_astro/sds/REC/SCVEllipsoid.py'
adding 'spacedatanetwork_astro/sds/REC/SCVHistogramBin.py'
adding 'spacedatanetwork_astro/sds/REC/SCVMemoryRegion.py'
adding 'spacedatanetwork_astro/sds/REC/SCVPackedGeometryChunk.py'
adding 'spacedatanetwork_astro/sds/REC/SCVPackedRasterBand.py'
adding 'spacedatanetwork_astro/sds/REC/SCVPackedRasterProducts.py'
adding 'spacedatanetwork_astro/sds/REC/SCVProgress.py'
adding 'spacedatanetwork_astro/sds/REC/SCVResult.py'
adding 'spacedatanetwork_astro/sds/REC/SCVSensor.py'
adding 'spacedatanetwork_astro/sds/REC/SCVSensorContribution.py'
adding 'spacedatanetwork_astro/sds/REC/SCVSensorShapeContract.py'
adding 'spacedatanetwork_astro/sds/REC/SCVStateSample.py'
adding 'spacedatanetwork_astro/sds/REC/SCVSwathSegment.py'
adding 'spacedatanetwork_astro/sds/REC/SCVTarget.py'
adding 'spacedatanetwork_astro/sds/REC/SCVTargetResult.py'
adding 'spacedatanetwork_astro/sds/REC/SCVTargetStateSample.py'
adding 'spacedatanetwork_astro/sds/REC/SCVTimeGrid.py'
adding 'spacedatanetwork_astro/sds/REC/SCVVec3.py'
adding 'spacedatanetwork_astro/sds/REC/SCX.py'
adding 'spacedatanetwork_astro/sds/REC/SDF.py'
adding 'spacedatanetwork_astro/sds/REC/SDFBatchRequest.py'
adding 'spacedatanetwork_astro/sds/REC/SDFBatchResponse.py'
adding 'spacedatanetwork_astro/sds/REC/SDFComponent.py'
adding 'spacedatanetwork_astro/sds/REC/SDFComposition.py'
adding 'spacedatanetwork_astro/sds/REC/SDFConfig.py'
adding 'spacedatanetwork_astro/sds/REC/SDFConical.py'
adding 'spacedatanetwork_astro/sds/REC/SDFCustom.py'
adding 'spacedatanetwork_astro/sds/REC/SDFCylindrical.py'
adding 'spacedatanetwork_astro/sds/REC/SDFRectangular.py'
adding 'spacedatanetwork_astro/sds/REC/SDFSpherical.py'
adding 'spacedatanetwork_astro/sds/REC/SDL.py'
adding 'spacedatanetwork_astro/sds/REC/SDR.py'
adding 'spacedatanetwork_astro/sds/REC/SDRBatchRequest.py'
adding 'spacedatanetwork_astro/sds/REC/SDRBatchResponse.py'
adding 'spacedatanetwork_astro/sds/REC/SDRRadarConfig.py'
adding 'spacedatanetwork_astro/sds/REC/SDRSensorConfig.py'
adding 'spacedatanetwork_astro/sds/REC/SDRSingleInput.py'
adding 'spacedatanetwork_astro/sds/REC/SDRSingleResult.py'
adding 'spacedatanetwork_astro/sds/REC/SEN.py'
adding 'spacedatanetwork_astro/sds/REC/SEO.py'
adding 'spacedatanetwork_astro/sds/REC/SEV.py'
adding 'spacedatanetwork_astro/sds/REC/SHC.py'
adding 'spacedatanetwork_astro/sds/REC/SHCVariableTerm.py'
adding 'spacedatanetwork_astro/sds/REC/SHW.py'
adding 'spacedatanetwork_astro/sds/REC/SHWCompileRequest.py'
adding 'spacedatanetwork_astro/sds/REC/SHWCompileResponse.py'
adding 'spacedatanetwork_astro/sds/REC/SHWUniform.py'
adding 'spacedatanetwork_astro/sds/REC/SIT.py'
adding 'spacedatanetwork_astro/sds/REC/SKI.py'
adding 'spacedatanetwork_astro/sds/REC/SLP.py'
adding 'spacedatanetwork_astro/sds/REC/SLPAttestation.py'
adding 'spacedatanetwork_astro/sds/REC/SLPGoal.py'
adding 'spacedatanetwork_astro/sds/REC/SLPIteration.py'
adding 'spacedatanetwork_astro/sds/REC/SLPNonlinearConstraint.py'
adding 'spacedatanetwork_astro/sds/REC/SLPObjective.py'
adding 'spacedatanetwork_astro/sds/REC/SLPSolverReport.py'
adding 'spacedatanetwork_astro/sds/REC/SLPSolverSettings.py'
adding 'spacedatanetwork_astro/sds/REC/SLPVariable.py'
adding 'spacedatanetwork_astro/sds/REC/SNR.py'
adding 'spacedatanetwork_astro/sds/REC/SNW.py'
adding 'spacedatanetwork_astro/sds/REC/SNWBatchRequest.py'
adding 'spacedatanetwork_astro/sds/REC/SNWBatchResponse.py'
adding 'spacedatanetwork_astro/sds/REC/SOI.py'
adding 'spacedatanetwork_astro/sds/REC/SON.py'
adding 'spacedatanetwork_astro/sds/REC/SONPropagationModel.py'
adding 'spacedatanetwork_astro/sds/REC/SPP.py'
adding 'spacedatanetwork_astro/sds/REC/SPW.py'
adding 'spacedatanetwork_astro/sds/REC/SPWCOLLECTION.py'
adding 'spacedatanetwork_astro/sds/REC/SRI.py'
adding 'spacedatanetwork_astro/sds/REC/STAGE.py'
adding 'spacedatanetwork_astro/sds/REC/STF.py'
adding 'spacedatanetwork_astro/sds/REC/STO.py'
adding 'spacedatanetwork_astro/sds/REC/STOModuleRef.py'
adding 'spacedatanetwork_astro/sds/REC/STR.py'
adding 'spacedatanetwork_astro/sds/REC/STV.py'
adding 'spacedatanetwork_astro/sds/REC/STVReferenceFrame.py'
adding 'spacedatanetwork_astro/sds/REC/STX.py'
adding 'spacedatanetwork_astro/sds/REC/SUB.py'
adding 'spacedatanetwork_astro/sds/REC/SUSTAINER.py'
adding 'spacedatanetwork_astro/sds/REC/SWR.py'
adding 'spacedatanetwork_astro/sds/REC/Score.py'
adding 'spacedatanetwork_astro/sds/REC/ScoreType.py'
adding 'spacedatanetwork_astro/sds/REC/SeaState.py'
adding 'spacedatanetwork_astro/sds/REC/SeekerStatus.py'
adding 'spacedatanetwork_astro/sds/REC/SeekerType.py'
adding 'spacedatanetwork_astro/sds/REC/SensorMode.py'
adding 'spacedatanetwork_astro/sds/REC/SensorType.py'
adding 'spacedatanetwork_astro/sds/REC/SequenceContainer.py'
adding 'spacedatanetwork_astro/sds/REC/Service.py'
adding 'spacedatanetwork_astro/sds/REC/ServiceSet.py'
adding 'spacedatanetwork_astro/sds/REC/SimplePolarization.py'
adding 'spacedatanetwork_astro/sds/REC/SiteType.py'
adding 'spacedatanetwork_astro/sds/REC/SonarType.py'
adding 'spacedatanetwork_astro/sds/REC/SpacecraftFrame.py'
adding 'spacedatanetwork_astro/sds/REC/SpacecraftFrameWrapper.py'
adding 'spacedatanetwork_astro/sds/REC/SpatialCoverage.py'
adding 'spacedatanetwork_astro/sds/REC/SplineCalibrator.py'
adding 'spacedatanetwork_astro/sds/REC/SplinePoint.py'
adding 'spacedatanetwork_astro/sds/REC/SplitRecipient.py'
adding 'spacedatanetwork_astro/sds/REC/StateVector.py'
adding 'spacedatanetwork_astro/sds/REC/StaticAlarmRanges.py'
adding 'spacedatanetwork_astro/sds/REC/StokesParameters.py'
adding 'spacedatanetwork_astro/sds/REC/StreamSet.py'
adding 'spacedatanetwork_astro/sds/REC/StringArgumentType.py'
adding 'spacedatanetwork_astro/sds/REC/StringDataEncoding.py'
adding 'spacedatanetwork_astro/sds/REC/StringEncodingType.py'
adding 'spacedatanetwork_astro/sds/REC/StringParameterType.py'
adding 'spacedatanetwork_astro/sds/REC/StringSizeType.py'
adding 'spacedatanetwork_astro/sds/REC/SymmetricAlgo.py'
adding 'spacedatanetwork_astro/sds/REC/TAB.py'
adding 'spacedatanetwork_astro/sds/REC/TBS.py'
adding 'spacedatanetwork_astro/sds/REC/TBSConsensus.py'
adding 'spacedatanetwork_astro/sds/REC/TBSProvenance.py'
adding 'spacedatanetwork_astro/sds/REC/TCF.py'
adding 'spacedatanetwork_astro/sds/REC/TCT.py'
adding 'spacedatanetwork_astro/sds/REC/TCTPoint.py'
adding 'spacedatanetwork_astro/sds/REC/TCTRadii.py'
adding 'spacedatanetwork_astro/sds/REC/TDM.py'
adding 'spacedatanetwork_astro/sds/REC/TDMObservation.py'
adding 'spacedatanetwork_astro/sds/REC/TDMSegment.py'
adding 'spacedatanetwork_astro/sds/REC/TDMTransmitRamp.py'
adding 'spacedatanetwork_astro/sds/REC/TFN.py'
adding 'spacedatanetwork_astro/sds/REC/TFNDesignator.py'
adding 'spacedatanetwork_astro/sds/REC/TFNOperatingSurface.py'
adding 'spacedatanetwork_astro/sds/REC/TFNProvenance.py'
adding 'spacedatanetwork_astro/sds/REC/TIM.py'
adding 'spacedatanetwork_astro/sds/REC/TIMCcsdsTimeCode.py'
adding 'spacedatanetwork_astro/sds/REC/TIMConversionRequest.py'
adding 'spacedatanetwork_astro/sds/REC/TIMConversionResult.py'
adding 'spacedatanetwork_astro/sds/REC/TIMInstant.py'
adding 'spacedatanetwork_astro/sds/REC/TKG.py'
adding 'spacedatanetwork_astro/sds/REC/TME.py'
adding 'spacedatanetwork_astro/sds/REC/TMF.py'
adding 'spacedatanetwork_astro/sds/REC/TMS.py'
adding 'spacedatanetwork_astro/sds/REC/TMSIdentifier.py'
adding 'spacedatanetwork_astro/sds/REC/TMSModelParameter.py'
adding 'spacedatanetwork_astro/sds/REC/TMSProvenance.py'
adding 'spacedatanetwork_astro/sds/REC/TNR.py'
adding 'spacedatanetwork_astro/sds/REC/TPN.py'
adding 'spacedatanetwork_astro/sds/REC/TRE.py'
adding 'spacedatanetwork_astro/sds/REC/TRH.py'
adding 'spacedatanetwork_astro/sds/REC/TRHAntenna.py'
adding 'spacedatanetwork_astro/sds/REC/TRHAttestation.py'
adding 'spacedatanetwork_astro/sds/REC/TRHHardwareRef.py'
adding 'spacedatanetwork_astro/sds/REC/TRHInstallation.py'
adding 'spacedatanetwork_astro/sds/REC/TRHReceiver.py'
adding 'spacedatanetwork_astro/sds/REC/TRHTransmitter.py'
adding 'spacedatanetwork_astro/sds/REC/TRHTransponder.py'
adding 'spacedatanetwork_astro/sds/REC/TRK.py'
adding 'spacedatanetwork_astro/sds/REC/TRN.py'
adding 'spacedatanetwork_astro/sds/REC/TRP.py'
adding 'spacedatanetwork_astro/sds/REC/TRPAsset.py'
adding 'spacedatanetwork_astro/sds/REC/TRPGroup.py'
adding 'spacedatanetwork_astro/sds/REC/TRPPredicate.py'
adding 'spacedatanetwork_astro/sds/REC/TRS.py'
adding 'spacedatanetwork_astro/sds/REC/TRSRequest.py'
adding 'spacedatanetwork_astro/sds/REC/TRSResult.py'
adding 'spacedatanetwork_astro/sds/REC/TRV.py'
adding 'spacedatanetwork_astro/sds/REC/TRVBondEvidence.py'
adding 'spacedatanetwork_astro/sds/REC/TRVPredicateResult.py'
adding 'spacedatanetwork_astro/sds/REC/TXS.py'
adding 'spacedatanetwork_astro/sds/REC/TXSConsensus.py'
adding 'spacedatanetwork_astro/sds/REC/TXSEmission.py'
adding 'spacedatanetwork_astro/sds/REC/TXSPriorPosition.py'
adding 'spacedatanetwork_astro/sds/REC/TXSProvenance.py'
adding 'spacedatanetwork_astro/sds/REC/TargetType.py'
adding 'spacedatanetwork_astro/sds/REC/TelemetryMetaData.py'
adding 'spacedatanetwork_astro/sds/REC/TemporalCoverage.py'
adding 'spacedatanetwork_astro/sds/REC/TerrainDataSource.py'
adding 'spacedatanetwork_astro/sds/REC/TerrainInterpolation.py'
adding 'spacedatanetwork_astro/sds/REC/TerrainType.py'
adding 'spacedatanetwork_astro/sds/REC/ThreatCategory.py'
adding 'spacedatanetwork_astro/sds/REC/TimeReference.py'
adding 'spacedatanetwork_astro/sds/REC/TimeScale.py'
adding 'spacedatanetwork_astro/sds/REC/TimeWindowRefType.py'
adding 'spacedatanetwork_astro/sds/REC/TkgTrackStatus.py'
adding 'spacedatanetwork_astro/sds/REC/TorpedoGuidanceMode.py'
adding 'spacedatanetwork_astro/sds/REC/TrackQuality.py'
adding 'spacedatanetwork_astro/sds/REC/TrkTrackStatus.py'
adding 'spacedatanetwork_astro/sds/REC/USR.py'
adding 'spacedatanetwork_astro/sds/REC/Unit.py'
adding 'spacedatanetwork_astro/sds/REC/UserDefinedParameters.py'
adding 'spacedatanetwork_astro/sds/REC/VAM.py'
adding 'spacedatanetwork_astro/sds/REC/VAMAnnotation.py'
adding 'spacedatanetwork_astro/sds/REC/VAMApprovedAlternate.py'
adding 'spacedatanetwork_astro/sds/REC/VAMMetadataOnlyReview.py'
adding 'spacedatanetwork_astro/sds/REC/VAMMetrics.py'
adding 'spacedatanetwork_astro/sds/REC/VAMQualityDimension.py'
adding 'spacedatanetwork_astro/sds/REC/VAMQuaternion.py'
adding 'spacedatanetwork_astro/sds/REC/VAMReview.py'
adding 'spacedatanetwork_astro/sds/REC/VAMScale3.py'
adding 'spacedatanetwork_astro/sds/REC/VAMSource.py'
adding 'spacedatanetwork_astro/sds/REC/VAMTransform.py'
adding 'spacedatanetwork_astro/sds/REC/VAMValidation.py'
adding 'spacedatanetwork_astro/sds/REC/VAMVariant.py'
adding 'spacedatanetwork_astro/sds/REC/VAMVector3.py'
adding 'spacedatanetwork_astro/sds/REC/VCF.py'
adding 'spacedatanetwork_astro/sds/REC/VCFAlias.py'
adding 'spacedatanetwork_astro/sds/REC/VCFConformance.py'
adding 'spacedatanetwork_astro/sds/REC/VCFProperty.py'
adding 'spacedatanetwork_astro/sds/REC/VCFSubject.py'
adding 'spacedatanetwork_astro/sds/REC/VCM.py'
adding 'spacedatanetwork_astro/sds/REC/VCMAtmosphericModelData.py'
adding 'spacedatanetwork_astro/sds/REC/VCMStateVector.py'
adding 'spacedatanetwork_astro/sds/REC/VEP.py'
adding 'spacedatanetwork_astro/sds/REC/VEPPerformancePoint.py'
adding 'spacedatanetwork_astro/sds/REC/VEPProvenance.py'
adding 'spacedatanetwork_astro/sds/REC/VEPReplenishment.py'
adding 'spacedatanetwork_astro/sds/REC/VST.py'
adding 'spacedatanetwork_astro/sds/REC/VSTCameraOptions.py'
adding 'spacedatanetwork_astro/sds/REC/VSTCameraRotation.py'
adding 'spacedatanetwork_astro/sds/REC/VSTDisplaySettings.py'
adding 'spacedatanetwork_astro/sds/REC/VariableFrameStream.py'
adding 'spacedatanetwork_astro/sds/REC/VehicleType.py'
adding 'spacedatanetwork_astro/sds/REC/VerifierType.py'
adding 'spacedatanetwork_astro/sds/REC/VesselType.py'
adding 'spacedatanetwork_astro/sds/REC/WKS.py'
adding 'spacedatanetwork_astro/sds/REC/WKSQuery.py'
adding 'spacedatanetwork_astro/sds/REC/WPN.py'
adding 'spacedatanetwork_astro/sds/REC/WTH.py'
adding 'spacedatanetwork_astro/sds/REC/WXF.py'
adding 'spacedatanetwork_astro/sds/REC/WXFGrid.py'
adding 'spacedatanetwork_astro/sds/REC/WaveformType.py'
adding 'spacedatanetwork_astro/sds/REC/WeaponType.py'
adding 'spacedatanetwork_astro/sds/REC/WeatherCondition.py'
adding 'spacedatanetwork_astro/sds/REC/XTC.py'
adding 'spacedatanetwork_astro/sds/REC/XTCHeader.py'
adding 'spacedatanetwork_astro/sds/REC/__init__.py'
adding 'spacedatanetwork_astro/sds/REC/accessCategory.py'
adding 'spacedatanetwork_astro/sds/REC/aciHandoverKind.py'
adding 'spacedatanetwork_astro/sds/REC/aciIntervalKind.py'
adding 'spacedatanetwork_astro/sds/REC/actKind.py'
adding 'spacedatanetwork_astro/sds/REC/acwOperationCode.py'
adding 'spacedatanetwork_astro/sds/REC/acwRefractionModelKind.py'
adding 'spacedatanetwork_astro/sds/REC/acwResultStatus.py'
adding 'spacedatanetwork_astro/sds/REC/agrKind.py'
adding 'spacedatanetwork_astro/sds/REC/analyticProfile.py'
adding 'spacedatanetwork_astro/sds/REC/anomalyConvention.py'
adding 'spacedatanetwork_astro/sds/REC/aouCategory.py'
adding 'spacedatanetwork_astro/sds/REC/aouReportType.py'
adding 'spacedatanetwork_astro/sds/REC/appContentEncoding.py'
adding 'spacedatanetwork_astro/sds/REC/appDataDirection.py'
adding 'spacedatanetwork_astro/sds/REC/appFlowDirection.py'
adding 'spacedatanetwork_astro/sds/REC/appFlowTransport.py'
adding 'spacedatanetwork_astro/sds/REC/appRuntimeTarget.py'
adding 'spacedatanetwork_astro/sds/REC/appSourceKind.py'
adding 'spacedatanetwork_astro/sds/REC/assetCatalogTab.py'
adding 'spacedatanetwork_astro/sds/REC/atmosphericSource.py'
adding 'spacedatanetwork_astro/sds/REC/attCovType.py'
adding 'spacedatanetwork_astro/sds/REC/attCovariance.py'
adding 'spacedatanetwork_astro/sds/REC/attManeuver.py'
adding 'spacedatanetwork_astro/sds/REC/attMotionType.py'
adding 'spacedatanetwork_astro/sds/REC/attPhysicalProperties.py'
adding 'spacedatanetwork_astro/sds/REC/attRepresentation.py'
adding 'spacedatanetwork_astro/sds/REC/attitudeDataLine.py'
adding 'spacedatanetwork_astro/sds/REC/attitudeState.py'
adding 'spacedatanetwork_astro/sds/REC/attitudeStateType.py'
adding 'spacedatanetwork_astro/sds/REC/avlAirspaceClass.py'
adding 'spacedatanetwork_astro/sds/REC/avlRingRole.py'
adding 'spacedatanetwork_astro/sds/REC/avlVerticalDatum.py'
adding 'spacedatanetwork_astro/sds/REC/avlVolumeType.py'
adding 'spacedatanetwork_astro/sds/REC/beamContour.py'
adding 'spacedatanetwork_astro/sds/REC/beamContourPoint.py'
adding 'spacedatanetwork_astro/sds/REC/beamPolarization.py'
adding 'spacedatanetwork_astro/sds/REC/beamType.py'
adding 'spacedatanetwork_astro/sds/REC/bemHopSlotState.py'
adding 'spacedatanetwork_astro/sds/REC/bpfLicenseMode.py'
adding 'spacedatanetwork_astro/sds/REC/bpfPartKind.py'
adding 'spacedatanetwork_astro/sds/REC/bpfProtectionTier.py'
adding 'spacedatanetwork_astro/sds/REC/brokerCustodyModel.py'
adding 'spacedatanetwork_astro/sds/REC/brokerLiveness.py'
adding 'spacedatanetwork_astro/sds/REC/bspInterpolationStatus.py'
adding 'spacedatanetwork_astro/sds/REC/bufferMutability.py'
adding 'spacedatanetwork_astro/sds/REC/bufferOwnership.py'
adding 'spacedatanetwork_astro/sds/REC/busSize.py'
adding 'spacedatanetwork_astro/sds/REC/capabilityClass.py'
adding 'spacedatanetwork_astro/sds/REC/catalogQueryKind.py'
adding 'spacedatanetwork_astro/sds/REC/cesNormalizationKind.py'
adding 'spacedatanetwork_astro/sds/REC/cesPoolingKind.py'
adding 'spacedatanetwork_astro/sds/REC/cesSimilarityKind.py'
adding 'spacedatanetwork_astro/sds/REC/cesVectorEncoding.py'
adding 'spacedatanetwork_astro/sds/REC/clmClaimRole.py'
adding 'spacedatanetwork_astro/sds/REC/clmObjectKind.py'
adding 'spacedatanetwork_astro/sds/REC/cltuPduType.py'
adding 'spacedatanetwork_astro/sds/REC/cmrEvidenceRole.py'
adding 'spacedatanetwork_astro/sds/REC/cmrMembershipState.py'
adding 'spacedatanetwork_astro/sds/REC/cnpMethod.py'
adding 'spacedatanetwork_astro/sds/REC/cnpMetricKind.py'
adding 'spacedatanetwork_astro/sds/REC/cnpPeriod.py'
adding 'spacedatanetwork_astro/sds/REC/cnpReduction.py'
adding 'spacedatanetwork_astro/sds/REC/cnpRegionKind.py'
adding 'spacedatanetwork_astro/sds/REC/commissionEnforcement.py'
adding 'spacedatanetwork_astro/sds/REC/commissionScope.py'
adding 'spacedatanetwork_astro/sds/REC/commsChannel.py'
adding 'spacedatanetwork_astro/sds/REC/commsTransponder.py'
adding 'spacedatanetwork_astro/sds/REC/controlMessageKind.py'
adding 'spacedatanetwork_astro/sds/REC/covarianceAlgorithm.py'
adding 'spacedatanetwork_astro/sds/REC/covarianceMatrixLine.py'
adding 'spacedatanetwork_astro/sds/REC/cvpAltitudeReference.py'
adding 'spacedatanetwork_astro/sds/REC/cvpEmitterRole.py'
adding 'spacedatanetwork_astro/sds/REC/cvpGeometryKind.py'
adding 'spacedatanetwork_astro/sds/REC/cvpRingRole.py'
adding 'spacedatanetwork_astro/sds/REC/dataAvailability.py'
adding 'spacedatanetwork_astro/sds/REC/detectionResult.py'
adding 'spacedatanetwork_astro/sds/REC/detectionResultFlags.py'
adding 'spacedatanetwork_astro/sds/REC/doaCollectionMode.py'
adding 'spacedatanetwork_astro/sds/REC/dpmTransportKind.py'
adding 'spacedatanetwork_astro/sds/REC/drainBehavior.py'
adding 'spacedatanetwork_astro/sds/REC/driftRecord.py'
adding 'spacedatanetwork_astro/sds/REC/dssAction.py'
adding 'spacedatanetwork_astro/sds/REC/dssPinPolicy.py'
adding 'spacedatanetwork_astro/sds/REC/dssRetention.py'
adding 'spacedatanetwork_astro/sds/REC/dssSyncState.py'
adding 'spacedatanetwork_astro/sds/REC/dttPayloadFormat.py'
adding 'spacedatanetwork_astro/sds/REC/dttSourceClass.py'
adding 'spacedatanetwork_astro/sds/REC/dttTilingScheme.py'
adding 'spacedatanetwork_astro/sds/REC/dttVerticalDatum.py'
adding 'spacedatanetwork_astro/sds/REC/dttWaterMask.py'
adding 'spacedatanetwork_astro/sds/REC/egpMembershipMode.py'
adding 'spacedatanetwork_astro/sds/REC/elementType.py'
adding 'spacedatanetwork_astro/sds/REC/emcCouplingPath.py'
adding 'spacedatanetwork_astro/sds/REC/emcMechanismCategory.py'
adding 'spacedatanetwork_astro/sds/REC/emcResolutionState.py'
adding 'spacedatanetwork_astro/sds/REC/emitterType.py'
adding 'spacedatanetwork_astro/sds/REC/encryptionType.py'
adding 'spacedatanetwork_astro/sds/REC/entitlementLifecycleStatus.py'
adding 'spacedatanetwork_astro/sds/REC/entityKind.py'
adding 'spacedatanetwork_astro/sds/REC/eopSeries.py'
adding 'spacedatanetwork_astro/sds/REC/epfLimitCategory.py'
adding 'spacedatanetwork_astro/sds/REC/ephemerisDataBlock.py'
adding 'spacedatanetwork_astro/sds/REC/ephemerisDataLine.py'
adding 'spacedatanetwork_astro/sds/REC/ephemerisFormat.py'
adding 'spacedatanetwork_astro/sds/REC/equinoctialElements.py'
adding 'spacedatanetwork_astro/sds/REC/estimatorCategory.py'
adding 'spacedatanetwork_astro/sds/REC/eventCategory.py'
adding 'spacedatanetwork_astro/sds/REC/eventResult.py'
adding 'spacedatanetwork_astro/sds/REC/evlAberrationCorrection.py'
adding 'spacedatanetwork_astro/sds/REC/evlEventType.py'
adding 'spacedatanetwork_astro/sds/REC/evlFieldOfViewShape.py'
adding 'spacedatanetwork_astro/sds/REC/evlLocatorClass.py'
adding 'spacedatanetwork_astro/sds/REC/evlResultStatus.py'
adding 'spacedatanetwork_astro/sds/REC/evlSamplePoint.py'
adding 'spacedatanetwork_astro/sds/REC/evlShadowModel.py'
adding 'spacedatanetwork_astro/sds/REC/fieldStreamAudienceCategory.py'
adding 'spacedatanetwork_astro/sds/REC/fieldStreamDecisionCategory.py'
adding 'spacedatanetwork_astro/sds/REC/fieldStreamOperationCategory.py'
adding 'spacedatanetwork_astro/sds/REC/fieldStreamRevocationCategory.py'
adding 'spacedatanetwork_astro/sds/REC/fieldStreamValueEncodingCategory.py'
adding 'spacedatanetwork_astro/sds/REC/fieldStreamValueStateCategory.py'
adding 'spacedatanetwork_astro/sds/REC/flatSqlByteStreamKind.py'
adding 'spacedatanetwork_astro/sds/REC/flatSqlNodeOperation.py'
adding 'spacedatanetwork_astro/sds/REC/flatSqlNodeStatus.py'
adding 'spacedatanetwork_astro/sds/REC/flowEdgeRoutePolicy.py'
adding 'spacedatanetwork_astro/sds/REC/frmOperationCode.py'
adding 'spacedatanetwork_astro/sds/REC/frmResultStatus.py'
adding 'spacedatanetwork_astro/sds/REC/frmStateRepresentation.py'
adding 'spacedatanetwork_astro/sds/REC/gctCloudGenus.py'
adding 'spacedatanetwork_astro/sds/REC/gctFieldQuantity.py'
adding 'spacedatanetwork_astro/sds/REC/gctLevelDerivation.py'
adding 'spacedatanetwork_astro/sds/REC/gctRefinement.py'
adding 'spacedatanetwork_astro/sds/REC/gctSampleEncoding.py'
adding 'spacedatanetwork_astro/sds/REC/gctTilingScheme.py'
adding 'spacedatanetwork_astro/sds/REC/gctVariantScope.py'
adding 'spacedatanetwork_astro/sds/REC/gelObservationDisposition.py'
adding 'spacedatanetwork_astro/sds/REC/gelTechniqueClass.py'
adding 'spacedatanetwork_astro/sds/REC/geoConfidence.py'
adding 'spacedatanetwork_astro/sds/REC/geoStationKeeping.py'
adding 'spacedatanetwork_astro/sds/REC/geopotentialSource.py'
adding 'spacedatanetwork_astro/sds/REC/glslStage.py'
adding 'spacedatanetwork_astro/sds/REC/gnpFeatureClass.py'
adding 'spacedatanetwork_astro/sds/REC/gnssConstellation.py'
adding 'spacedatanetwork_astro/sds/REC/gnssObsData.py'
adding 'spacedatanetwork_astro/sds/REC/gnssObsType.py'
adding 'spacedatanetwork_astro/sds/REC/gnssSatObs.py'
adding 'spacedatanetwork_astro/sds/REC/grantLifecycleStatus.py'
adding 'spacedatanetwork_astro/sds/REC/gstAntennaAxisType.py'
adding 'spacedatanetwork_astro/sds/REC/gstFrameRealization.py'
adding 'spacedatanetwork_astro/sds/REC/gstNetwork.py'
adding 'spacedatanetwork_astro/sds/REC/hfcAtmosphereCouplingMode.py'
adding 'spacedatanetwork_astro/sds/REC/hfcFlowRegime.py'
adding 'spacedatanetwork_astro/sds/REC/hostCapabilityKind.py'
adding 'spacedatanetwork_astro/sds/REC/iauPrecessionNutationModel.py'
adding 'spacedatanetwork_astro/sds/REC/icnAuthKind.py'
adding 'spacedatanetwork_astro/sds/REC/icnConnectorKind.py'
adding 'spacedatanetwork_astro/sds/REC/icnConnectorStatus.py'
adding 'spacedatanetwork_astro/sds/REC/icnPostIngestAction.py'
adding 'spacedatanetwork_astro/sds/REC/imageCategory.py'
adding 'spacedatanetwork_astro/sds/REC/imageFormat.py'
adding 'spacedatanetwork_astro/sds/REC/invokeSurfaceKind.py'
adding 'spacedatanetwork_astro/sds/REC/ionoDataPoint.py'
adding 'spacedatanetwork_astro/sds/REC/ionoDensityProfile.py'
adding 'spacedatanetwork_astro/sds/REC/ionoLayer.py'
adding 'spacedatanetwork_astro/sds/REC/ionoSource.py'
adding 'spacedatanetwork_astro/sds/REC/iqcCustody.py'
adding 'spacedatanetwork_astro/sds/REC/iqcPayloadRole.py'
adding 'spacedatanetwork_astro/sds/REC/irBand.py'
adding 'spacedatanetwork_astro/sds/REC/irDetectionType.py'
adding 'spacedatanetwork_astro/sds/REC/irmJobState.py'
adding 'spacedatanetwork_astro/sds/REC/irmRangeMode.py'
adding 'spacedatanetwork_astro/sds/REC/irmValidatorMatch.py'
adding 'spacedatanetwork_astro/sds/REC/keplerianElements.py'
adding 'spacedatanetwork_astro/sds/REC/keyMaterialAlgorithm.py'
adding 'spacedatanetwork_astro/sds/REC/keyMaterialEncoding.py'
adding 'spacedatanetwork_astro/sds/REC/keyMaterialRole.py'
adding 'spacedatanetwork_astro/sds/REC/keyReferenceAlgorithm.py'
adding 'spacedatanetwork_astro/sds/REC/keyReferenceRole.py'
adding 'spacedatanetwork_astro/sds/REC/lamAscentEvent.py'
adding 'spacedatanetwork_astro/sds/REC/lamConstraintStatus.py'
adding 'spacedatanetwork_astro/sds/REC/lamConstraintViolation.py'
adding 'spacedatanetwork_astro/sds/REC/lamMissionPhase.py'
adding 'spacedatanetwork_astro/sds/REC/lambertBranchKind.py'
adding 'spacedatanetwork_astro/sds/REC/lambertSolutionBranch.py'
adding 'spacedatanetwork_astro/sds/REC/lambertSolveState.py'
adding 'spacedatanetwork_astro/sds/REC/lambertTransferPath.py'
adding 'spacedatanetwork_astro/sds/REC/lambertVector3.py'
adding 'spacedatanetwork_astro/sds/REC/launchDetectionType.py'
adding 'spacedatanetwork_astro/sds/REC/launchOutcome.py'
adding 'spacedatanetwork_astro/sds/REC/legacyCountryCode.py'
adding 'spacedatanetwork_astro/sds/REC/licenseCategory.py'
adding 'spacedatanetwork_astro/sds/REC/licensingChallengeMessageType.py'
adding 'spacedatanetwork_astro/sds/REC/licensingChallengeRole.py'
adding 'spacedatanetwork_astro/sds/REC/licensingConfigMessageType.py'
adding 'spacedatanetwork_astro/sds/REC/licensingConfigRole.py'
adding 'spacedatanetwork_astro/sds/REC/licensingGrantMessageType.py'
adding 'spacedatanetwork_astro/sds/REC/licensingModuleRequestAction.py'
adding 'spacedatanetwork_astro/sds/REC/licensingProofMessageType.py'
adding 'spacedatanetwork_astro/sds/REC/licensingWrappedKeyAlgorithm.py'
adding 'spacedatanetwork_astro/sds/REC/linkCategory.py'
adding 'spacedatanetwork_astro/sds/REC/linkCondition.py'
adding 'spacedatanetwork_astro/sds/REC/listingCategory.py'
adding 'spacedatanetwork_astro/sds/REC/lunarPerturbationSource.py'
adding 'spacedatanetwork_astro/sds/REC/maintenanceType.py'
adding 'spacedatanetwork_astro/sds/REC/maneuverCharacterization.py'
adding 'spacedatanetwork_astro/sds/REC/maneuverStatus.py'
adding 'spacedatanetwork_astro/sds/REC/maneuverableFlag.py'
adding 'spacedatanetwork_astro/sds/REC/manifoldElset.py'
adding 'spacedatanetwork_astro/sds/REC/manifoldStatus.py'
adding 'spacedatanetwork_astro/sds/REC/massCategory.py'
adding 'spacedatanetwork_astro/sds/REC/mdpDsmMode.py'
adding 'spacedatanetwork_astro/sds/REC/mdpTransferDirection.py'
adding 'spacedatanetwork_astro/sds/REC/meanElementSource.py'
adding 'spacedatanetwork_astro/sds/REC/memEditingAction.py'
adding 'spacedatanetwork_astro/sds/REC/memEditingReason.py'
adding 'spacedatanetwork_astro/sds/REC/memIonosphereModel.py'
adding 'spacedatanetwork_astro/sds/REC/memMeasurementType.py'
adding 'spacedatanetwork_astro/sds/REC/memTroposphereModel.py'
adding 'spacedatanetwork_astro/sds/REC/memoBindingScheme.py'
adding 'spacedatanetwork_astro/sds/REC/missileEnvironment.py'
adding 'spacedatanetwork_astro/sds/REC/missileStatus.py'
adding 'spacedatanetwork_astro/sds/REC/mnvOrbitalState.py'
adding 'spacedatanetwork_astro/sds/REC/mtiStandard.py'
adding 'spacedatanetwork_astro/sds/REC/ncdContainerFormat.py'
adding 'spacedatanetwork_astro/sds/REC/ndsIngestEventKind.py'
adding 'spacedatanetwork_astro/sds/REC/ndsPublisherRung.py'
adding 'spacedatanetwork_astro/sds/REC/numDiscretizeRoundDirection.py'
adding 'spacedatanetwork_astro/sds/REC/numFunctionCode.py'
adding 'spacedatanetwork_astro/sds/REC/numOperationCode.py'
adding 'spacedatanetwork_astro/sds/REC/numResultStatus.py'
adding 'spacedatanetwork_astro/sds/REC/odMethod.py'
adding 'spacedatanetwork_astro/sds/REC/odSensorContribution.py'
adding 'spacedatanetwork_astro/sds/REC/odrConvergenceReason.py'
adding 'spacedatanetwork_astro/sds/REC/odrEstimatorKind.py'
adding 'spacedatanetwork_astro/sds/REC/odrParameterDisposition.py'
adding 'spacedatanetwork_astro/sds/REC/odrProcessNoiseKind.py'
adding 'spacedatanetwork_astro/sds/REC/ooiPriority.py'
adding 'spacedatanetwork_astro/sds/REC/ooiStatus.py'
adding 'spacedatanetwork_astro/sds/REC/operationalState.py'
adding 'spacedatanetwork_astro/sds/REC/oppDeterminationMethod.py'
adding 'spacedatanetwork_astro/sds/REC/oppMaterialClass.py'
adding 'spacedatanetwork_astro/sds/REC/oppRcsAspect.py'
adding 'spacedatanetwork_astro/sds/REC/oppSurfaceKind.py'
adding 'spacedatanetwork_astro/sds/REC/orbitObjectType.py'
adding 'spacedatanetwork_astro/sds/REC/orbitRegime.py'
adding 'spacedatanetwork_astro/sds/REC/packetCompressionAlgorithm.py'
adding 'spacedatanetwork_astro/sds/REC/packetKind.py'
adding 'spacedatanetwork_astro/sds/REC/papArrayGeometry.py'
adding 'spacedatanetwork_astro/sds/REC/papGainCutAxis.py'
adding 'spacedatanetwork_astro/sds/REC/papTaperFamily.py'
adding 'spacedatanetwork_astro/sds/REC/payloadWireFormat.py'
adding 'spacedatanetwork_astro/sds/REC/paymentMethod.py'
adding 'spacedatanetwork_astro/sds/REC/pceAvailability.py'
adding 'spacedatanetwork_astro/sds/REC/pceConditionDirection.py'
adding 'spacedatanetwork_astro/sds/REC/pceDataType.py'
adding 'spacedatanetwork_astro/sds/REC/pceFrameDependency.py'
adding 'spacedatanetwork_astro/sds/REC/pceOwnerClass.py'
adding 'spacedatanetwork_astro/sds/REC/pceParameter.py'
adding 'spacedatanetwork_astro/sds/REC/pcePropagationDirection.py'
adding 'spacedatanetwork_astro/sds/REC/pceResultStatus.py'
adding 'spacedatanetwork_astro/sds/REC/pceUnit.py'
adding 'spacedatanetwork_astro/sds/REC/pduKind.py'
adding 'spacedatanetwork_astro/sds/REC/peerGroupTrustCategory.py'
adding 'spacedatanetwork_astro/sds/REC/peerRegistryTrustCategory.py'
adding 'spacedatanetwork_astro/sds/REC/perturbationStatus.py'
adding 'spacedatanetwork_astro/sds/REC/pivStatus.py'
adding 'spacedatanetwork_astro/sds/REC/pluginCategory.py'
adding 'spacedatanetwork_astro/sds/REC/pmmAccessPolicy.py'
adding 'spacedatanetwork_astro/sds/REC/pmmEntryState.py'
adding 'spacedatanetwork_astro/sds/REC/pmmTrustTier.py'
adding 'spacedatanetwork_astro/sds/REC/pnlTrackingMode.py'
adding 'spacedatanetwork_astro/sds/REC/polynomialBasisType.py'
adding 'spacedatanetwork_astro/sds/REC/ppeAnomalyType.py'
adding 'spacedatanetwork_astro/sds/REC/propagatorConfig.py'
adding 'spacedatanetwork_astro/sds/REC/propagatorErrorCode.py'
adding 'spacedatanetwork_astro/sds/REC/propagatorFamily.py'
adding 'spacedatanetwork_astro/sds/REC/propagatorStateFlags.py'
adding 'spacedatanetwork_astro/sds/REC/prwSourceKind.py'
adding 'spacedatanetwork_astro/sds/REC/pssSolutionStatus.py'
adding 'spacedatanetwork_astro/sds/REC/publicationAssetKind.py'
adding 'spacedatanetwork_astro/sds/REC/publicationState.py'
adding 'spacedatanetwork_astro/sds/REC/purchaseLifecycleStatus.py'
adding 'spacedatanetwork_astro/sds/REC/purchaseTier.py'
adding 'spacedatanetwork_astro/sds/REC/qrpFilterOp.py'
adding 'spacedatanetwork_astro/sds/REC/qrpKind.py'
adding 'spacedatanetwork_astro/sds/REC/qrpStatus.py'
adding 'spacedatanetwork_astro/sds/REC/radarObsType.py'
adding 'spacedatanetwork_astro/sds/REC/rafPduType.py'
adding 'spacedatanetwork_astro/sds/REC/rbkEulerSequenceCode.py'
adding 'spacedatanetwork_astro/sds/REC/rbkOperationCode.py'
adding 'spacedatanetwork_astro/sds/REC/rbkResultStatus.py'
adding 'spacedatanetwork_astro/sds/REC/rcfPduType.py'
adding 'spacedatanetwork_astro/sds/REC/recurringChargeMethod.py'
adding 'spacedatanetwork_astro/sds/REC/reentryDisposition.py'
adding 'spacedatanetwork_astro/sds/REC/reentryImpact.py'
adding 'spacedatanetwork_astro/sds/REC/reentryReason.py'
adding 'spacedatanetwork_astro/sds/REC/reentryStateVector.py'
adding 'spacedatanetwork_astro/sds/REC/remBreakupMode.py'
adding 'spacedatanetwork_astro/sds/REC/remEvaluationOutcome.py'
adding 'spacedatanetwork_astro/sds/REC/remFragmentEvaluation.py'
adding 'spacedatanetwork_astro/sds/REC/resonanceSource.py'
adding 'spacedatanetwork_astro/sds/REC/reviewLifecycleStatus.py'
adding 'spacedatanetwork_astro/sds/REC/rfBandDesignation.py'
adding 'spacedatanetwork_astro/sds/REC/rfDetectionStatus.py'
adding 'spacedatanetwork_astro/sds/REC/rfEmitterDetail.py'
adding 'spacedatanetwork_astro/sds/REC/rfObsType.py'
adding 'spacedatanetwork_astro/sds/REC/rfPolarization.py'
adding 'spacedatanetwork_astro/sds/REC/rfTransmitterState.py'
adding 'spacedatanetwork_astro/sds/REC/rfeEmissionMaskClass.py'
adding 'spacedatanetwork_astro/sds/REC/rfeEmissionPath.py'
adding 'spacedatanetwork_astro/sds/REC/rflAccessState.py'
adding 'spacedatanetwork_astro/sds/REC/rflBudgetTerm.py'
adding 'spacedatanetwork_astro/sds/REC/rflComparison.py'
adding 'spacedatanetwork_astro/sds/REC/rflConstraint.py'
adding 'spacedatanetwork_astro/sds/REC/rflEndpointKind.py'
adding 'spacedatanetwork_astro/sds/REC/rflLinkKind.py'
adding 'spacedatanetwork_astro/sds/REC/rflMethod.py'
adding 'spacedatanetwork_astro/sds/REC/rflObstacleInteraction.py'
adding 'spacedatanetwork_astro/sds/REC/rfmAxisType.py'
adding 'spacedatanetwork_astro/sds/REC/rfmLibrationPoint.py'
adding 'spacedatanetwork_astro/sds/REC/rfmOriginKind.py'
adding 'spacedatanetwork_astro/sds/REC/rfmVectorSpecification.py'
adding 'spacedatanetwork_astro/sds/REC/rfsAnalyticShape.py'
adding 'spacedatanetwork_astro/sds/REC/rfsGeometryKind.py'
adding 'spacedatanetwork_astro/sds/REC/rfsIncidencePolarization.py'
adding 'spacedatanetwork_astro/sds/REC/rfsMaterialClass.py'
adding 'spacedatanetwork_astro/sds/REC/rfsPropertyMethod.py'
adding 'spacedatanetwork_astro/sds/REC/rfsScatteringClass.py'
adding 'spacedatanetwork_astro/sds/REC/rsdIntegrationStrategy.py'
adding 'spacedatanetwork_astro/sds/REC/rsdTargetFluctuation.py'
adding 'spacedatanetwork_astro/sds/REC/rsdThresholdStrategy.py'
adding 'spacedatanetwork_astro/sds/REC/rsdWaveformClass.py'
adding 'spacedatanetwork_astro/sds/REC/sarMission.py'
adding 'spacedatanetwork_astro/sds/REC/sarPolarization.py'
adding 'spacedatanetwork_astro/sds/REC/sbmEventType.py'
adding 'spacedatanetwork_astro/sds/REC/sbmFragment.py'
adding 'spacedatanetwork_astro/sds/REC/sbmFragmentOrigin.py'
adding 'spacedatanetwork_astro/sds/REC/sbmObjectClass.py'
adding 'spacedatanetwork_astro/sds/REC/scenarioActionCode.py'
adding 'spacedatanetwork_astro/sds/REC/scenarioReferenceKind.py'
adding 'spacedatanetwork_astro/sds/REC/screeningVolumeShape.py'
adding 'spacedatanetwork_astro/sds/REC/scvAnalysisMode.py'
adding 'spacedatanetwork_astro/sds/REC/scvBodyKind.py'
adding 'spacedatanetwork_astro/sds/REC/scvCoordinateFrame.py'
adding 'spacedatanetwork_astro/sds/REC/scvEnvelopeKind.py'
adding 'spacedatanetwork_astro/sds/REC/scvGeometryDomain.py'
adding 'spacedatanetwork_astro/sds/REC/scvGeometryEncoding.py'
adding 'spacedatanetwork_astro/sds/REC/scvMetricSeriesKind.py'
adding 'spacedatanetwork_astro/sds/REC/scvRasterProductEncoding.py'
adding 'spacedatanetwork_astro/sds/REC/scvRasterProductKind.py'
adding 'spacedatanetwork_astro/sds/REC/scvResultState.py'
adding 'spacedatanetwork_astro/sds/REC/scvSensorAxisConvention.py'
adding 'spacedatanetwork_astro/sds/REC/scvSensorRangeBoundaryKind.py'
adding 'spacedatanetwork_astro/sds/REC/scvSensorShapeKind.py'
adding 'spacedatanetwork_astro/sds/REC/scvTargetShape.py'
adding 'spacedatanetwork_astro/sds/REC/sdfOperation.py'
adding 'spacedatanetwork_astro/sds/REC/sdfPrimitive.py'
adding 'spacedatanetwork_astro/sds/REC/sdfResult.py'
adding 'spacedatanetwork_astro/sds/REC/sdfTimeRangeResult.py'
adding 'spacedatanetwork_astro/sds/REC/sensorCategory.py'
adding 'spacedatanetwork_astro/sds/REC/sensorMaintenanceEvent.py'
adding 'spacedatanetwork_astro/sds/REC/sensorOperationalFlags.py'
adding 'spacedatanetwork_astro/sds/REC/sensorPlan.py'
adding 'spacedatanetwork_astro/sds/REC/sensorStats.py'
adding 'spacedatanetwork_astro/sds/REC/sensorStatus.py'
adding 'spacedatanetwork_astro/sds/REC/seoDataType.py'
adding 'spacedatanetwork_astro/sds/REC/seoObservatoryType.py'
adding 'spacedatanetwork_astro/sds/REC/seoParticleType.py'
adding 'spacedatanetwork_astro/sds/REC/settlementMechanism.py'
adding 'spacedatanetwork_astro/sds/REC/shaderHookPoint.py'
adding 'spacedatanetwork_astro/sds/REC/shaderUniformType.py'
adding 'spacedatanetwork_astro/sds/REC/shcNormalization.py'
adding 'spacedatanetwork_astro/sds/REC/shcTideSystem.py'
adding 'spacedatanetwork_astro/sds/REC/shortestPathAlgorithm.py'
adding 'spacedatanetwork_astro/sds/REC/signalModulation.py'
adding 'spacedatanetwork_astro/sds/REC/sizeShapeProfile.py'
adding 'spacedatanetwork_astro/sds/REC/slpAlgorithm.py'
adding 'spacedatanetwork_astro/sds/REC/slpConstraintRelation.py'
adding 'spacedatanetwork_astro/sds/REC/slpDifferenceMode.py'
adding 'spacedatanetwork_astro/sds/REC/slpObjectiveDirection.py'
adding 'spacedatanetwork_astro/sds/REC/slpProblemKind.py'
adding 'spacedatanetwork_astro/sds/REC/slpSolveStatus.py'
adding 'spacedatanetwork_astro/sds/REC/snwErrorCode.py'
adding 'spacedatanetwork_astro/sds/REC/soiCalibrationType.py'
adding 'spacedatanetwork_astro/sds/REC/soiCollectionMode.py'
adding 'spacedatanetwork_astro/sds/REC/soiObsType.py'
adding 'spacedatanetwork_astro/sds/REC/solarPerturbationSource.py'
adding 'spacedatanetwork_astro/sds/REC/solarRadiationPressureModel.py'
adding 'spacedatanetwork_astro/sds/REC/spaceObjectClass.py'
adding 'spacedatanetwork_astro/sds/REC/splitRole.py'
adding 'spacedatanetwork_astro/sds/REC/stateRequestKind.py'
adding 'spacedatanetwork_astro/sds/REC/stfRetentionPolicy.py'
adding 'spacedatanetwork_astro/sds/REC/stxContentClass.py'
adding 'spacedatanetwork_astro/sds/REC/stxDayMask.py'
adding 'spacedatanetwork_astro/sds/REC/stxScheduleAuthorityClass.py'
adding 'spacedatanetwork_astro/sds/REC/stxScheduleStatus.py'
adding 'spacedatanetwork_astro/sds/REC/subscriptionLifecycleStatus.py'
adding 'spacedatanetwork_astro/sds/REC/survivingDebris.py'
adding 'spacedatanetwork_astro/sds/REC/targetState.py'
adding 'spacedatanetwork_astro/sds/REC/tbsMergeMethod.py'
adding 'spacedatanetwork_astro/sds/REC/tbsRadioClass.py'
adding 'spacedatanetwork_astro/sds/REC/tctBasin.py'
adding 'spacedatanetwork_astro/sds/REC/tctIntensityCategory.py'
adding 'spacedatanetwork_astro/sds/REC/tctTrackKind.py'
adding 'spacedatanetwork_astro/sds/REC/tctTrackOrigin.py'
adding 'spacedatanetwork_astro/sds/REC/tfnFacilityType.py'
adding 'spacedatanetwork_astro/sds/REC/tfnSurfaceKind.py'
adding 'spacedatanetwork_astro/sds/REC/thrusterType.py'
adding 'spacedatanetwork_astro/sds/REC/timCcsdsTimeCodeKind.py'
adding 'spacedatanetwork_astro/sds/REC/timConversionStatus.py'
adding 'spacedatanetwork_astro/sds/REC/timEpochRepresentation.py'
adding 'spacedatanetwork_astro/sds/REC/timingStandard.py'
adding 'spacedatanetwork_astro/sds/REC/trackEnvironment.py'
adding 'spacedatanetwork_astro/sds/REC/trajectoryType.py'
adding 'spacedatanetwork_astro/sds/REC/transmissionClass.py'
adding 'spacedatanetwork_astro/sds/REC/trhHardwareKind.py'
adding 'spacedatanetwork_astro/sds/REC/trhTurnaroundMode.py'
adding 'spacedatanetwork_astro/sds/REC/troughType.py'
adding 'spacedatanetwork_astro/sds/REC/trpCombinator.py'
adding 'spacedatanetwork_astro/sds/REC/trpPredicateKind.py'
adding 'spacedatanetwork_astro/sds/REC/trsPathClass.py'
adding 'spacedatanetwork_astro/sds/REC/trsPropagationModel.py'
adding 'spacedatanetwork_astro/sds/REC/trsResultStatus.py'
adding 'spacedatanetwork_astro/sds/REC/trsSolverTier.py'
adding 'spacedatanetwork_astro/sds/REC/txsMergeMethod.py'
adding 'spacedatanetwork_astro/sds/REC/txsModulationClass.py'
adding 'spacedatanetwork_astro/sds/REC/txsOperationalStatus.py'
adding 'spacedatanetwork_astro/sds/REC/txsPolarization.py'
adding 'spacedatanetwork_astro/sds/REC/txsPositionAuthorityClass.py'
adding 'spacedatanetwork_astro/sds/REC/txsServiceClass.py'
adding 'spacedatanetwork_astro/sds/REC/txsStructureClass.py'
adding 'spacedatanetwork_astro/sds/REC/uvwSigmas.py'
adding 'spacedatanetwork_astro/sds/REC/vcfAliasKind.py'
adding 'spacedatanetwork_astro/sds/REC/vcfCardForm.py'
adding 'spacedatanetwork_astro/sds/REC/vcfLineEnding.py'
adding 'spacedatanetwork_astro/sds/REC/vcfPhotoPolicy.py'
adding 'spacedatanetwork_astro/sds/REC/vepEnergyType.py'
adding 'spacedatanetwork_astro/sds/REC/vepInterpolation.py'
adding 'spacedatanetwork_astro/sds/REC/vepRegime.py'
adding 'spacedatanetwork_astro/sds/REC/viewerCameraFrameMode.py'
adding 'spacedatanetwork_astro/sds/REC/viewerMapMode.py'
adding 'spacedatanetwork_astro/sds/REC/viewerSatelliteAlignmentMode.py'
adding 'spacedatanetwork_astro/sds/REC/visualAssetDecisionKind.py'
adding 'spacedatanetwork_astro/sds/REC/visualAssetLicenseClass.py'
adding 'spacedatanetwork_astro/sds/REC/visualAssetPermissionDecision.py'
adding 'spacedatanetwork_astro/sds/REC/visualAssetReviewState.py'
adding 'spacedatanetwork_astro/sds/REC/visualAssetReviewerRole.py'
adding 'spacedatanetwork_astro/sds/REC/visualAssetUpAxis.py'
adding 'spacedatanetwork_astro/sds/REC/visualAssetVariantKind.py'
adding 'spacedatanetwork_astro/sds/REC/weightedEdge.py'
adding 'spacedatanetwork_astro/sds/REC/wxfGridKind.py'
adding 'spacedatanetwork_astro/sds/REC/wxfLevelKind.py'
adding 'spacedatanetwork_astro/sds/REC/wxfLicenseClass.py'
adding 'spacedatanetwork_astro/sds/REC/wxfMemberKind.py'
adding 'spacedatanetwork_astro/sds/REC/wxfModelClass.py'
adding 'spacedatanetwork_astro/sds/REC/wxfTemporalKind.py'
adding 'spacedatanetwork_astro/sds/REC/wxfTimeBasis.py'
adding 'spacedatanetwork_astro/sds/REC/wxfValuesEncoding.py'
adding 'spacedatanetwork_astro/sds/REC/wxfVariable.py'
adding 'spacedatanetwork_astro/sds/REC/zonalHarmonic.py'
adding 'spacedatanetwork_astro/sds/RFM/CelestialFrame.py'
adding 'spacedatanetwork_astro/sds/RFM/CelestialFrameWrapper.py'
adding 'spacedatanetwork_astro/sds/RFM/CustomFrame.py'
adding 'spacedatanetwork_astro/sds/RFM/CustomFrameWrapper.py'
adding 'spacedatanetwork_astro/sds/RFM/OrbitFrame.py'
adding 'spacedatanetwork_astro/sds/RFM/OrbitFrameWrapper.py'
adding 'spacedatanetwork_astro/sds/RFM/RFM.py'
adding 'spacedatanetwork_astro/sds/RFM/RFMCoordinateSystem.py'
adding 'spacedatanetwork_astro/sds/RFM/RFMCoordinateSystemWrapper.py'
adding 'spacedatanetwork_astro/sds/RFM/RFMLocalAlignedConstrainedAxes.py'
adding 'spacedatanetwork_astro/sds/RFM/RFMObjectReferencedAxes.py'
adding 'spacedatanetwork_astro/sds/RFM/RFMOrigin.py'
adding 'spacedatanetwork_astro/sds/RFM/RFMUnion.py'
adding 'spacedatanetwork_astro/sds/RFM/SpacecraftFrame.py'
adding 'spacedatanetwork_astro/sds/RFM/SpacecraftFrameWrapper.py'
adding 'spacedatanetwork_astro/sds/RFM/__init__.py'
adding 'spacedatanetwork_astro/sds/RFM/rfmAxisType.py'
adding 'spacedatanetwork_astro/sds/RFM/rfmLibrationPoint.py'
adding 'spacedatanetwork_astro/sds/RFM/rfmOriginKind.py'
adding 'spacedatanetwork_astro/sds/RFM/rfmVectorSpecification.py'
adding 'spacedatanetwork_astro/sds/TAB/FlatBufferTypeRef.py'
adding 'spacedatanetwork_astro/sds/TAB/TAB.py'
adding 'spacedatanetwork_astro/sds/TAB/__init__.py'
adding 'spacedatanetwork_astro/sds/TAB/bufferMutability.py'
adding 'spacedatanetwork_astro/sds/TAB/bufferOwnership.py'
adding 'spacedatanetwork_astro/sds/TAB/payloadWireFormat.py'
adding 'spacedatanetwork_astro/sds/TDM/CelestialFrame.py'
adding 'spacedatanetwork_astro/sds/TDM/CelestialFrameWrapper.py'
adding 'spacedatanetwork_astro/sds/TDM/CustomFrame.py'
adding 'spacedatanetwork_astro/sds/TDM/CustomFrameWrapper.py'
adding 'spacedatanetwork_astro/sds/TDM/OrbitFrame.py'
adding 'spacedatanetwork_astro/sds/TDM/OrbitFrameWrapper.py'
adding 'spacedatanetwork_astro/sds/TDM/RFM.py'
adding 'spacedatanetwork_astro/sds/TDM/RFMCoordinateSystem.py'
adding 'spacedatanetwork_astro/sds/TDM/RFMCoordinateSystemWrapper.py'
adding 'spacedatanetwork_astro/sds/TDM/RFMLocalAlignedConstrainedAxes.py'
adding 'spacedatanetwork_astro/sds/TDM/RFMObjectReferencedAxes.py'
adding 'spacedatanetwork_astro/sds/TDM/RFMOrigin.py'
adding 'spacedatanetwork_astro/sds/TDM/RFMUnion.py'
adding 'spacedatanetwork_astro/sds/TDM/SpacecraftFrame.py'
adding 'spacedatanetwork_astro/sds/TDM/SpacecraftFrameWrapper.py'
adding 'spacedatanetwork_astro/sds/TDM/TDM.py'
adding 'spacedatanetwork_astro/sds/TDM/TDMObservation.py'
adding 'spacedatanetwork_astro/sds/TDM/TDMSegment.py'
adding 'spacedatanetwork_astro/sds/TDM/TDMTransmitRamp.py'
adding 'spacedatanetwork_astro/sds/TDM/__init__.py'
adding 'spacedatanetwork_astro/sds/TDM/rfmAxisType.py'
adding 'spacedatanetwork_astro/sds/TDM/rfmLibrationPoint.py'
adding 'spacedatanetwork_astro/sds/TDM/rfmOriginKind.py'
adding 'spacedatanetwork_astro/sds/TDM/rfmVectorSpecification.py'
adding 'spacedatanetwork_astro/sds/TIM/TIM.py'
adding 'spacedatanetwork_astro/sds/TIM/TIMCcsdsTimeCode.py'
adding 'spacedatanetwork_astro/sds/TIM/TIMConversionRequest.py'
adding 'spacedatanetwork_astro/sds/TIM/TIMConversionResult.py'
adding 'spacedatanetwork_astro/sds/TIM/TIMInstant.py'
adding 'spacedatanetwork_astro/sds/TIM/__init__.py'
adding 'spacedatanetwork_astro/sds/TIM/timCcsdsTimeCodeKind.py'
adding 'spacedatanetwork_astro/sds/TIM/timConversionStatus.py'
adding 'spacedatanetwork_astro/sds/TIM/timEpochRepresentation.py'
adding 'spacedatanetwork_astro/sds/TIM/timingStandard.py'
adding 'spacedatanetwork_astro/sds/TRH/TRH.py'
adding 'spacedatanetwork_astro/sds/TRH/TRHAntenna.py'
adding 'spacedatanetwork_astro/sds/TRH/TRHAttestation.py'
adding 'spacedatanetwork_astro/sds/TRH/TRHHardwareRef.py'
adding 'spacedatanetwork_astro/sds/TRH/TRHInstallation.py'
adding 'spacedatanetwork_astro/sds/TRH/TRHReceiver.py'
adding 'spacedatanetwork_astro/sds/TRH/TRHTransmitter.py'
adding 'spacedatanetwork_astro/sds/TRH/TRHTransponder.py'
adding 'spacedatanetwork_astro/sds/TRH/__init__.py'
adding 'spacedatanetwork_astro/sds/TRH/trhHardwareKind.py'
adding 'spacedatanetwork_astro/sds/TRH/trhTurnaroundMode.py'
adding 'spacedatanetwork_astro-0.1.0.dev0+modules.e4612363998b.af1dde329812d.dist-info/METADATA'
adding 'spacedatanetwork_astro-0.1.0.dev0+modules.e4612363998b.af1dde329812d.dist-info/WHEEL'
adding 'spacedatanetwork_astro-0.1.0.dev0+modules.e4612363998b.af1dde329812d.dist-info/entry_points.txt'
adding 'spacedatanetwork_astro-0.1.0.dev0+modules.e4612363998b.af1dde329812d.dist-info/top_level.txt'
adding 'spacedatanetwork_astro-0.1.0.dev0+modules.e4612363998b.af1dde329812d.dist-info/RECORD'
removing build/bdist.macosx-26.0-arm64/wheel
Successfully built spacedatanetwork_astro-0.1.0.dev0+modules.e4612363998b.af1dde329812d-py3-none-macosx_11_0_arm64.whl
